word	word_meaning	word_pinyin	sentence	sentence_pinyin	sentence_meaning
			你好。		Hi.
			你用跑的。		Run.
			火啊！		Fire!
			待著。		Stay.
			且慢。		Stay.
			住手！		Stop!
			等等！		Wait!
			等一下！		Wait!
			开始！		Begin.
			開打。		Fight.
			我试试。		I try.
			我赢了。		I won!
			不会吧。		Oh no!
			知道了没有？		Got it?
			懂了吗？		Got it?
			你懂了吗？		Got it?
			他跑了。		He ran.
			跳进来。		Hop in.
			我知道。		I know.
			我退出。		I quit.
			我不干了。		I quit.
			我已经起来了。		I'm up.
			听着。		Listen.
			不可能！		No way!
			没门！		No way!
			真的？		Really?
			你确定？		Really?
			谢谢！		Thanks!
			试试吧。		Try it.
			我们来试试。		We try.
			为什么是我？		Why me?
			去问汤姆。		Ask Tom.
			好棒！		Awesome!
			太棒了		Awesome.
			冷静点。		Be calm.
			公平点。		Be fair.
			友善点。		Be kind.
			友好點。		Be kind.
			和气点。		Be nice.
			联系我。		Call me.
			联系我们。		Call us.
			进来。		Come in.
			进来		Come in.
			找到汤姆。		Get Tom.
			出去！		Get out!
			走開！		Go away!
			回家。		Go home.
			回家吧。		Go home.
			再见！		Goodbye!
			告辞！		Goodbye!
			坚持。		Hang on!
			他来了。		He came.
			他跑。		He runs.
			帮我一下。		Help me.
			帮帮我们吧！		Help us.
			去打汤姆。		Hit Tom.
			抱抱汤姆！		Hug Tom.
			请抱紧汤姆。		Hug Tom.
			我同意。		I agree.
			我觉得很热。		I'm hot.
			我生病了。		I'm ill.
			我很难过。		I'm sad.
			我很害羞。		I'm shy.
			没关系。		It's OK.
			是我。		It's me.
			来加入我们吧。		Join us.
			留着吧。		Keep it.
			吻我。		Kiss me.
			繼續前進。		Move on.
			完美！		Perfect!
			閉嘴！		Shut up!
			不管它。		Skip it.
			拿走吧。		Take it.
			告诉我！		Tell me.
			汤姆胜利了。		Tom won.
			醒醒！		Wake up!
			去清洗一下。		Wash up.
			我们知道。		We know.
			欢迎。		Welcome.
			谁赢了？		Who won?
			为什么不？		Why not?
			你跑。		You run.
			算你狠。		You win.
			往后退点。		Back off!
			后退！		Back off!
			静静的，别动。		Be still.
			我一无所知。		Beats me.
			把他铐上。		Cuff him.
			穿上衣服。		Dress up.
			往前开。		Drive on.
			趴下！		Get down!
			醒醒吧。		Get real.
			做得好！		Good job!
			干的好！		Good job!
			抓住汤姆。		Grab Tom.
			抓住他。		Grab him.
			玩得開心。		Have fun.
			他来试试。		He tries.
			多可爱啊！		How cute!
			真可爱！		How cute!
			你就随了我的意吧。		Humor me.
			快点！		Hurry up.
			快点。		Hurry up.
			我做到了！		I did it.
			我忘了。		I forgot.
			我放弃。		I resign.
			我回来了！		I'm back.
			我很忙。		I'm busy.
			我冷。		I'm cold.
			我很酷。		I'm cool.
			我很好。		I'm fine.
			我自由了！		I'm free!
			我吃飽了。		I'm full.
			我在家裡。		I'm home.
			我迷失了。		I'm lost.
			我病了。		I'm sick.
			我个子高。		I'm tall.
			让我一个人呆会儿。		Leave me.
			走吧。		Let's go!
			当心！		Look out!
			不可理喻		Nonsense!
			屁话！		Nonsense!
			她跑。		She runs.
			请坐。		Sit down.
			起立。		Stand up.
			很棒！		Terrific!
			他们赢了。		They won.
			汤姆去世了。		Tom died.
			汤姆说谎了。		Tom lied.
			汤姆输了。		Tom lost.
			汤姆不干了。		Tom quit.
			汤姆游泳了。		Tom swam.
			相信我。		Trust me.
			努力。		Try hard.
			试试这个。		Try this.
			请用这个。		Use this.
			看着我		Watch me.
			谁死了？		Who died?
			他是誰？		Who's he?
			我死了吗？		Am I dead?
			回答我。		Answer me.
			道歉。		Apologize.
			快點開始。		Begin now.
			立即開始。		Begin now.
			打电话回家！		Call home!
			狗会叫。		Dogs bark.
			别哭。		Don't cry.
			对不起。		Excuse me.
			来感受一下这个。		Feel this.
			请跟我来。		Follow me.
			跟我走。		Follow me.
			请跟着我们。		Follow us.
			算了。		Forget it.
			進到裡面去。		Go inside.
			祝你好运。		Good luck.
			晚安。		Goodnight.
			抓住那个。		Grab that.
			抓住这个。		Grab this.
			您好。		Greetings.
			别碰！		Hands off.
			他很忙。		He's busy.
			他很懒。		He's lazy.
			停火。		Hold fire.
			太可怕了。		How awful!
			真奇怪。		How weird!
			多怪啊！		How weird!
			我拍手。		I clapped.
			我了解你。		I get you.
			我希望如此。		I hope so.
			我笑了。		I laughed.
			我向你保证。		I promise.
			我害羞。		I was shy.
			我要游泳。		I'll swim.
			我是个男人。		I'm a man.
			我疯了。		I'm crazy.
			我是第一。		I'm first.
			我运气很好。		I'm lucky.
			我很清醒。		I'm sober.
			我很抱歉。		I'm sorry.
			我很累。		I'm tired.
			我還年輕。		I'm young.
			不放在眼裡。		Ignore it.
			是你吗？		Is it you?
			下了雨。		It rained.
			下雪了。		It snowed.
			现在是七点四十五分。		It's 7:45.
			天很冷。		It's cold.
			它是食物。		It's food.
			它是免費的。		It's free.
			很晚了。		It's late.
			是我的。		It's mine.
			這是真的。		It's true.
			放開我！		Let me go!
			让我进去。		Let me in.
			躺着不动。		Lie still.
			回头看！		Look back!
			腾一下地方。		Move over.
			当然哪！		Of course!
			当然是的。		Of course.
			当然了。		Of course.
			开火！		Open fire!
			念这个。		Read this.
			参见上文。		See above.
			认真的？		Seriously?
			她哭了。		She cried.
			她试过了。		She tried.
			她在行走。		She walks.
			耐心等着。		Sit tight.
			慢一點。		Slow down.
			馬上開始。		Start now.
			保持冷靜。		Stay calm.
			趴着！		Stay down!
			待在家裡。		Stay home.
			住手。		Stop that!
			照顾好自己。		Take care!
			保重。		Take care.
			拿我的。		Take mine.
			谢谢。		Thank you.
			他们离开了。		They left.
			时间到了。		Time's up.
			汤姆睡了。		Tom slept.
			汤姆挥手了。		Tom waved.
			再試一次。		Try again.
			再试一下。		Try again.
			向左转。		Turn left.
			在这等着。		Wait here.
			爱谁谁。		Who cares?
			谁知道？		Who knows?
			汤姆是谁？		Who's Tom?
			她是谁？		Who's she?
			做更多工作。		Work more.
			蠢货！		You idiot!
			你身上发臭了。		You stink.
			请上船！		All aboard!
			要守时！		Be on time.
			開始工作。		Begin work.
			必须的！		Definitely!
			别动！		Don't move!
			不要动。		Don't move.
			不要等待！		Don't wait.
			跟著他走。		Follow him.
			去洗洗吧。		Go wash up.
			上帝存在。		God exists.
			有信念。		Have faith.
			他很凶。		He is mean.
			他很穷。		He is poor.
			他高。		He is tall.
			他笑了。		He laughed.
			你好，汤姆。		Hello, Tom.
			嘿，放松点。		Hey, relax.
			工作怎么样？		How's work?
			赶快回家。		Hurry home.
			我个头矮。		I am short.
			我会做饭。		I can cook.
			我不能走。		I can't go.
			我走不了。		I can't go.
			我嚼口香糖。		I chew gum.
			我在這裡吃。		I eat here.
			我嫉妒她。		I envy her.
			我羡慕他。		I envy him.
			我恨你。		I hate you.
			我聽到了。		I heard it.
			我认识汤姆。		I know Tom.
			我認識他。		I know him.
			我喜欢茶。		I like tea.
			我喜欢你。		I like you.
			我喜欢你！		I like you.
			我爱您。		I love you.
			我想念他。		I miss him.
			我想你。		I miss you.
			我想念你。		I miss you.
			我需要你。		I need you.
			我答应了。		I promised.
			我使用这个。		I use this.
			我想要你。		I want you.
			我是个女人。		I'm a lady.
			我是位女士。		I'm a lady.
			我是个骗子。		I'm a liar.
			我买了。		I'm buying.
			我来啦。		I'm coming.
			我正在吃东西。		I'm eating.
			我更快。		I'm faster.
			我单身。		I'm single.
			我困了。		I'm sleepy.
			睏了。		I'm sleepy.
			我好胖哦。		I'm so fat.
			我十二岁了。		I'm twelve.
			别理汤姆。		Ignore Tom.
			他长得高吗？		Is he tall?
			是真的吗？		Is it true?
			真是太好了。		It's great.
			是綠色。		It's green.
			是晚上了。		It's night.
			不对。		It's wrong.
			放松点吧。		Just relax.
			保持安静！		Keep quiet!
			让他进来。		Let him in.
			让我去死。		Let me die.
			让我想一想。		Let me see.
			让我试试。		Let me try.
			让我来。		Let me try.
			让我们玩耍吧。		Let's play.
			让我们开始祈祷吧。		Let's pray.
			我们走走吧。		Let's walk.
			看那里。		Look there.
			无可奉告。		No comment.
			没问题！		No problem!
			没问题。		No problem.
			没事。		No problem.
			再一次。		Once again.
			请用座。		Please sit.
			荒唐！		Ridiculous!
			她笑了。		She smiled.
			往后站！		Stand back!
			保持警惕。		Stay sharp.
			别动。		Stay still.
			留在这里别动。		Stay there.
			让开。		Step aside.
			快一點！		Step on it!
			好好学习。		Study hard.
			真疼。		That hurts.
			奇怪。		That's odd.
			那是湿的。		That's wet.
			汤姆失败了。		Tom failed.
			汤姆生病了。		Tom is ill.
			汤姆病了。		Tom is ill.
			汤姆害羞。		Tom is shy.
			汤姆笑了。		Tom smiled.
			汤姆打哈欠了。		Tom yawned.
			向右转。		Turn right.
			我们笑了。		We laughed.
			我们失去了它。		We lost it.
			我们会做饭的。		We'll cook.
			它是什么？		What is it?
			有什么新鲜事吗？		What's new?
			我在哪裡？		Where am I?
			下一个是谁？		Who's next?
			这是谁啊？		Who's that?
			木材可燃。		Wood burns.
			您可以走了。		You can go.
			你可以去了。		You can go.
			我们完成了吗？		Are we done?
			你是汤姆吗？		Are you Tom?
			您生气了吗？		Are you mad?
			你生气了吗？		Are you mad?
			你是新来的吗？		Are you new?
			你在难过吗？		Are you sad?
			停手！		Break it up!
			我可以开始了吗？		Can I begin?
			你能看吗？		Can you see?
			汤姆赢了吗？		Did Tom win?
			按我說的做。		Do as I say.
			别笑！		Don't laugh.
			不要恐慌！		Don't panic!
			不许大叫。		Don't shout.
			不要微笑。		Don't smile.
			你不要着急。		Don't worry.
			穿衣服。		Get dressed.
			认真点。		Get serious.
			開始。		Get started.
			请看一看。		Have a look.
			这里，快抓住。		Here, catch!
			生活怎么样？		How is life?
			我也去了。		I also went.
			我上网了。		I am online.
			我不能说。		I can't say.
			我吃面包。		I eat bread.
			我觉得冷。		I feel cold.
			我感觉很好。		I feel fine.
			我有点恶心。		I feel sick.
			我感到虚弱。		I feel weak.
			我讨厌鱼。		I hate fish.
			我讨厌酒。		I hate wine.
			我有消息。		I have news.
			我有时间。		I have time.
			我有酒。		I have wine.
			我聽你的。		I heard you.
			我喜欢蓝色。		I like blue.
			我喜欢鱼。		I like fish.
			我喜欢他们。		I like them.
			我喜欢葡萄酒。		I like wine.
			我住在這。		I live here.
			我住在这里。		I live here.
			我需要胶水。		I need glue.
			我需要帮助。		I need help.
			我睡过头了。		I overslept.
			我睡過頭了。		I overslept.
			我读唇语。		I read lips.
			我聞到瓦斯味。		I smell gas.
			我信赖他。		I trust him.
			我信任他。		I trust him.
			我信任你。		I trust you.
			我想要更多。		I want more.
			我茕茕孑立，形影相吊。		I was alone.
			我搞错了。		I was wrong.
			我想错了。		I was wrong.
			我会听从指示。		I will obey.
			我在這裡工作。		I work here.
			我在家。		I'm at home.
			我很好奇。		I'm curious.
			我身体很好。		I'm healthy.
			我受伤了。		I'm injured.
			我开玩笑。		I'm kidding.
			我结婚了。		I'm married.
			我已婚。		I'm married.
			我在祈禱。		I'm praying.
			我在读书。		I'm reading.
			我很放松。		I'm relaxed.
			我是認真的。		I'm serious.
			我渴了。		I'm thirsty.
			汤姆在家里吗？		Is Tom home?
			汤姆受伤了吗？		Is Tom hurt?
			汤姆是不是身体不太好？		Is Tom sick?
			汤姆还好吧？		Is Tom well?
			他对吗？		Is he right?
			这是你的吗？		Is it yours?
			这不可能！		It can't be!
			这是一个伪造品。		It's a fake.
			春天了		It's spring.
			只要說不。		Just say no.
			继续努力。		Keep trying.
			讓我知道。		Let me know.
			我们开始吧。		Let's start.
			人生是有趣的。		Life is fun.
			四处看看。		Look around.
			午餐送到了。		Lunch is on.
			列一个列表。		Make a list.
			非常感谢！		Many thanks.
			金钱万能。		Money talks.
			好时机。		Nice timing.
			没有人来了。		No one came.
			行，你赢了。		OK, you win.
			好吧，你赢了。		OK, you win.
			好。我同意。		OK. I agree.
			请来吧。		Please come.
			请唱歌。		Please sing.
			放开他。		Release him.
			她咬了他。		She bit him.
			她打了他。		She hit him.
			一边站着。		Stand aside.
			這就是生活。		That's life.
			人生就是如此。		That's life.
			那是我的。		That's mine.
			那很棒。		That's neat.
			这很软。		That's soft.
			那是豆腐。		That's tofu.
			他们拥抱。		They hugged.
			他们亲吻了。		They kissed.
			汤姆脸红了。		Tom blushed.
			汤姆胖了。		Tom got fat.
			汤姆变胖了。		Tom got fat.
			汤姆打了个招呼。		Tom said hi.
			汤姆醉了。		Tom's drunk.
			转过来。		Turn around.
			把它关掉。		Turn it off.
			等等我。		Wait for me.
			我错了吗？		Was I wrong?
			我们可以休息。		We can rest.
			我们喜欢你们。		We like you.
			我们想要汤姆。		We want Tom.
			这游戏太棒了！		What a game!
			烦死人。		What a pain!
			太可惜了！		What a pity!
			多遗憾啊！		What a pity!
			真是太可惜了！		What a pity!
			那是什么？		What's that?
			這是什麼啊？		What's this?
			汤姆在哪儿？		Where's Tom?
			你是谁？		Who are you?
			你是誰？		Who are you?
			那是谁？		Who is that?
			誰要死了？		Who's dying?
			这是谁的？		Whose is it?
			木头会漂浮。		Wood floats.
			干活慢点。		Work slowly.
			是的，我知道。		Yes, I know.
			你作弊了。		You cheated.
			你做到了。		You made it.
			你很愚蠢。		You're dumb.
			你在这里。		You're here.
			你是我的。		You're mine.
			你是安全的。		You're safe.
			你有病！		You're sick!
			您在忙吗？		Are you busy?
			您迷路了吗？		Are you lost?
			你迷路了吗？		Are you lost?
			你不要命啦！		Are you nuts?
			你没事吧？		Are you okay?
			你确定吗？		Are you sure?
			现实点！		Be realistic!
			带他进来。		Bring him in.
			现在给汤姆打电话。		Call Tom now.
			您会唱歌吗？		Can you sing?
			和我们一起来吧。		Come with us.
			你抽不抽烟？		Do you smoke?
			您吸烟吗？		Do you smoke?
			别伤心。		Don't be sad.
			不要害羞。		Don't be shy.
			不用麻烦了。		Don't bother.
			别来烦我。		Don't bug me.
			不要东拉西扯。		Don't ramble.
			安全地駕駛。		Drive safely.
			开车慢点。		Drive slowly.
			调查下这个。		Examine this.
			鬼魂是存在的。		Ghosts exist.
			还回去		Give it back.
			晚上好。		Good evening.
			晚上好！		Good evening.
			早上好！		Good morning.
			他生气了。		He got angry.
			他有辆车。		He has a car.
			他丢脸了。		He lost face.
			他很勇敢。		He was brave.
			他现在出去了。		He's out now.
			真烦人。		How annoying!
			真糟糕！		How horrible!
			学校怎么样？		How's school?
			我欣赏你。		I admire you.
			我几乎赢了。		I almost won.
			我是华人。		I am Chinese.
			我吃苹果了。		I ate apples.
			我吃了蘋果。		I ate apples.
			我不能留下。		I can't stay.
			我也哭了。		I cried, too.
			我无所谓。		I don't care.
			我怕死。		I fear death.
			我被抢劫了。		I got mugged.
			我處理了。		I handled it.
			我有一辆车。		I have a car.
			我有一头母牛。		I have a cow.
			我有一条狗。		I have a dog.
			我有钱。		I have money.
			我该走了。		I have to go.
			我喜欢豆子。		I like beans.
			我爱音乐。		I love music.
			我需要錢。		I need money.
			我明白了。		I understand.
			我懂。		I understand.
			我要箱子。		I want a box.
			我想要一隻狗。		I want a dog.
			我想要个抱抱。		I want a hug.
			我要告你。		I'll sue you.
			我是跑堂。		I'm a waiter.
			我是服务员。		I'm a waiter.
			我是服务生。		I'm a waiter.
			我洗耳恭聽。		I'm all ears.
			我在流血。		I'm bleeding.
			我有糖尿病。		I'm diabetic.
			我肚子饿极了。		I'm famished.
			已经没事了。		I'm fine now.
			我现在有空了。		I'm free now.
			我冻死了。		I'm freezing.
			我是清白的。		I'm innocent.
			我没在忙。		I'm not busy.
			我不懒。		I'm not lazy.
			我没生病。		I'm not sick.
			我不确定。		I'm not sure.
			我身体不适。		I'm not well.
			我怀孕了。		I'm pregnant.
			我改过自新了。		I'm reformed.
			我好高興。		I'm so happy.
			我太高兴了。		I'm so happy.
			我好累。		I'm so tired!
			我好累啊。		I'm so tired!
			我是最好的。		I'm the best.
			我最棒。		I'm the best.
			这是我的错。		I'm to blame.
			我見過。		I've seen it.
			想法很重要。		Ideas matter.
			周一可以吗？		Is Monday OK?
			汤姆喝醉了吗？		Is Tom drunk?
			汤姆在吗？		Is Tom there?
			这是不是豆腐？		Is this tofu?
			太神奇了。		It's amazing.
			睡觉时间到了。		It's bedtime.
			很明顯。		It's obvious.
			下雨了。		It's raining.
			在下雨。		It's raining.
			正在下雪。		It's snowing.
			太难了。		It's so hard.
			它太大了。		It's too big.
			繼續看！		Keep looking.
			继续看。		Keep reading.
			保持微笑。		Keep smiling.
			繼續工作！		Keep working.
			讓我想一想。		Let me think.
			我们现在去吧。		Let's go now.
			仔細看		Look closely.
			我现在能去了吗？		May I go now?
			轻轻地移动。		Move quietly.
			我的眼睛痛。		My eyes hurt.
			谁也不知道。		No one knows.
			没人问过。		Nobody asked.
			打開箱子。		Open the box.
			请抓紧时间。		Please hurry.
			請你離開。		Please leave.
			请笑一笑！		Please smile.
			一会儿见！		See you soon!
			你真丢脸！		Shame on you!
			她很安静。		She is quiet.
			她心情不好。		She is upset.
			她认识我。		She knows me.
			有人来了。		Someone came.
			你说话小点声。		Speak softly.
			和我们留在一起吧！		Stay with us.
			别再傻看着。		Stop gawking.
			别再念了。		Stop reading.
			别再盯着了。		Stop staring.
			不要说话了。		Stop talking.
			别再埋怨了。		Stop whining.
			别再喊叫了！		Stop yelling!
			祝你好梦。		Sweet dreams!
			放輕鬆。		Take it easy.
			带我回家。		Take me home.
			那真是太好了。		That's great.
			它们是假的。		They're fake.
			他们是孩子。		They're kids.
			她们是孩子。		They're kids.
			这是我的。		This is mine.
			这很棒。		This is neat.
			这是豆腐。		This is tofu.
			汤姆能走路。		Tom can walk.
			汤姆跟着。		Tom followed.
			汤姆瞎了。		Tom is blind.
			汤姆脑子好使。		Tom is smart.
			汤姆刚吃完饭。		Tom just ate.
			汤姆坐下了。		Tom sat down.
			汤姆告诉了他。		Tom told him.
			汤姆不见了。		Tom vanished.
			汤姆饱了。		Tom was full.
			汤姆很孤独。		Tom's lonely.
			汤姆今年三十岁。		Tom's thirty.
			汤姆，快起来！		Tom, wake up.
			誰也不要相信。		Trust no one.
			难以置信！		Unbelievable!
			走著瞧		Wait and see.
			我们睡过头了。		We overslept.
			我们成功了。		We succeeded.
			我们已是成年人了。		We're adults.
			我们在藏着。		We're hiding.
			我们是人。		We're humans.
			欢迎回来。		Welcome back.
			欢迎回家。		Welcome home.
			那是什么啊？		What is that?
			这是谁建的？		Who built it?
			谁想要它？		Who wants it?
			谁来了这里？		Who was here?
			多少年过去了。		Years passed.
			你很好。		You are good.
			你喝醉了！		You're drunk.
			你在撒谎。		You're lying.
			你很聰明。		You're sharp.
			还有别的吗？		Anything else?
			你开心吗？		Are you happy?
			您准备好了吗？		Are you ready?
			你们准备好了吗？		Are you ready?
			你准备好了吗？		Are you ready?
			你在吗？		Are you there?
			再问一下汤姆吧。		Ask Tom again.
			叫保安来！		Call security!
			可以给我吗？		Can I have it?
			您会开车吗？		Can you drive?
			你会溜冰吗？		Can you skate?
			猫咪很可爱。		Cats are cute.
			汤姆有回应了吗？		Did Tom reply?
			我认识你吗？		Do I know you?
			懂么？		Do you get it?
			不要失礼。		Don't be rude.
			不要恨我。		Don't hate me.
			不要管我。		Don't mind me.
			不要告诉我。		Don't tell me.
			画一个圈。		Draw a circle.
			快點穿。		Dress quickly.
			吃吧，喝吧。		Eat and drink.
			鮮花盛開。		Flowers bloom.
			他挖了一个洞。		He dug a hole.
			他着凉了。		He has a cold.
			这是一个小偷。		He is a thief.
			他在家裡。		He is at home.
			他不是傻子。		He is no fool.
			他对我撒谎。		He lied to me.
			他賣車子。		He sells cars.
			他走路很快。		He walks fast.
			他想要更多。		He wants more.
			他哭了。		He was crying.
			他是美国人。		He's American.
			他不在家。		He's not home.
			大家好！		Hi, everybody.
			您呢？		How about you?
			多美啊！		How beautiful!
			我是日本人。		I am Japanese.
			我离婚了。		I am divorced.
			我打喷嚏了。		I am sneezing.
			我相信你。		I believe you.
			我开车来的。		I came by car.
			我感觉得到它。		I can feel it.
			我听得到。		I can hear it.
			我看得见汤姆。		I can see Tom.
			我做不到。		I can't do it.
			我鄙视你。		I despise you.
			我做得好到不能再好了。		I did my best.
			我没通过。		I didn't pass.
			我不抽烟。		I don't smoke.
			我餵過狗了。		I fed the dog.
			我觉得很孤独。		I feel lonely.
			我感觉不舒服。		I feel unwell.
			我是免費得到的。		I got it free.
			我讨厌法语。		I hate French.
			我恨冬天。		I hate winter.
			我讨厌冬天。		I hate winter.
			我有一艘小船。		I have a boat.
			我感冒了。		I have a cold.
			我有一个家。		I have a home.
			我有一只蛋。		I have an egg.
			我有哮喘。		I have asthma.
			我有癌症。		I have cancer.
			我必须赢。		I have to win.
			我刚才起床了。		I just got up.
			我喜欢跑步。		I like to run.
			我丢了我的钥匙。		I lost my key.
			我钥匙丢了。		I lost my key.
			我爱法语。		I love French.
			我想念波士頓。		I miss Boston.
			我需要些建议。		I need advice.
			我需要尝试。		I need to try.
			我想我可以。		I think I can.
			我使用火狐浏览器。		I use Firefox.
			我使用火狐。		I use Firefox.
			我想要一艘船。		I want a boat.
			我想要本书。		I want a book.
			我想哭。		I want to cry.
			我想死		I want to die.
			我刚才在家。		I was at home.
			我很冷。		I was so cold.
			我会打电话给你。		I'll call you.
			我是汤姆的父亲。		I'm Tom's dad.
			我是汤姆的爸爸。		I'm Tom's dad.
			我是个学生。		I'm a student.
			我累死了。		I'm exhausted.
			困死了。		I'm exhausted.
			我很疲惫。		I'm exhausted.
			我也在这里。		I'm here, too.
			我回来了，妈！		I'm home, Mom!
			我是个急性子。		I'm impatient.
			我在節食。		I'm on a diet.
			我这就上路。		I'm on my way.
			我好孤单。		I'm so lonely.
			我真蠢。		I'm so stupid.
			我还是很气。		I'm still mad.
			我真的冷。		I'm very cold.
			汤姆在吃饭吗？		Is Tom eating?
			严重吗？		Is it serious?
			那是只蝙蝠吗？		Is that a bat?
			这是汤姆的吗？		Is this Tom's?
			这是汤姆的东西吗？		Is this Tom's?
			看起来不错。		It looks good.
			可能会下雨。		It might rain.
			可能要下雨了。		It might rain.
			这需要时间。		It takes time.
			它不会奏效。		It won't work.
			公事公辦。		It's business.
			现在是秋天。		It's fall now.
			它有改善了。		It's improved.
			那是我的钱。		It's my money.
			我請客。		It's my treat.
			不是我的。		It's not mine.
			太早了。		It's so early.
			它太長了。		It's too long.
			它太大聲。		It's too loud.
			它很大。		It's very big.
			确保汤姆安全。		Keep Tom safe.
			保持安静		Keep it quiet.
			讓我看看。		Let me see it.
			让我们回家吧。		Let's go home.
			鎖大門。		Lock the gate.
			爱情是盲目的。		Love is blind.
			恋爱使人盲目。		Love is blind.
			快點。		Make it quick.
			人固有一死。		Man is mortal.
			在那裡見我。		Meet me there.
			我的脚痛。		My foot hurts.
			我头痛。		My head aches.
			我脖子痛。		My neck hurts.
			我的钢笔是新的。		My pen is new.
			决不放弃。		Never give up.
			什么都没动。		Nothing moved.
			量力而行。		Pace yourself.
			戒掉赌博吧。		Quit gambling.
			现在读这个。		Read this now.
			拯救你自己。		Save yourself.
			再见。		See you later.
			和我握手。		Shake my hand.
			我们该步行吗？		Shall we walk?
			她感到闷闷不乐的。		She felt blue.
			她恨他。		She hated him.
			她吃。		She is eating.
			她在节食中。		She's dieting.
			她在节食。		She's dieting.
			她是我的菜。		She's my type.
			给我看下它吧。		Show it to me.
			不要把门开着。		Shut the door.
			请关门。		Shut the door.
			关门。		Shut the door.
			坐我旁边。		Sit beside me.
			講清楚。		Speak clearly.
			搅一下汤。		Stir the soup.
			别再插手。		Stop meddling.
			停止射击。		Stop shooting.
			别担心了。		Stop worrying.
			改邪归正。		Straighten up.
			事情难免会发生。		Stuff happens.
			你隨意。		Suit yourself.
			重新告訴我。		Tell me again.
			还是要说谢谢的。		Thanks anyway.
			太快了。		That was fast.
			好巧妙啊。		That's clever.
			这是我的目的。		That's my aim.
			那是我的猫。		That's my cat.
			那个是我爸爸。		That's my dad.
			很正常。		That's normal.
			铃响了。		The bell rang.
			他们都知道。		They all knew.
			他们在这里。		They are here.
			他们等得了。		They can wait.
			这是个文字游戏。		This is a pun.
			这是假发。		This is a wig.
			这是空的。		This is empty.
			扔掉		Throw it away.
			时间就是金钱。		Time is money.
			今天很有趣。		Today was fun.
			汤姆鼓掌。		Tom applauded.
			汤姆没走。		Tom didn't go.
			汤姆是个乡巴佬。		Tom is a hick.
			汤姆是个无聊的人。		Tom is boring.
			汤姆非常性感。		Tom is so hot.
			汤姆很小气。		Tom is stingy.
			汤姆爱你。		Tom loves you.
			汤姆错过了它。		Tom missed it.
			汤姆睡过头了。		Tom overslept.
			汤姆跑得快。		Tom runs fast.
			汤姆错了。		Tom was wrong.
			汤姆已经结婚了。		Tom's married.
			請稍等。		Wait a moment.
			等一下。		Wait a moment.
			我们都哭了。		We both cried.
			我们必须走了。		We have to go.
			我们保持了沉默。		We kept quiet.
			我们明白。		We understand.
			我们感到厌烦了。		We were bored.
			我们是朋友。		We're friends.
			我们是特别的。		We're special.
			我们很特别。		We're special.
			我们很担心。		We're worried.
			您当时在忙吗？		Were you busy?
			谁爱谁？		Who loved who?
			为什么责备汤姆？		Why blame Tom?
			你能跑。		You could run.
			你气色不错。		You look good.
			你最好去。		You should go.
			你工作努力。		You work hard.
			你在開玩笑吧！		You're joking!
			你不是我。		You're not me.
			你二了。		You're stupid.
			闭上你的嘴。		Zip your lips.
			鸟会飞。		A bird can fly.
			請允許我去。		Allow me to go.
			蘋果是紅的。		Apples are red.
			你害怕吗？		Are you afraid?
			你会来吗？		Are you coming?
			你肚子饿吗？		Are you hungry?
			你是单身吗？		Are you single?
			你不热吗？		Aren't you hot?
			擤擤你的鼻子。		Blow your nose.
			把汤姆带到这里来。		Bring Tom here.
			把它带给我。		Bring it to me.
			给汤姆买一瓶啤酒。		Buy Tom a beer.
			帮我买点零食吧。		Buy me a snack.
			我能看看那个吗？		Can I see that?
			我能坐这里吗？		Can I sit here?
			我要咖啡，谢谢。		Coffee, please.
			你给我下来！		Come down here!
			牛可产奶。		Cows give milk.
			解决他们。		Deal with them.
			您看见它了吗？		Did you see it?
			我看起来很有钱吗？		Do I look rich?
			你想怎么做就怎么做。		Do as you like.
			我们有一个吗？		Do we have one?
			我们认识你么？		Do we know you?
			你讨厌我吗？		Do you hate me?
			你听得见吗？		Do you hear me?
			你了解它吗		Do you know it?
			你认识我吗？		Do you know me?
			你还认识我吗？		Do you know me?
			你爱我吗？		Do you love me?
			你想我了？		Do you miss me?
			你想我吗？		Do you miss me?
			不要吃豬肉。		Don't eat pork.
			把刀放下！		Drop the knife!
			放下那把刀。		Drop the knife.
			每个人都会说谎。		Everybody lies.
			法语很简单。		French is easy.
			上车吧！		Get in the car.
			把她干掉了。		Get rid of her.
			回去睡覺。		Go back to bed.
			下午好。		Good afternoon.
			你該多吃點。		Have some more.
			他提速了。		He accelerated.
			他不说谎。		He doesn't lie.
			他晒不黑。		He doesn't tan.
			他举办了一场舞会。		He gave a ball.
			他是医生来的。		He is a doctor.
			他一个人生活。		He lives alone.
			他独自生活。		He lives alone.
			他看上去很幸福。		He looks happy.
			他看起来很年轻。		He looks young.
			他唱了一首歌。		He sang a song.
			他被淹死了。		He was drowned.
			他是作家。		He's an author.
			多少錢？		How much is it?
			这个几块？		How much is it?
			这个多少钱？		How much is it?
			时间过得多快呀。		How time flies!
			时间过得真快啊！		How time flies!
			生意怎么样？		How's business?
			我不高兴。		I am not happy.
			我今天休息。		I am off today.
			我太矮了。		I am too short.
			我非常高。		I am very tall.
			我吃肉了。		I ate the meat.
			我信过你。		I believed you.
			我相信了你。		I believed you.
			我借錢。		I borrow money.
			我不喜欢鸡蛋。		I dislike eggs.
			我不懂。		I don't get it.
			我去学校。		I go to school.
			我被逮捕了。		I got arrested.
			我起床早。		I got up early.
			我有一个设想。		I had a vision.
			我有一个愿景。		I had a vision.
			我讨厌星期一。		I hate Mondays.
			我咳嗽。		I have a cough.
			我有一个梦想。		I have a dream.
			我打嗝了。		I have hiccups.
			我没时间。		I have no time.
			我必须帮忙。		I have to help.
			我经常打嗝。		I hiccup a lot.
			我刚刚见到汤姆了。		I just saw Tom.
			我繼續唱歌。		I kept singing.
			我继续唱歌。		I kept singing.
			我喜欢画画。		I like drawing.
			我喜欢兔子。		I like rabbits.
			我喜欢阅读。		I like reading.
			我爱千层面。		I love lasagna.
			我爱我的生活。		I love my life.
			我爱我的生命。		I love my life.
			我爱我的妻子。		I love my wife.
			我遇见一个朋友。		I met a friend.
			我错过了很多。		I missed a lot.
			我必须拒绝。		I must decline.
			我该回家了。		I must go home.
			我需要一把刀。		I need a knife.
			我需要加薪。		I need a raise.
			我尽快需要。		I need it ASAP.
			我需要我的大衣。		I need my coat.
			我需要知道。		I need to know.
			现在我想起来了。		I remember now.
			我说过了，闭嘴！		I said shut up!
			我看见五个男人。		I saw five men.
			我看見她游泳。		I saw her swim.
			我看到一面鏡子。		I see a mirror.
			我卖花。		I sell flowers.
			我应该去做。		I should do it.
			我学韩语。		I study Korean.
			我往右拐了。		I turned right.
			我想知道。		I want to know.
			我想去玩。		I want to play.
			我想要留下。		I want to stay.
			我想要更新。		I want updates.
			我以前是醫生。		I was a doctor.
			我要控告你。		I will sue you.
			我想要去。		I'd like to go.
			我会警告汤姆。		I'll alert Tom.
			我要回来了。		I'll come back.
			我会回来的。		I'll come back.
			我請你。		I'll treat you.
			我是一个好人。		I'm a good guy.
			恐怕不行。		I'm afraid not.
			我百分之百赞成。		I'm all for it.
			我是无神论者。		I'm an atheist.
			我在他後面。		I'm behind him.
			我今天忙。		I'm busy today.
			我今天有空。		I'm free today.
			我没名气。		I'm not famous.
			我不出名。		I'm not famous.
			我不貪婪。		I'm not greedy.
			我没有罪。		I'm not guilty.
			我不是笨蛋。		I'm not stupid.
			我很激动。		I'm so excited.
			我脱衣服。		I'm undressing.
			我是素食主义者。		I'm vegetarian.
			我很快乐。		I'm very happy.
			我很幸福。		I'm very happy.
			汤姆嫉妒吗？		Is Tom jealous?
			他是日本人吗？		Is he Japanese?
			来迟了吗？		Is it too late?
			那更好吗？		Is that better?
			这个能吃吗？		Is this edible?
			它不见了。		It disappeared.
			太晚了。		It is too late.
			那样说得通。		It makes sense.
			它花了几个月。		It took months.
			这是全新的。		It's brand new.
			很美味。		It's delicious.
			外面起霧了。		It's foggy out.
			外面有霧。		It's foggy out.
			这不好笑。		It's not funny.
			真的很无聊。		It's so boring.
			这是事实。		It's the truth.
			这就要看您了。		It's up to you.
			非常冷。		It's very cold.
			天气非常寒冷。		It's very cold.
			做得很好。		It's well done.
			該你走了。		It's your move.
			輪到您了。		It's your turn.
			輪到你了。		It's your turn.
			继续听。		Keep listening.
			让我来弄。		Leave it to me.
			别烦我！		Leave me alone!
			让我一个人待着。		Leave me alone.
			让我去做。		Let me do that.
			咱去那吧。		Let's go there.
			听这个！		Listen to this!
			请大声一点。		Louder, please.
			午餐好了。		Lunch is ready.
			说谎不好。		Lying is wrong.
			我爸爸很忙。		My dad is busy.
			我牙疼。		My tooth hurts.
			我肚子疼。		My tummy hurts.
			没有人高兴。		Nobody's happy.
			睁开眼睛。		Open your eyes.
			给我们弹一手。		Play us a tune.
			請告訴我。		Please tell me.
			请清洗它。		Please wash it.
			看这本书。		Read this book.
			說清楚。		Say it clearly.
			她骗了他。		She fooled him.
			她愚弄了他。		She fooled him.
			她種了玫瑰。		She grew roses.
			她抱了他。		She hugged him.
			她是护士。		She is a nurse.
			她看上去很伤心。		She looked sad.
			她在哭。		She was crying.
			闭上你们的眼睛。		Shut your eyes.
			烟雾出现了。		Smoke appeared.
			对不起，我迟到了。		Sorry I'm late.
			停止发牢骚吧。		Stop grumbling.
			停止抵抗！		Stop resisting!
			夏天过去了。		Summer is over.
			你可以慢慢来。		Take your time.
			慢慢来。		Take your time.
			那样是错的。		That was wrong.
			那符合逻辑。		That's logical.
			那是我的大衣。		That's my coat.
			那是完美的。		That's perfect.
			那太糟糕了。		That's too bad.
			貓叫了叫。		The cat meowed.
			旗子升起了。		The flag is up.
			電話正在響。		The phone rang.
			這些是筆。		These are pens.
			他们喜欢那个		They love that.
			他们信任汤姆。		They trust Tom.
			这是一本书。		This is a book.
			这是一个测试。		This is a test.
			那是我的包。		This is my bag.
			這是我的狗。		This is my dog.
			这不是新的。		This isn't new.
			汤姆不能留下。		Tom can't stay.
			汤姆不会游泳。		Tom can't swim.
			汤姆不能走路了。		Tom can't walk.
			汤姆是个拉比。		Tom is a rabbi.
			汤姆不是傻瓜。		Tom is no fool.
			汤姆不是白痴。		Tom is no fool.
			汤姆不傻。		Tom isn't dumb.
			汤姆喜欢豆腐。		Tom likes tofu.
			汤姆住在这里。		Tom lives here.
			汤姆喜欢狗。		Tom loves dogs.
			汤姆看着是个好人。		Tom seems nice.
			汤姆当时在哭。		Tom was crying.
			汤姆失明了。		Tom went blind.
			汤姆是加拿大人。		Tom's Canadian.
			汤姆在流血。		Tom's bleeding.
			汤姆是糖尿病患者。		Tom's diabetic.
			汤姆无所畏惧。		Tom's fearless.
			汤姆露齿而笑。		Tom's grinning.
			汤姆在笑。		Tom's laughing.
			汤姆正昏迷不醒。		Tom's out cold.
			汤姆兴奋不已。		Tom's thrilled.
			开电视。		Turn on the TV.
			把电视声音调大点儿。		Turn up the TV.
			汤姆睡着了吗？		Was Tom asleep?
			洗您的脚。		Wash your feet.
			洗你的脚。		Wash your feet.
			自己当心啊。		Watch yourself.
			我们学习音乐。		We study music.
			我们要继续下去。		We'll continue.
			我们正参与。		We're involved.
			我们没迟到。		We're not late.
			你是对的吗？		Were you right?
			她做什麼工作？		What's her job?
			我们去哪儿？		Where do we go?
			巴黎在哪里？		Where is Paris?
			之前你在哪里？		Where were you?
			我的茶在哪裡？		Where's my tea?
			谁住在这儿？		Who lives here?
			是誰的錯呢？		Who's at fault?
			那家伙是谁？		Who's that guy?
			那男人是谁？		Who's that man?
			为什么他在这儿？		Why is he here?
			擦擦你的眼睛。		Wipe your eyes.
			你不能輸。		You can't lose.
			你看起来很紧张。		You look tense.
			你看起来很困了。		You look tired.
			你必須去做。		You must do it.
			你必须走。		You must leave.
			你好香。		You smell good.
			你是个女人。		You're a woman.
			你開玩笑吧！		You're kidding!
			你是我的英雄。		You're my hero.
			您不必感谢我。		You're welcome.
			魚能游。		A fish can swim.
			男人应该工作。		A man must work.
			谁都可以参加。		Anyone can join.
			你在家里吗？		Are you at home?
			你们是朋友？		Are you friends?
			你们是朋友吗？		Are you friends?
			你在开玩笑吗？		Are you kidding?
			您成家了吗？		Are you married?
			你紧张吗？		Are you nervous?
			你是认真的吗？		Are you serious?
			你认真的？		Are you serious?
			你渴吗？		Are you thirsty?
			你不冷吗？		Aren't you cold?
			球是圆的。		Balls are round.
			更清晰些。		Be more precise.
			规矩点。		Behave yourself.
			黑色很衬你。		Black suits you.
			烧一点水。		Boil some water.
			把他给我带过来。		Bring him to me.
			買一些蘋果。		Buy some apples.
			请给我打电话。		Call me, please.
			给我老公打电话。		Call my husband.
			叫警察！		Call the police!
			报警！		Call the police!
			我可以带上汤姆吗？		Can I bring Tom?
			我能去你那吗？		Can I come over?
			汤姆可以帮我们吗？		Can Tom help us?
			你感觉得到它吗？		Can you feel it?
			您能帮我吗？		Can you help me?
			你会吹口哨吗？		Can you whistle?
			打扫一下你的房间。		Clean your room.
			闭上你的眼睛。		Close your eyes.
			祝贺你。		Congratulations!
			恭喜！		Congratulations!
			恭喜你！		Congratulations!
			祝贺！		Congratulations!
			数到三十。		Count to thirty.
			您吃不吃肉？		Do you eat meat?
			您经常去吗？		Do you go often?
			你认识他吗？		Do you know him?
			您知道为什么吗？		Do you know why?
			你喜欢说唱音乐吗？		Do you like rap?
			你记得吗？		Do you remember?
			您看电视吗？		Do you watch TV?
			那算数吗？		Does that count?
			别跟着来啊。		Don't follow me.
			别忘了我们。		Don't forget us.
			不要冒险。		Don't run risks.
			你别相信他。		Don't trust him.
			你不同意吗？		Don't you agree?
			您不同意吗？		Don't you agree?
			开车小心点。		Drive carefully.
			你多吃苹果。		Eat more apples.
			慢点吃！		Eat more slowly.
			大家都还行。		Everyone was OK.
			跟上那辆车。		Follow that car.
			滚出我的草坪！		Get off my lawn.
			離開這裡。		Get out of here.
			把它给他们。		Give it to them.
			把我的啤酒給我。		Give me my beer.
			回去工作。		Go back to work.
			去露台。		Go to the patio.
			綠色適合你。		Green suits you.
			万圣节快乐！		Happy Halloween!
			他已经来了吗？		Has he come yet?
			祝你一天过得愉快。		Have a nice day.
			他行动迅速。		He acts quickly.
			他开始哭了。		He began to cry.
			他不可能生病了。		He can't be ill.
			他疯了。		He has gone mad.
			他是教师。		He is a teacher.
			他是老师。		He is a teacher.
			他是我父親。		He is my father.
			他非常親切。		He is very kind.
			他很高。		He is very tall.
			他刚到。		He just arrived.
			他喜欢迪士尼。		He likes Disney.
			他欺骗了她。		He swindled her.
			他很容易觉得累。		He tires easily.
			他慢慢地走。		He walks slowly.
			他很老。		He was very old.
			他是喜剧演员。		He's a comedian.
			他是一个高大的男孩。		He's a tall boy.
			他不是英雄。		He's not a hero.
			他非常生气。		He's very angry.
			这是账单。		Here's the bill.
			這是你的茶。		Here's your tea.
			他的话就是命令。		His word is law.
			你感觉如何？		How do you feel?
			多么有趣啊！		How interesting!
			我全身酸痛。		I ache all over.
			我是一个好男孩。		I am a good boy.
			我遇到困難了。		I am in trouble.
			我烤了曲奇。		I baked cookies.
			我開始跑。		I began running.
			我給她打電話。		I called her up.
			我也能去。		I can come, too.
			我唱歌很好听。		I can sing well.
			我游泳可以游得很好。		I can swim well.
			我感觉不到它。		I can't feel it.
			我看不見你。		I can't see you.
			我无法阻止它。		I can't stop it.
			我不能取消它。		I can't undo it.
			我自己做的。		I did it myself.
			我不喜欢。		I don't like it.
			我感觉轻松了。		I feel relieved.
			我六點起床。		I get up at six.
			那时我没有选择的余地。		I had no choice.
			我讨厌学习。		I hate studying.
			我有一臺筆記本電腦。		I have a laptop.
			我有兄弟。		I have brothers.
			我没钱了。		I have no money.
			我有十支筆。		I have ten pens.
			我有两辆车。		I have two cars.
			我有两只猫。		I have two cats.
			我认识你儿子。		I know your son.
			我喜欢这只狗。		I like this dog.
			我喜欢您的车。		I like your car.
			我和汤姆住。		I live with Tom.
			我丢了我的钱。		I lost my money.
			我喜欢烧烤食物。		I love barbecue.
			我可能会说是。		I might say yes.
			我需要医生。		I need a doctor.
			我需要个朋友。		I need a friend.
			我需要他的帮助。		I need his help.
			我需要我的靴子。		I need my boots.
			我需要你在這裡。		I need you here.
			我只想要一件东西。		I only want one.
			我买了单。		I paid the bill.
			我踢足球。		I play football.
			我打網球了。		I played tennis.
			我每天跑步。		I run every day.
			我学英语。		I study English.
			我和汤姆说了话。		I talked to Tom.
			我跟她談了話。		I talked to her.
			我也这么认为。		I think so, too.
			我也这么想。		I think so, too.
			我也是這麼想的。		I think so, too.
			我举办了一场派对。		I threw a party.
			我洗了澡。		I took a shower.
			我完全同意。		I totally agree.
			我把它关了。		I turned it off.
			我想要一把吉他。		I want a guitar.
			我想開車。		I want to drive.
			真想睡过去啊。		I want to sleep.
			我当过老师。		I was a teacher.
			我吃了一驚。		I was surprised.
			我祝您好运。		I wish you luck.
			祝您好运。		I wish you luck.
			我希望你去。		I wish you'd go.
			我起得早。		I woke up early.
			我工作得太多了。		I work too much.
			我想要一把叉子。		I'd like a fork.
			我坐出租車去。		I'll go by taxi.
			我有点累了。		I'm a bit tired.
			我是个侦探。		I'm a detective.
			我是个好厨师。		I'm a good cook.
			我是大学教授。		I'm a professor.
			我快好了。		I'm about ready.
			我差不多完成了。		I'm almost done.
			我总是有事。		I'm always busy.
			我一直在這裡。		I'm always here.
			我是色盲。		I'm color blind.
			我在吃米饭。		I'm eating rice.
			我覺得精神很好。		I'm feeling fit.
			我在变老。		I'm getting old.
			我在找工作。		I'm job hunting.
			我是左撇子。		I'm left-handed.
			我不是鬼。		I'm not a ghost.
			我不是巫婆。		I'm not a witch.
			我不嫉妒。		I'm not jealous.
			我不是认真的。		I'm not serious.
			我走了。		I'm out of here.
			我没时间了。		I'm out of time.
			我挺忙。		I'm pretty busy.
			我相当高。		I'm pretty tall.
			我真的好忙。		I'm really busy.
			我很餓。		I'm very hungry.
			我好饿。		I'm very hungry.
			我很寂寞。		I'm very lonely.
			我非常困。		I'm very sleepy.
			我在看电视。		I'm watching TV.
			我是你的代理人。		I'm your deputy.
			我是你爸爸。		I'm your father.
			我是你的律师。		I'm your lawyer.
			我是你的妹妹。		I'm your sister.
			我已經吃飽了。		I've had enough.
			汤姆是演员吗？		Is Tom an actor?
			汤姆有自闭症吗？		Is Tom autistic?
			汤姆被感染了吗？		Is Tom infected?
			汤姆在游泳吗？		Is Tom swimming?
			汤姆和你在一起吗？		Is Tom with you?
			家里有没有人？		Is anybody home?
			还有多余的盐吗？		Is it too salty?
			那是我的吗？		Isn't that mine?
			真的有用。		It really works.
			下了很多的雪。		It snowed a lot.
			真糟糕。		It was terrible.
			很遠。		It was very far.
			天要变多云了。		It'll be cloudy.
			天快要下雨了。		It'll rain soon.
			这是个死胡同。		It's a dead end.
			这是一个惊喜。		It's a surprise.
			差不多六点了。		It's almost six.
			快要六點了。		It's almost six.
			今天很凉快。		It's cool today.
			大错特错		It's dead wrong.
			今天天气很好。		It's fine today.
			這是不可能的。		It's impossible.
			这是我的自行车。		It's my bicycle.
			這是我的腳踏車。		It's my bicycle.
			你可以走了。		It's okay to go.
			在那裡。		It's over there.
			該走了。		It's time to go.
			不用找零钱了。		Keep the change!
			让他一个人待着。		Leave him alone.
			让我们都这样做。		Let's all do it.
			让我们一醉方休吧！		Let's get drunk.
			在这里稍微休息一下吧。		Let's rest here.
			我们掉头吧！		Let's turn back.
			看天上。		Look at the sky.
			瞧你身後。		Look behind you.
			把它弄小一點。		Make it smaller.
			我现在能走了吗？		May I leave now?
			我能试一下吗？		May I try it on?
			也许下一次吧。		Maybe next time.
			妈妈，我肚子饿了。		Mom, I'm hungry.
			我爸爸走路。		My father walks.
			我家很大。		My house is big.
			永远不要说永远。		Never say never.
			见到你真好。		Nice to see you.
			没有人迟到。		No one was late.
			这个没人要。		Nobody wants it.
			把瓶子打开。		Open the bottle.
			請安靜。		Please be quiet.
			请继续。		Please continue.
			请坐一下。		Please sit down.
			請坐下。		Please sit down.
			价格高。		Prices are high.
			戴上你的帽子。		Put your hat on.
			今晚見。		See you tonight.
			航空邮寄它。		Send it airmail.
			她消失了。		She disappeared.
			她举止优雅。		She is graceful.
			她轉移了視線。		She looked away.
			她看起来很年轻。		She looks young.
			她嫁给了他。		She married him.
			她努力地工作。		She worked hard.
			她是我的姊妹。		She's my sister.
			她十七岁了。		She's seventeen.
			迄今，一切妥当。		So far, so good.
			春天到了。		Spring has come.
			這隻狗很大。		That dog is big.
			這不公平。		That isn't fair.
			那不好聞。		That smells bad.
			那是一支铅笔。		That's a pencil.
			那是不公平的。		That's not fair.
			这太可怕了。		That's terrible.
			那太简单了。		That's too easy.
			那是很大的。		That's very big.
			他是个好孩子。		The boy is kind.
			小孩哭了。		The child cried.
			这条狗死了。		The dog is dead.
			发动机坏掉了。		The engine died.
			叶子落了。		The leaves fell.
			灯亮着。		The light is on.
			大海是蓝色的。		The sea is blue.
			出租车到了。		The taxi's here.
			不急。		There's no rush.
			没有盐。		There's no salt.
			它们是瓜。		They are melons.
			这是他们应得的。		They deserve it.
			他们不帮忙。		They don't help.
			他们喝可乐。		They drink coke.
			他们很特别。		They're special.
			这本书是新的。		This book's new.
			这是我的书。		This is my book.
			这是我的妻子。		This is my wife.
			這是結束。		This is the end.
			这是典型的。		This is typical.
			这不好。		This isn't good.
			这不是爱。		This isn't love.
			这不安全。		This isn't safe.
			这不是盐。		This isn't salt.
			吃饭时间到了。		Time for dinner.
			汤姆爱慕玛丽。		Tom adores Mary.
			汤姆什么都没做。		Tom did nothing.
			汤姆言过其实。		Tom exaggerated.
			汤姆睡着了。		Tom fell asleep.
			汤姆觉得饿了。		Tom felt hungry.
			汤姆跟着我。		Tom followed me.
			汤姆有我的书。		Tom has my book.
			汤姆没有时间。		Tom has no time.
			汤姆拥抱了玛丽。		Tom hugged Mary.
			汤姆是种族主义者。		Tom is a racist.
			汤姆在游泳。		Tom is swimming.
			汤姆与你年龄相仿。		Tom is your age.
			汤姆看上去很精神。		Tom looked well.
			汤姆需要帮助。		Tom needed help.
			汤姆看来难缠。		Tom seems tough.
			汤姆是个护士。		Tom was a nurse.
			汤姆在家的。		Tom was at home.
			汤姆被欺负了。		Tom was bullied.
			汤姆挺受欢迎。		Tom was popular.
			汤姆在啜泣。		Tom was sobbing.
			汤姆没受伤。		Tom wasn't hurt.
			汤姆独自工作。		Tom works alone.
			汤姆，小心！		Tom, be careful!
			关闭电视机		Turn off the TV.
			把電視關了。		Turn off the TV.
			等等。回来。		Wait. Come back.
			把盤子洗了。		Wash the dishes.
			不就是你干的么。		Wasn't that you?
			走路小心。		Watch your step.
			小心脚下。		Watch your step.
			我们不年轻。		We aren't young.
			我们可以修那个。		We can fix that.
			我们可以帮汤姆。		We can help Tom.
			我们可以带上汤姆。		We can take Tom.
			我们没时间。		We have no time.
			汤姆能做什么？		What can Tom do?
			我省略了什麼？		What did I omit?
			他说了什么？		What did he say?
			你做了什么？		What did you do?
			少了什么？		What is missing?
			几点了？		What time is it?
			现在几点了？		What time is it?
			现在几点？		What time is it?
			那是为了什么？		What was it for?
			怎么了？		What's happened?
			她叫什麼名字？		What's her name?
			她叫什麼？		What's her name?
			这么着急干什么。		What's the rush?
			你怎么了？		What's with you?
			你做什麼工作？		What's your job?
			我父亲在哪里？		Where is my dad?
			我的口罩在哪？		Where's my mask?
			我的妻子在哪裡？		Where's my wife?
			那个男人是谁？		Who is that man?
			这个男孩是谁？		Who is this boy?
			谁喜欢豆子？		Who likes beans?
			誰在玩？		Who was playing?
			幕后操纵者是谁？		Who's behind it?
			你为什么哭？		Why did you cry?
			为什么现在做那个？		Why do that now?
			你为什么工作？		Why do you work?
			你能告诉我们。		You can tell us.
			你让我失望了。		You let me down.
			你看上去很傻。		You look stupid.
			你必须选。		You must choose.
			你最好走。		You'd better go.
			你会迷路的。		You'll get lost.
			你是人。		You're a person.
			你真是个天使！		You're an angel.
			你个呆瓜！		You're an idiot.
			你个傻子！		You're an idiot.
			你说话含糊不清。		You're babbling.
			你脸红了。		You're blushing.
			你没有希望。		You're hopeless.
			你太天真了。		You're so naive.
			你最好了。		You're the best.
			服了你了。		You're the boss.
			你真好。		You're too kind.
			你很害羞。		You're very shy.
			你受骗了。		You've been had.
			你们被骗了。		You've been had.
			您被骗了。		You've been had.
			你长大了。		You've grown up.
			你的包开着。		Your bag's open.
			“看啊！”她说道。		"""Look,"" she said."
			空气是无形的。		Air is invisible.
			接电话。		Answer the phone.
			哪一本书都行。		Any book will do.
			你是医生吗？		Are you a doctor?
			你是不是医生？		Are you a doctor?
			你是个术士吗？		Are you a wizard?
			现在你忙吗？		Are you busy now?
			你结束了吗？		Are you finished?
			现在有空吗？		Are you free now?
			您学习吗？		Are you studying?
			问他一下他的名字。		Ask him his name.
			最终，他来了。		At last, he came.
			明天打电话给我。		Call me tomorrow.
			我能休息一会儿吗？		Can I rest a bit?
			有人会开车吗？		Can anyone drive?
			你能救汤姆吗？		Can you save Tom?
			现在就跟我来。		Come with me now.
			控制住自己！		Control yourself!
			控制住自己。		Control yourself.
			把土豆切一下。		Cut the potatoes.
			狗叫了吗？		Did the dog bark?
			给汤姆打过电话了吗？		Did you call Tom?
			你试过吗？		Did you ever try?
			是你杀了汤姆吗？		Did you kill Tom?
			你见过汤姆了吗？		Did you meet Tom?
			你可以隨心所欲。		Do as you please.
			你吃意面吗？		Do you eat pasta?
			你有电视吗？		Do you have a TV?
			你喜欢雪吗？		Do you like snow?
			你需要帮助吗？		Do you need help?
			你拥有枪支吗？		Do you own a gun?
			你要酒吗？		Do you want wine?
			有人在意吗？		Does anyone care?
			不要再夸张了。		Don't exaggerate.
			喝這果汁。		Drink this juice.
			每个人都在这里。		Everybody's here.
			所有人都注意到了。		Everyone noticed.
			像男人一样战斗！		Fight like a man!
			完成你的工作。		Finish your work.
			上马。		Get on the horse.
			把我的钱给我。		Give me my money.
			把书给我。		Give me the book.
			直接回家。		Go straight home.
			上楼。		Go up the stairs.
			你想走的时候就走吧。		Go when you want.
			旅途愉快！		Have a nice trip!
			祝順風。		Have a nice trip.
			祝你一路平安。		Have a safe trip.
			他全吃光了。		He ate all of it.
			他出名了。		He became famous.
			他触犯了法律。		He broke the law.
			他能讀得很好。		He can read well.
			他感冒了。		He caught a cold.
			他最近去世了。		He died recently.
			他向后跌倒了。		He fell backward.
			他修好了网。		He fixed the net.
			他有長頭髮。		He has long hair.
			他聽到了叫聲。		He heard a shout.
			他有麻烦。		He is in trouble.
			他还在这儿。		He is still here.
			他太不合群。		He is unsociable.
			他刚回到家。		He just got home.
			他走出了房間。		He left the room.
			他喜欢打猎。		He likes hunting.
			他喜欢橙子。		He likes oranges.
			他酷爱钓鱼。		He loves fishing.
			他打了网球。		He played tennis.
			他戴眼鏡。		He wears glasses.
			他破产了。		He went bankrupt.
			他写阿拉伯文。		He writes Arabic.
			他是一个生物学家。		He's a biologist.
			他在她的旁邊。		He's at her side.
			他刚来这镇上。		He's new in town.
			他是你的朋友。		He's your friend.
			你的袋子在這裡。		Here is your bag.
			诶！汤姆在哪里？		Hey, where's Tom?
			你觉得周五怎么样？		How about Friday?
			我怎样报名参加呢？		How do I sign up?
			这计划如何？		How is this plan?
			你太太怎么样？		How is your wife?
			這有多長？		How long is this?
			這是多少？		How much is this?
			你多高？		How tall are you?
			你有多高？		How tall are you?
			我真的很倒霉！		How unlucky I am!
			我同意他。		I agree with him.
			我差點被淹死。		I almost drowned.
			我總是在外面吃飯。		I always eat out.
			我有點醉了。		I am a bit drunk.
			我是教授。		I am a professor.
			我不好奇。		I am not curious.
			我没有结婚。		I am not married.
			我吃了你的蘋果。		I ate your apple.
			我聽不到你的聲音。		I can't hear you.
			我听不见你。		I can't hear you.
			我聽不到你。		I can't hear you.
			我聽不到你喔。		I can't hear you.
			我記不得了。		I can't remember.
			我不能忍受。		I can't stand it.
			我收集郵票。		I collect stamps.
			我能看見。		I could see that.
			我睡不著。		I couldn't sleep.
			我睡不着觉。		I couldn't sleep.
			我没听见。		I didn't hear it.
			我没有喜欢过。		I didn't like it.
			我不是这个意思。		I didn't mean it.
			我没见到他。		I didn't see him.
			我不允许。		I don't allow it.
			我不吸毒。		I don't do drugs.
			我没有疑问。		I don't doubt it.
			我不讨厌你。		I don't hate you.
			我不恨你。		I don't hate you.
			我不認識她。		I don't know her.
			我不喜欢喝茶。		I don't like tea.
			我不喜欢你。		I don't like you.
			我不喜欢你		I don't like you.
			我不記得了。		I don't remember.
			我不要你。		I don't want you.
			我也喝茶。		I drink tea, too.
			我感覺昏沉沉的。		I feel lethargic.
			我斩钉截铁地拒绝了。		I flatly refused.
			我接种了流感疫苗。		I had a flu shot.
			我过了难挨的一天。		I had a hard day.
			我以前有隻大狗。		I had a huge dog.
			我讨厌化学。		I hate chemistry.
			我有辆新车。		I have a new car.
			我没有借口。		I have no excuse.
			我知道它有困難。		I know it's hard.
			我知道事实。		I know the facts.
			我知道真相。		I know the truth.
			我喜欢你们的城市。		I like your city.
			我喜欢你的房间。		I like your room.
			我住在這附近。		I live near here.
			我的证件丢了。		I lost my papers.
			我掉了我的钱包。		I lost my wallet.
			我爱这首歌。		I love this song.
			我非常想你。		I miss you badly.
			我需要新鲜空气。		I need fresh air.
			我需要更多空間。		I need more room.
			我需要更多时间。		I need more time.
			我想去旅行。		I need to travel.
			我睁开一只眼睛。		I opened one eye.
			我看到他出去了。		I saw him go out.
			我明白你的重點。		I see your point.
			我仍然爱着她。		I still love her.
			我想我迷路了。		I think I'm lost.
			我試著微笑。		I tried to smile.
			我明白原因。		I understand why.
			我要多很多。		I want much more.
			我想要点蛋糕。		I want some cake.
			我要你去。		I want you to go.
			我想游泳。		I wanted to swim.
			我写了一封信。		I wrote a letter.
			我什么都愿意做。		I'll do anything.
			我会做任何事。		I'll do anything.
			我是记者。		I'm a journalist.
			我是个翻译。		I'm a translator.
			我今晚有空。		I'm free tonight.
			我很愿意帮忙。		I'm glad to help.
			我只是隨便看看。		I'm just looking.
			我不是乞丐。		I'm not a beggar.
			我不是醫生。		I'm not a doctor.
			我跟汤姆不一样。		I'm not like Tom.
			我不是老闆。		I'm not the boss.
			我在打电话。		I'm on the phone.
			我站在你这边。		I'm on your side.
			我在家裡待著。		I'm staying home.
			我还饿着呢。		I'm still hungry.
			我还很困。		I'm still sleepy.
			我很渴。		I'm very thirsty.
			我是你的夥伴。		I'm your partner.
			如果不是现在，那是什么时候？		If not now, when?
			汤姆在学校吗？		Is Tom at school?
			那边有人吗？		Is anybody there?
			那是丛林狼吗？		Is that a coyote?
			这个卖不卖？		Is that for sale?
			这是要卖的东西吗？		Is this for sale?
			那不是明摆着的吗？		Isn't it obvious?
			差點就成功了。		It almost worked.
			开始下雪了。		It began to snow.
			開始下雪了。		It began to snow.
			那不可能是真的。		It can't be true.
			天色漆黑。		It is pitch dark.
			不在下雨。		It isn't raining.
			風真大。		It sure is windy.
			天空很晴朗。		It's a clear day.
			这是一笔不错的交易。		It's a good deal.
			这是个好主意。		It's a good idea.
			那是一朵向日葵。		It's a sunflower.
			真的很冰冷。		It's frozen hard.
			難講喔。		It's hard to say.
			只是感冒而已。		It's just a cold.
			這是猴肉。		It's monkey meat.
			这没什么大不了的。		It's no big deal.
			这不是我的尺码。		It's not my size.
			還早呢。		It's still early.
			它很正常。		It's very normal.
			这很简单。		It's very simple.
			今天有风。		It's windy today.
			它值得一試。		It's worth a try.
			这是你的选择。		It's your choice.
			日本在亚洲。		Japan is in Asia.
			别让狗进来。		Keep the dog out.
			把这个留给我吧。		Leave this to me.
			討論討論吧。		Let's discuss it.
			我们试试。		Let's try it out.
			仔细听着。		Listen carefully.
			好久不见了。		Long time no see.
			好久不見。		Long time no see.
			把这封信寄了。		Mail this letter.
			火星是一顆行星。		Mars is a planet.
			玛丽，我喜欢你！		Mary, I love you.
			我们能在这里游泳吗？		May we swim here?
			我的相簿在這裡。		My album is here.
			我的船是小的。		My boat is small.
			我的猫看上去很悲伤。		My cat looks sad.
			我的孩子病了。		My child is sick.
			我父亲外出了。		My father is out.
			我父亲出门了。		My father is out.
			我家在這裡。		My house is here.
			我的脉搏很快。		My pulse is fast.
			我胃痛。		My stomach hurts.
			很高興認識你。		Nice to meet you.
			没有人喜欢战争。		No one likes war.
			谁也不在那里。		No one was there.
			没人会讲。		No one will talk.
			一分耕耘，一分收穫。		No pain, no gain.
			苦盡甘来。		No pain, no gain.
			请给我盐。		Pass me the salt.
			給我挑一顆蘋果。		Pick me an apple.
			请你不要哭。		Please don't cry.
			請讓我走。		Please let me go.
			请把车停下来。		Please pull over.
			請在這裡簽名。		Please sign here.
			请再试一次。		Please try again.
			把箱子放下。		Put the box down.
			手举起来。		Raise your hands.
			跟汤姆问好。		Say hello to Tom.
			搜查房子。		Search the house.
			明天见。		See you tomorrow.
			明天见！		See you tomorrow.
			她变得高兴起来。		She became happy.
			她开始哭泣。		She began crying.
			她看不起他。		She despised him.
			她侮辱了他。		She insulted him.
			她是女教师。		She is a teacher.
			她跟我生气了。		She is mad at me.
			她不停地工作。		She kept working.
			她继续工作。		She kept working.
			她一定是生病了。		She must be sick.
			她需要一件外套。		She needs a coat.
			她穿上袜子。		She put on socks.
			她握住了我的手。		She took my hand.
			别插手。		Stay out of this.
			夏天已經結束。		Summer has ended.
			夏天来了。		Summer is coming.
			游泳很容易。		Swimming is easy.
			跟我讲讲那件事。		Tell me about it!
			说来听听。		Tell me about it.
			那个包是我的。		That bag is mine.
			不可能的。		That can't be it.
			那是有道理的。		That makes sense.
			那不好。		That wasn't nice.
			那是可避免的。		That's avoidable.
			那是可燃的。		That's flammable.
			那是他家。		That's his house.
			就是这样的。		That's how it is.
			这正是问题的关键。		That's the point.
			那很稀少。		That's very rare.
			這顆蘋果是紅的。		The apple is red.
			这本书很简单。		The book is easy.
			那本书在这里。		The book is here.
			汽车准备好了。		The car is ready.
			猫是黑色的。		The cat is black.
			谢幕了。		The curtain fell.
			這隻狗快要死了。		The dog is dying.
			這隻狗是白色的。		The dog is white.
			火熄灭了。		The fire was out.
			這食物是冷的。		The food is cold.
			饭做好了。		The food's ready.
			牛奶酸了。		The milk is sour.
			牛奶馊了。		The milk is sour.
			风暴减弱了。		The storm abated.
			太阳露出来了。		The sun came out.
			這班火車已經到了。		The train's here.
			這口井乾涸了。		The well ran dry.
			有个办法。		There is one way.
			有風險。		There were risks.
			毫无疑问。		There's no doubt.
			没有糖。		There's no sugar.
			他们都爱我。		They all love me.
			他们喜欢苹果。		They like apples.
			他们对我说话了。		They spoke to me.
			他们害怕了。		They were afraid.
			他们为我工作。		They work for me.
			你想想。		Think about this.
			这个男孩子很懒。		This boy is lazy.
			这家伙死了。		This guy is dead.
			這是一支鉛筆。		This is a pencil.
			这是我的马。		This is my horse.
			这个房子是我的。		This is my house.
			这不是真的。		This is not true.
			这是最好的。		This is the best.
			这是你的狗。		This is your dog.
			這是您的鑰匙。		This is your key.
			这不是钱。		This isn't money.
			这个座位没人。		This seat's free.
			整理一下房間。		Tidy up the room.
			今天三號。		Today is the 3rd.
			汤姆也有一个。		Tom also has one.
			汤姆瞥了一眼就移开目光了。		Tom glanced away.
			汤姆先打了我。		Tom hit me first.
			汤姆是个骗子。		Tom is deceitful.
			汤姆人很好。		Tom is very kind.
			汤姆对玛丽撒了谎。		Tom lied to Mary.
			汤姆喜欢芝士。		Tom likes cheese.
			汤姆喜欢热的。		Tom likes it hot.
			汤姆喜欢曲棍球。		Tom loves hockey.
			汤姆什么也没说。		Tom said nothing.
			汤姆努力学习。		Tom studies hard.
			汤姆走得很慢。		Tom walks slowly.
			汤姆被囚禁了。		Tom was captured.
			汤姆被选中了。		Tom was selected.
			把煤气关了！		Turn off the gas.
			海龟下蛋。		Turtles lay eggs.
			在我前面走。		Walk ahead of me.
			我们不能放弃。		We can't give up.
			我们可全指望你了。		We depend on you.
			我们可全靠你了。		We depend on you.
			我们有两个孩子。		We have two kids.
			我们比赛输了。		We lost the game.
			我们只有茶水。		We only have tea.
			我们简短地谈了谈。		We spoke briefly.
			我们一起工作。		We work together.
			后会有期。		We'll meet again.
			我们过一会再谈。		We'll talk later.
			我们是同学。		We're classmates.
			我们在高兴地玩。		We're having fun.
			我们得依靠自己。		We're on our own.
			多好的主意啊！		What a good idea!
			汤姆说了什么？		What did Tom say?
			她说了什么？		What did she say?
			你買了什麼？		What did you buy?
			您有什么？		What do you have?
			你做什麼？		What do you make?
			你想表达什么？		What do you mean?
			你想要什么？		What do you want?
			我该做什么？		What should I do?
			汤姆在做什么？		What's Tom doing?
			她在做什麼？		What's she doing?
			那只鸟是什么？		What's that bird?
			你叫什么名字？		What's your name?
			您叫什么名字？		What's your name?
			你叫什么？		What's your name?
			什么时候才结束啊？		When will it end?
			我的位子在哪儿？		Where is my seat?
			老闆在哪裡？		Where's the boss?
			厨师在哪里？		Where's the cook?
			门在哪里？		Where's the door?
			你的包在哪裡？		Where's your bag?
			你的狗在哪里？		Where's your dog?
			你帽子在哪儿？		Where's your hat?
			你妈妈呢？		Where's your mom?
			誰找到了我的包？		Who found my bag?
			誰還在這裡？		Who's still here?
			輪到誰了？		Whose turn is it?
			你为什么留下？		Why did you stay?
			蛋黃是黃色的。		Yolks are yellow.
			你无法说“不”。		You can't say no.
			你可能是对的。		You may be right.
			你有必要了解。		You need to know.
			你欠我钱。		You owe me money.
			你缺乏耐心。		You're impatient.
			你不是歌手。		You're no singer.
			你真傻。		You're so stupid.
			你是敌人。		You're the enemy.
			你非常快。		You're very fast.
			你的狗在這。		Your dog is here.
			你们的房间很大。		Your room is big.
			您的房间很大。		Your room is big.
			你的袜子好臭。		Your socks stink.
			我反应过度了吗？		Am I overreacting?
			他们是兄弟吗？		Are they brothers?
			您是学生吗？		Are you a student?
			你是不是老师？		Are you a teacher?
			你是老师吗？		Are you a teacher?
			你现在高兴吗？		Are you happy now?
			你们在听吗？		Are you listening?
			你是我爸吗？		Are you my father?
			你们两个人都准备好了吗？		Are you two ready?
			对他人要友善。		Be kind to others.
			小心狗！		Beware of the dog!
			注意小偷。		Beware of thieves.
			鸟儿筑巢。		Birds build nests.
			叫救护车。		Call an ambulance.
			我们能信任他们吗？		Can we trust them?
			你能跳绳吗？		Can you jump rope?
			给我香槟，谢谢。		Champagne, please.
			聖誕節快到了。		Christmas is soon.
			收拾房间。		Clean up the room.
			来吧，快一点。		Come on, hurry up.
			来吧，我们一起去。		Come on, let's go.
			来吧，摸一下。		Come on, touch it.
			来吧，相信我。		Come on, trust me.
			您会告诉我吗？		Could you tell me?
			你借它了吗？		Did you borrow it?
			你没注意到吗？		Didn't you notice?
			我需要做手术吗？		Do I need surgery?
			你相信我吗？		Do you believe me?
			你喝啤酒吗？		Do you drink beer?
			你觉得幸运吗？		Do you feel lucky?
			你有车吗？		Do you have a car?
			您有车吗？		Do you have a car?
			你们有没有纸？		Do you have paper?
			你喜欢音乐吗？		Do you like music?
			你爱音乐吗？		Do you like music?
			你们懂吗？		Do you understand?
			别吃得这么快。		Don't eat so fast.
			别让我失望。		Don't let me down.
			不要拉我的腿！		Don't pull my leg!
			别跟任何人说哟。		Don't tell anyone.
			对谁都别说哟。		Don't tell anyone.
			不要碰這些。		Don't touch these.
			人人都好。		Everybody is fine.
			大家笑了。		Everybody laughed.
			大家都認識我。		Everyone knows me.
			一切都很糟糕。		Everything is bad.
			再拿一把椅子。		Get another chair.
			进你的车里。		Get into your car.
			把这本书给她。		Give her the book.
			把勺子给我。		Give me the spoon.
			跟這些人走。		Go with these men.
			上帝保佑美国。		God bless America.
			钟响过了吗？		Has the bell rung?
			他開始喊叫。		He began to shout.
			他开始出汗了。		He began to sweat.
			他賣了一台豐田的車。		He bought a Honda.
			他亲自来了。		He came in person.
			他不能游泳。		He could not swim.
			是他自己做的。		He did it himself.
			他昨天去世了。		He died yesterday.
			他把感冒传染给我了。		He gave me a cold.
			他把感冒传给我了。		He gave me a cold.
			他有些鋼筆。		He has a few pens.
			他有三个儿子。		He has three sons.
			他是个大胃王。		He is a big eater.
			他在他的办公桌前。		He is at his desk.
			他不过是个孩子。		He is but a child.
			他和我同岁。		He is just my age.
			他在看电视。		He is watching TV.
			他喜欢睡觉。		He likes sleeping.
			他给我做了套衣服。		He made me a suit.
			他出国留学了。		He studied abroad.
			他说话太快了。		He talks too fast.
			他把球扔了。		He threw the ball.
			他转动钥匙。		He turned the key.
			他想要一顆蘋果。		He wants an apple.
			他会回来的。		He will come back.
			他赢得一切了。		He won everything.
			他写了一封信。		He wrote a letter.
			他有点活泼。		He's a bit lively.
			他是我的如意郎君。		He's my Mr. Right.
			他不是傻的。		He's not an idiot.
			他脑子很灵光。		He's sharp-witted.
			这是找零。		Here's the change.
			他的房间一片狼藉。		His room's a mess.
			它有多複雜？		How complex is it?
			你回答了什么？		How did you reply?
			您回答了什么？		How did you reply?
			您怎么回答的？		How did you reply?
			我们怎样才能找到它？		How do we find it?
			您运气多好啊！		How lucky you are!
			你运气多好啊！		How lucky you are!
			我怎麼知道？		How should I know?
			考得如何？		How was your exam?
			你的测验怎么样？		How was your test?
			我承認我錯了。		I admit I'm wrong.
			我同意她。		I agreed with her.
			我在右邊。		I am on the right.
			我现在正在学习。		I am studying now.
			我每天都洗澡。		I bathe every day.
			不好意思，能请您重复一遍吗？		I beg your pardon?
			我相信爱情。		I believe in love.
			我買了一顆蘋果。		I bought an apple.
			我可以安慰她。		I can comfort her.
			我会开车。		I can drive a car.
			我负担不起。		I can't afford it.
			我没办法冷静下来。		I can't calm down.
			我挪不动它。		I can't move this.
			我受不了他。		I can't stand him.
			我不擅长游泳。		I can't swim well.
			我删除了这个应用。		I deleted the app.
			我没觉得不好。		I didn't feel bad.
			工作都全由我做。		I do all the work.
			我不接受。		I don't accept it.
			我不怪你。		I don't blame you.
			我不吃面包。		I don't eat bread.
			我不喜欢吃鸡蛋。		I don't like eggs.
			我不喜欢小孩。		I don't like kids.
			我不喜欢葡萄酒。		I don't like wine.
			我不後悔。		I don't regret it.
			我怀疑他的故事。		I doubt his story.
			我给了你一本书。		I gave you a book.
			我被蜜蜂蛰了一下。		I got a bee sting.
			我把我的頭髮剪了。		I got my hair cut.
			我做噩梦了。		I had a nightmare.
			我恨蚊子。		I hate mosquitoes.
			我有一台电脑。		I have a computer.
			我有一个女儿。		I have a daughter.
			我的头发是褐色的。		I have brown hair.
			我有许多唱片。		I have many discs.
			我没有朋友。		I have no friends.
			我有一些錢。		I have some money.
			我有两个外甥女。		I have two nieces.
			我没改变。		I haven't changed.
			我没有遇见她。		I haven't met her.
			我希望能见到你。		I hope to see you.
			我就是不知道。		I just don't know.
			我什么都知道。		I know everything.
			我喜欢短发。		I like short hair.
			我喜欢你的房子。		I like your house.
			我喜欢你的鞋子。		I like your shoes.
			我的行李丢了。		I lost my luggage.
			我爱我的祖国。		I love my country.
			我喜欢那个故事。		I love that story.
			我让汤姆吃它。		I made Tom eat it.
			我需要更多的錢。		I need more money.
			我经常喝茶。		I often drink tea.
			我開了門。		I opened the door.
			我欠你这么多。		I owe you so much.
			我給蘋果削皮。		I peeled an apple.
			我扯掉了自己的裤子。		I ripped my pants.
			我坐在他旁边。		I sat by his side.
			我救了你一命。		I saved your life.
			我看見了他跑步。		I saw him running.
			我看了日出。		I saw the sunrise.
			我寄给她一个娃娃。		I sent her a doll.
			我該高興。		I should be happy.
			我在学校读书。		I study at school.
			我摘下了假发。		I took off my wig.
			我试图逃跑。		I tried to escape.
			我通常在外面吃饭。		I usually eat out.
			我想让汤姆赢。		I want Tom to win.
			我想要点钱。		I want some money.
			我想要一些纸。		I want some paper.
			我想要这部电话。		I want this phone.
			我想做更多。		I want to do more.
			我要回家。		I want to go home.
			我想读。		I want to read it.
			我想见汤姆。		I want to see Tom.
			我很想家。		I was so homesick.
			我很饿。		I was very hungry.
			我洗手了。		I washed my hands.
			我继续阅读。		I went on reading.
			我希望我可以去。		I wish I could go.
			我中奖了。		I won the lottery.
			我不会上当的。		I won't be fooled.
			我不会离开你。		I won't leave you.
			我自己写了它。		I wrote it myself.
			我写了这本书。		I wrote this book.
			我想要跳舞。		I'd like to dance.
			我要戴頭盔。		I'd wear a helmet.
			我要餵狗。		I'll feed the dog.
			等你。		I'll wait for you.
			我是个新生。		I'm a new student.
			我能说。		I'm able to speak.
			我很有耐心。		I'm being patient.
			我在喝牛奶。		I'm drinking milk.
			我很高兴我们同意。		I'm glad we agree.
			我要输了。		I'm going to lose.
			我要禱告了。		I'm going to pray.
			我准备晚餐。		I'm making dinner.
			我不太聰明。		I'm not too smart.
			我還不明白。		I'm still puzzled.
			我还在读书。		I'm still reading.
			我已经尽力了。		I've done my best.
			我冒犯到你了。		I've offended you.
			无视汤姆和我。		Ignore Tom and me.
			他的故事是真的吗？		Is his story true?
			浴室干净吗？		Is the bath clean?
			滑稽可笑。		It was ridiculous.
			这是一个好的开端。		It's a good start.
			说来话长。		It's a long story.
			影片很長。		It's a long video.
			都是我的错。		It's all my fault.
			已经是早上七点了。		It's already 7:00.
			它已经开放了。		It's already open.
			这是机密。		It's confidential.
			这里够热。		It's hot out here.
			它是人的天性。		It's human nature.
			只是一场梦而已。		It's just a dream.
			只是一场梦罢了。		It's just a dream.
			它是我兄弟的。		It's my brother's.
			不是我的错。		It's not my fault.
			不是那么远。		It's not that far.
			这是免费的。		It's on the house.
			这是我们的荣幸。		It's our pleasure.
			它真重。		It's pretty heavy.
			雨下得很大。		It's raining hard.
			這是不證自明的。		It's self-evident.
			现在太晚了。		It's too late now.
			靠右侧通行。		Keep to the right.
			让我们开始吧。		Let's get started.
			去踢足球吧。		Let's play soccer.
			我们去踢足球吧！		Let's play soccer.
			我们休息一下吧。		Let's take a rest.
			生活是美丽的。		Life is beautiful.
			人生良苦。		Life is very hard.
			真是好久不见啊		Long time, no see.
			看著我的眼睛。		Look into my eyes.
			玛丽非常可爱。		Mary is very cute.
			我可以把它放在这儿吗？		May I put it here?
			我的马是白色的。		My horse is white.
			我的笔记本电脑发生故障了。		My laptop crashed.
			我肩膀痛。		My shoulder hurts.
			我吃得很飽。		My stomach's full.
			什么问题都没有！		No problem at all!
			一点问题都没有！		No problem at all!
			小心打開。		Open it carefully.
			桃子都毛茸茸的。		Peaches are fuzzy.
			接一下电话。		Pick up the phone.
			请联系我们。		Please contact us.
			请您原谅。		Please forgive me.
			请原谅我。		Please forgive me.
			请原谅我吧。		Please forgive me.
			请重新考虑一下。		Please reconsider.
			请稍等一下。		Please wait a bit.
			假装你是我。		Pretend you're me.
			熄灯。		Put out the light.
			把手举起来！		Put your hands up!
			举起手来！		Put your hands up!
			用英语说。		Say it in English.
			替你们脸红啊。		Shame on you guys.
			她吃了一顆蘋果。		She ate one apple.
			她开始唱歌了。		She began to sing.
			她大声诅咒。		She cursed loudly.
			她没有走远。		She didn't go far.
			她有蓝色的眼睛。		She has blue eyes.
			她有双蓝眼睛。		She has blue eyes.
			她眼睛是蓝色的。		She has blue eyes.
			她喜欢橙子。		She likes oranges.
			她看起来不幸福。		She looks unhappy.
			她卖花。		She sells flowers.
			她痛哭。		She wept bitterly.
			她在浴室。		She's in the bath.
			她是我女儿。		She's my daughter.
			她不是小孩。		She's not a child.
			我该帮你吗？		Should I help you?
			不要烦我。		Stop bothering me.
			别再骂汤姆了。		Stop scolding Tom.
			告訴我真相。		Tell me the truth.
			白蚁吃木头。		Termites eat wood.
			那栋房子很大。		That house is big.
			那不是法语。		That isn't French.
			这不是我的工作。		That isn't my job.
			那是一隻野雞。		That's a pheasant.
			我就说了这么多。		That's all I said.
			这不可能。		That's impossible.
			这是我的问题。		That's my problem.
			這真的很糟。		That's really sad.
			那就是答案。		That's the answer.
			这很方便。		That's very handy.
			这只猫在吃东西。		The cat is eating.
			鐘停了。		The clock stopped.
			這隻狗跑走了。		The dog went away.
			门铃儿响了。		The doorbell rang.
			斗争结束了。		The fight is over.
			饭做好了！		The food is ready.
			锁坏了。		The lock's broken.
			会议结束了。		The meeting ended.
			疼痛消失了。		The pain has gone.
			汤很稠。		The soup is thick.
			太阳升起来了。		The sun is rising.
			系统运行起来了。		The system worked.
			貨車走了。		The truck is gone.
			后备箱满了。		The trunk is full.
			有罢工。		There is a strike.
			那裡有人打過架。		There was a fight.
			他们在吃午饭。		They are at lunch.
			他们都喜欢唱歌。		They like to sing.
			他们担心。		They were worried.
			他们会再尝试的。		They'll try again.
			这个苹果是坏的。		This apple is bad.
			这床很沉。		This bed is heavy.
			這可能很好玩。		This could be fun.
			这是一个奇迹。		This is a miracle.
			这是悖论。		This is a paradox.
			这很难。		This is difficult.
			這很貴。		This is expensive.
			這是胡說。		This is gibberish.
			这是她的房子。		This is her house.
			這是我的朋友。		This is my friend.
			这是我的妈妈。		This is my mother.
			这是我母亲。		This is my mother.
			这是我的妹妹。		This is my sister.
			这真的很简单。		This is real easy.
			这太无聊了。		This is so boring.
			这很好。		This is very good.
			這不是我的車。		This isn't my car.
			這不是我的鑰匙。		This isn't my key.
			這讓我難過。		This makes me sad.
			今天是星期四。		Today is Thursday.
			今天是礼拜四。		Today is Thursday.
			今天是我请客。		Today is my treat.
			汤姆成了英雄。		Tom became a hero.
			汤姆开始唱歌。		Tom began singing.
			汤姆开始说话。		Tom began talking.
			汤姆最近死了。		Tom died recently.
			汤姆开的车。		Tom drove the car.
			汤姆染发了。		Tom dyed his hair.
			过去汤姆没有家。		Tom had no family.
			汤姆的手大。		Tom has big hands.
			汤姆的眼睛是蓝色的。		Tom has blue eyes.
			汤姆恨蜘蛛。		Tom hates spiders.
			汤姆听到了一声喊叫。		Tom heard a shout.
			汤姆什么也没听见。		Tom heard nothing.
			汤姆是只书虫。		Tom is a bookworm.
			汤姆是好人。		Tom is a good guy.
			汤姆是魔法师。		Tom is a magician.
			汤姆是新来的。		Tom is a newcomer.
			汤姆是个真男人。		Tom is a true man.
			汤姆超重了。		Tom is overweight.
			汤姆在试探我。		Tom is testing me.
			汤姆令人难以忍受。		Tom is unbearable.
			汤姆没在笑。		Tom isn't smiling.
			汤姆做出了选择。		Tom made a choice.
			是汤姆让我做的。		Tom made me do it.
			汤姆可能会回来。		Tom may come back.
			汤姆想念波士顿了。		Tom misses Boston.
			汤姆动得好快。		Tom moves quickly.
			汤姆一定疯了。		Tom must be crazy.
			汤姆闭上了眼睛。		Tom shut his eyes.
			汤姆想说话。		Tom wants to talk.
			汤姆形单影只。		Tom was all alone.
			汤姆很虚弱。		Tom was very sick.
			汤姆的脸红了。		Tom's face is red.
			汤姆，你还好吧？		Tom, are you okay?
			再试一次。		Try it once again.
			请回来。		Turn back, please.
			打开收音机。		Turn on the radio.
			请来两杯啤酒。		Two beers, please.
			使用它或失去它。		Use it or lose it.
			汤姆吃惊吗？		Was Tom surprised?
			那太多了吗？		Was that too much?
			水是液体。		Water is a liquid.
			我们相信上帝。		We believe in God.
			我们什么都做不了。		We can do nothing.
			我们不这样认为。		We don't think so.
			我们可能永远不知道。		We may never know.
			我们必须介入。		We must intervene.
			我们去了波士顿。		We went to Boston.
			我们那时是孩子。		We were kids then.
			我们没怕。		We weren't afraid.
			我们战争胜利了。		We won the battle.
			我们反对战争。		We're against war.
			我们都在冒险。		We're all at risk.
			我们都处于危险之中。		We're all at risk.
			我们现在在做饭。		We're cooking now.
			我们是老朋友了。		We're old friends.
			我们就是问题所在。		We're the problem.
			我们被警告过了。		We've been warned.
			他们是认真的吗？		Were they serious?
			什么可以出岔子？		What can go wrong?
			你会做什么？		What could you do?
			他们说了些什么？		What did they say?
			您听到什么了？		What did you hear?
			我们现在怎么办？		What do we do now?
			这是什么意思？		What does it mean?
			你的名字叫什么？		What is your name?
			我要买什么？		What should I buy?
			搞什么啊？		What're you doing?
			你打算做什么？		What're you up to?
			是什么原因？		What's causing it?
			我们晚饭吃什么？		What's for supper?
			这是什么做的？		What's it made of?
			电话号码是多少？		What's the number?
			祕訣是什麼？		What's the secret?
			这是什么气味？		What's this smell?
			你的爱好是什么？		What's your hobby?
			你的专业是什么？		What's your major?
			汤姆什么时候到的？		When did Tom come?
			它是什么时候建成的？		When was it built?
			她是什么时候出生的？		When was she born?
			你现在在哪里呢？		Where are you now?
			您住在哪里？		Where do you live?
			您在哪里工作？		Where do you work?
			汤姆是哪里人？		Where is Tom from?
			银行在哪里？		Where is the bank?
			那本书在哪儿？		Where is the book?
			哪裡出去？		Where is the exit?
			哪裡痛？		Where is the pain?
			你爸爸在哪？		Where is your dad?
			你的狗在哪儿？		Where is your dog?
			我的文件夹去哪了？		Where's my folder?
			伏特加在哪里？		Where's the vodka?
			哪顆牙痛？		Which tooth hurts?
			这谁给你的？		Who gave you this?
			那是谁发明的？		Who invented that?
			是谁给你说那个的呢？		Who told you that?
			這是誰的車？		Whose car is this?
			这是谁的杯子？		Whose cup is this?
			这是谁的主意？		Whose idea was it?
			为什么您一个人？		Why are you alone?
			你为什么一个人？		Why are you alone?
			你为什么生气？		Why are you angry?
			你为什么醒着？		Why are you awake?
			为什么雪是白色的呢？		Why is snow white?
			你为什么迟到？		Why were you late?
			你会在那里吗？		Will you be there?
			你愿意嫁给我吗？		Will you marry me?
			你有点胖。		You are a bit fat.
			这里可以停车。		You can park here.
			你们不能解雇我们。		You can't fire us.
			你不能炒了我们。		You can't fire us.
			您不能炒了我们。		You can't fire us.
			你们不能炒了我们。		You can't fire us.
			你没发烧。		You have no fever.
			您要赶快些。		You have to hurry.
			你得走了。		You have to leave.
			你知道得太多了。		You know too much.
			你犯了个错误。		You made an error.
			我被你逗乐了。		You made me laugh.
			你必須離開。		You need to leave.
			你說太多了。		You talk too much.
			你工作太努力了。		You work too hard.
			你会找到工作的。		You'll find a job.
			你很上相。		You're photogenic.
			你太谦虚了。		You're too modest.
			你真是警惕。		You're very alert.
			你很聪明。		You're very smart.
			你做了很多。		You've done a lot.
			我们都喜欢她。		All of us like her.
			任何人都可以做到。		Anyone can do that.
			你是记者吗？		Are you a reporter?
			你今天忙吗？		Are you busy today?
			你在回家吗？		Are you going home?
			你在这里高兴吗？		Are you happy here?
			你在生汤姆的气吗？		Are you mad at Tom?
			你还冷吗？		Are you still cold?
			当心它。		Be careful with it.
			早饭准备好了。		Breakfast is ready.
			我可以叫您汤姆吗？		Can I call you Tom?
			我可以叫你汤姆吗？		Can I call you Tom?
			可以原谅我吗？		Can you forgive me?
			车子很贵。		Cars are expensive.
			进来，门开着。		Come in, it's open.
			来，再试试看。		Come on, try again.
			你把它们带来了么？		Did you bring them?
			你告发我了吗？		Did you tell on me?
			你喜欢苹果吗？		Do you like apples?
			你还记得我们吗？		Do you remember us?
			它令您快乐吗？		Does it please you?
			别吃太多。		Don't eat too much.
			别让他失望。		Don't let him down.
			别闹事。		Don't make trouble.
			不要错过公车。		Don't miss the bus.
			别胡说。		Don't talk rubbish.
			你不这么认为吗？		Don't you think so?
			每箇人都做了。		Everybody did that.
			所有人都是活着的。		Everybody is alive.
			每个人都该走。		Everyone should go.
			所有人都喝醉了。		Everyone was drunk.
			任何事情都是重要。		Everything matters.
			一切就绪。		Everything's ready.
			都给我。		Give me everything.
			把那把刀給我。		Give me that knife.
			把那个号码给我。		Give me the number.
			给我报告。		Give me the report.
			给我你的手机。		Give me your phone.
			戴上你的安全帽。		Go get your helmet.
			大家辛苦了！		Good job, everyone!
			把遥控器递给我。		Hand me the remote.
			飞行愉快！		Have a good flight.
			最近过得好吗？		Have you been well?
			你们吃饭了吗？		Have you eaten yet?
			他准时来了。		He arrived in time.
			他替我叫了一部計程車。		He called me a cab.
			他不能买车。		He can't buy a car.
			他真的說得很好。		He does speak well.
			他帮我打到一辆出租车。		He found me a taxi.
			他下了公車。		He got off the bus.
			他的脖子很長。		He has a long neck.
			他給自己投了保險。		He insured himself.
			他是賣魚的。		He is a fishmonger.
			他高尔夫球打得好。		He is good at golf.
			他是这么的无情。		He is so heartless.
			他踢了那顆球。		He kicked the ball.
			他仰躺。		He lay on his back.
			他喜欢冒险。		He likes adventure.
			他舉起他的手。		He raised his hand.
			他六点回来了。		He returned at six.
			他開了先河。		He set a precedent.
			他仍然爱着她。		He still loves her.
			他休了一周的假。		He took a week off.
			他骑自行车去的。		He went by bicycle.
			他騎腳踏車去。		He went by bicycle.
			他是騎自行車去的。		He went by bicycle.
			他很快就好了。		He'll be done soon.
			他是个好人。		He's a good fellow.
			他有点苍白。		He's a little pale.
			他是个吸毒男。		He's a meth addict.
			他已经是个男人了。		He's already a man.
			他在靠近。		He's coming closer.
			他是我新交的朋友。		He's my new friend.
			她的皮膚光滑。		Her skin is smooth.
			她的襪子是灰色的。		Her socks are gray.
			把你的钥匙给你。		Here are your keys.
			这是我的行李。		Here is my baggage.
			明天怎么样？		How about tomorrow?
			你觉得怎么样？		How do you like it?
			這是怎麼運行的？		How does this work?
			你家里人都还好吗？		How is your family?
			我接受了报价。		I accept the offer.
			我六英尺高。		I am six feet tall.
			我吃了一些菠菜。		I ate some spinach.
			我每天洗一次澡。		I bathe once a day.
			我烧掉了一切。		I burnt everything.
			我可以自己做。		I can do it myself.
			我甚麼都能吃。		I can eat anything.
			我可以等你。		I can wait for you.
			我没法相信！		I can't believe it!
			我不能相信。		I can't believe it.
			我不可以喝牛奶。		I can't drink milk.
			我不能喝牛奶。		I can't drink milk.
			我睡不好。		I can't sleep well.
			我没买面包。		I didn't buy bread.
			不敢当。		I don't deserve it.
			我不怕死。		I don't fear death.
			我没有猫。		I don't have a cat.
			我没有狗。		I don't have a dog.
			我不喜欢寿司。		I don't like sushi.
			我不吸大麻。		I don't smoke weed.
			不明白。		I don't understand.
			我梦到你了。		I dreamt about you.
			我去哪里都开车。		I drive everywhere.
			我感觉很舒服。		I feel comfortable.
			我想休息一下。		I feel like a rest.
			我遵守規矩。		I follow the rules.
			我和你保证。		I gave you my word.
			我六點左右起床。		I got up about six.
			我玩得很開心。		I had a lot of fun.
			我讨厌我的电脑。		I hate my computer.
			我恨我的电脑。		I hate my computer.
			我讨厌我的邻居。		I hate my neighbor.
			我有个轮胎瘪了。		I have a flat tire.
			我朋友很少。		I have few friends.
			我的帽子丢了。		I have lost my cap.
			我没力气了。		I have no strength.
			我有一些蘋果。		I have some apples.
			我得给汤姆打电话。		I have to call Tom.
			我必須把它漆上油漆。		I have to paint it.
			我得说这事。		I have to say this.
			我听到汤姆尖叫。		I heard Tom scream.
			我聽到他出去了。		I heard him go out.
			我希望我们能找到汤姆。		I hope we find Tom.
			我知道她的地址。		I know her address.
			我知道那種感覺。		I know the feeling.
			我知道问题。		I know the problem.
			我認識那些女孩。		I know those girls.
			我認識那些女人。		I know those women.
			我知道他做了。		I know what he did.
			我知道要說什麼。		I know what to say.
			我很喜欢烛光。		I like candlelight.
			我喜欢数学。		I like mathematics.
			我喜欢那个人。		I like that person.
			我喜欢你的建议。		I like your advice.
			我喜欢你的咖啡。		I like your coffee.
			我喜欢你的家庭。		I like your family.
			我丢了我的伞。		I lost my umbrella.
			我爱韩国料理。		I love Korean food.
			我爱好翻译。		I love translating.
			我另有计划。		I made other plans.
			我遇见了一位老妇人。		I met an old woman.
			我那么想念她。		I miss her so much.
			我想念我的孩子。		I miss my children.
			我如此想念你。		I miss you so much.
			好想見到你		I miss you so much.
			我需要更多黄油。		I need more butter.
			我需要你的意见。		I need your advice.
			我从不喝啤酒。		I never drink beer.
			我打算去那裡。		I plan to go there.
			我看見他逃跑了。		I saw him run away.
			我在公交车上睡觉了。		I slept on the bus.
			我依然不关心。		I still don't care.
			我每周游一次泳。		I swim once a week.
			我想他会来的吧。		I think he'll come.
			我觉得他会来。		I think he'll come.
			我努力忍住哭。		I tried not to cry.
			我八點起床。		I wake up at eight.
			我想让汤姆等着。		I want Tom to wait.
			我想去那裡。		I want to go there.
			我要紅色的鞋子。		I wanted red shoes.
			那个时候，我在家。		I was at home then.
			我一直在期待着！		I was expecting it!
			我也紧张。		I was nervous, too.
			我非常小心了。		I was very careful.
			我很放鬆。		I was very relaxed.
			我一天到晚看电视。		I watch TV all day.
			但願我很有錢。		I wish I were rich.
			祝你成功。		I wish you success.
			我回家比較好。		I'd better go home.
			我会叫汤姆回来。		I'll call Tom back.
			我会给你回电话的。		I'll call you back.
			我会需要帮助。		I'll get some help.
			给我来一份一样的。		I'll have the same.
			我就坐这儿。		I'll just sit here.
			我要一直做下去。		I'll keep doing it.
			我也会想你的。		I'll miss you, too.
			我要和汤姆一起骑车。		I'll ride with Tom.
			我有點累。		I'm a little tired.
			我怕狗。		I'm afraid of dogs.
			我总觉得渴。		I'm always thirsty.
			我是一名電工。		I'm an electrician.
			我跟她訂婚了。		I'm engaged to her.
			我是从新加坡来的。		I'm from Singapore.
			我很高興結束了。		I'm glad it's over.
			我进城去。		I'm going downtown.
			我正要去签到。		I'm going to check.
			我擅長滑雪。		I'm good at skiing.
			我擅長足球。		I'm good at soccer.
			我擅長網球。		I'm good at tennis.
			我才刚开始。		I'm just beginning.
			我失去了控制。		I'm losing my grip.
			我在製作電影。		I'm making a movie.
			我不是独裁者。		I'm not a dictator.
			我不是死板的。		I'm not inflexible.
			我不感兴趣。		I'm not interested.
			我有點不舒服。		I'm not quite well.
			我在陽臺上。		I'm on the balcony.
			我正在摘蘋果。		I'm picking apples.
			我准备好出发了。		I'm ready to leave.
			对不起，我来晚了。		I'm sorry I'm late.
			我非常抱歉。		I'm terribly sorry.
			我太忙了不能去。		I'm too busy to go.
			我在洗蘋果。		I'm washing apples.
			我增加了體重。		I've gained weight.
			我已經變得好多了。		I've gotten better.
			我把我的表丢了。		I've lost my watch.
			我以前从没见过她。		I've never met her.
			所有人都准备好了吗？		Is everybody ready?
			有什么不对吗？		Is something wrong?
			不够吗？		Is that not enough?
			有没有糖？		Is there any sugar?
			这就是全部吗？		Is this everything?
			这没有结果。		It came to nothing.
			它真的很便宜。		It is really cheap.
			这不实用。		It isn't practical.
			它变糟了。		It just gets worse.
			雪下了一週。		It snowed all week.
			很好修。		It was easy to fix.
			我这么说只是开个玩笑。		It was just a joke.
			那不是我的錯。		It wasn't my fault.
			它不会太贵的。		It won't cost much.
			这个例子举得不好。		It's a bad example.
			旅行是令人快乐的。		It's fun to travel.
			旅行是乐事。		It's fun to travel.
			这不重要。		It's not important.
			又下雨了！		It's raining again!
			今天下雨。		It's raining today.
			今天下雪。		It's snowing today.
			是时候离开了。		It's time to leave.
			这太贵了。		It's too expensive.
			太貴了。		It's too expensive.
			外面風很大。		It's windy outside.
			請給我水就好了。		Just water, please.
			不要踩草地。		Keep off the grass.
			知識就是力量。		Knowledge is power.
			知识就是力量。		Knowledge is power.
			離我的車遠一點。		Leave my car alone.
			不要碰我的車。		Leave my car alone.
			第二课容易。		Lesson Two is easy.
			我们离婚吧。		Let's get divorced.
			我们在这里下车吧。		Let's get off here.
			看看我的新車。		Look at my new car.
			看那个房子。		Look at that house.
			照镜子。		Look in the mirror.
			我可以用支票付吗？		May I pay by check?
			也许您有道理。		Maybe you're right.
			我的车不是棕的。		My car isn't brown.
			我父亲变老了。		My father grew old.
			我的一位朋友被枪杀。		My friend was shot.
			我的手烧伤了。		My hand was burned.
			我的腿还是很痛。		My legs still hurt.
			我妻子在家。		My wife is at home.
			谁也不能帮我。		No one can help me.
			没有人能帮我。		No one can help me.
			没人能阻止我！		Nobody can stop me!
			谁也没在看她。		Nobody watches her.
			什么也没少。		Nothing is missing.
			要听老师的话。		Obey your teachers.
			哦！那太糟糕了。		Oh! That's too bad.
			纸容易着火。		Paper burns easily.
			人家叫我汤姆。		People call me Tom.
			请不要开枪！		Please don't shoot.
			请穿衣服。		Please get dressed.
			請唱一首歌。		Please sing a song.
			请跟汤姆谈话。		Please talk to Tom.
			放下你的枪。		Put your guns down.
			卸下電池。		Remove the battery.
			土星是一顆行星。		Saturn is a planet.
			她差点就溺水了。		She almost drowned.
			她没有敌人。		She has no enemies.
			她是个内八字。		She is pigeon-toed.
			她很聰明。		She is very clever.
			她很可爱。		She is very pretty.
			她为我做了一个蛋糕。		She made me a cake.
			她让我幸福。		She makes me happy.
			她戴上了她的帽子。		She put on her hat.
			她坐在我旁边。		She sat next to me.
			她特别想去。		She so wants to go.
			她讲中文。		She speaks Chinese.
			她正在泡茶。		She was making tea.
			她很快就来了。		She will come soon.
			她贏得一切了。		She won everything.
			给我个例子。		Show me an example.
			有人在吃东西。		Somebody is eating.
			这里有人		Somebody's in here.
			留在这和汤姆在一起。		Stay here with Tom.
			不要走在草地上。		Stay off the grass.
			不要隨便開玩笑。		Stop joking around.
			把你们的帽子摘下来。		Take off your hats.
			告诉汤姆我很抱歉。		Tell Tom I'm sorry.
			告訴我該做什麼。		Tell me what to do.
			那个房子是我们的		That house is ours.
			那真有趣。		That is intriguing.
			那是我们的学校。		That is our school.
			这不是我的妻子。		That isn't my wife.
			这份工作工资很高。		That job paid well.
			这部分是容易的		That part was easy.
			看起来像天书。		That's Greek to me.
			真是个好主意！		That's a good idea!
			那是一件不錯的大衣。		That's a nice coat.
			那真令人鼓舞。		That's encouraging.
			它是给容易上当受骗的人的。		That's for suckers.
			那没什么大不了的。		That's no big deal.
			真好。		That's really nice.
			我就喜欢它。		That's what I like.
			那就是我想要的。		That's what I want.
			汽车发生故障了。		The car broke down.
			那辆车撞到墙了。		The car hit a wall.
			結案了。		The case is closed.
			机会错过了。		The chance is gone.
			咖啡是冷的。		The coffee is cold.
			覆水難收。		The damage is done.
			危險已過去。		The danger is over.
			狗在叫。		The dog is barking.
			冰箱開著。		The fridge is open.
			這蓋子打不開。		The lid won't open.
			灯已关了。		The lights are out.
			肉冻住了。		The meat is frozen.
			夜晚很冷。		The night was cold.
			老狗叫了。		The old dog barked.
			飞机准备好了。		The plane is ready.
			盤子很髒。		The plate is dirty.
			小偷跑了。		The thief ran away.
			轮胎漏气了。		The tire leaks air.
			我们的车走了。		There goes our bus.
			你又来了。		There you go again.
			没有错误。		There's no mistake.
			这些是我的书。		These are my books.
			这是我们的孩子。		These are our kids.
			這些狗很大。		These dogs are big.
			這一定是假的。		These must be fake.
			他们全都来了。		They all have come.
			他们满意了。		They are satisfied.
			他们没听。		They didn't listen.
			他们没付我钱。		They didn't pay me.
			他们过着和平的生活。		They live in peace.
			他们很眼熟。		They look familiar.
			他们永不言弃。		They never give up.
			他们服从了命令。		They obeyed orders.
			他们转过身。		They turned around.
			他们不会伤害我们。		They won't hurt us.
			他们在一起工作。		They work together.
			这本书小。		This book is small.
			这个男孩是我儿子。		This boy is my son.
			這把椅子很醜。		This chair is ugly.
			這把椅子很難看。		This chair is ugly.
			這把叉子是髒的。		This fork is dirty.
			這房子是我的。		This house is mine.
			这是医院。		This is a hospital.
			這是我所知道的。		This is all I know.
			這就是錯的。		This is just wrong.
			這是我的臥室。		This is my bedroom.
			這是我的項目。		This is my project.
			这可真好。		This is quite good.
			這是令人吃驚的。		This is surprising.
			这样好多了。		This is way better.
			这不是老虎。		This isn't a tiger.
			這不是給你的。		This isn't for you.
			這網站真好！		This site is great!
			这个故事是真的。		This story is true.
			那些是我的褲子。		Those are my pants.
			那些狗都很大。		Those dogs are big.
			今天很热。		Today is very warm.
			汤姆抛弃了他们。		Tom abandoned them.
			汤姆切到了手指。		Tom cut his finger.
			汤姆服从命令。		Tom follows orders.
			汤姆被宰了。		Tom got ripped off.
			汤姆被敲竹杠了。		Tom got ripped off.
			汤姆是个好厨师。		Tom is a good cook.
			汤姆一直都忙。		Tom is always busy.
			汤姆也来。		Tom is coming, too.
			汤姆要发疯。		Tom is going crazy.
			汤姆相当挑剔。		Tom is quite fussy.
			汤姆现在是认真的。		Tom is serious now.
			汤姆不是种族主义者。		Tom isn't a racist.
			汤姆不是天使。		Tom isn't an angel.
			汤姆学习了法语。		Tom learned French.
			汤姆喜欢足球。		Tom likes football.
			汤姆爱他的妻子。		Tom loves his wife.
			汤姆拿我开心。		Tom made fun of me.
			汤姆独自旅行。		Tom traveled alone.
			汤姆想离开。		Tom wants to leave.
			汤姆获得了胜利。		Tom was victorious.
			汤姆不渴。		Tom wasn't thirsty.
			汤姆不会高兴。		Tom won't be happy.
			明天是星期天。		Tomorrow is Sunday.
			她的故事是真的吗？		Was her story true?
			这汤好喝吗？		Was the soup tasty?
			我们收养了一个孩子。		We adopted a child.
			我们都睡着了。		We all fell asleep.
			我们不能在这里谈。		We can't talk here.
			我们没有打断。		We didn't break in.
			我们不相信汤姆。		We don't trust Tom.
			我们需要的只有水。		We just need water.
			我们什么都知道。		We know everything.
			我们知道我们的权利。		We know our rights.
			我们需要更多员工。		We need more staff.
			我们在公园里跑了步。		We ran in the park.
			我们分手吧。		We should break up.
			我们学了英语。		We studied English.
			我们想听听。		We want to hear it.
			我们很保守。		We're conservative.
			我们在吃面包。		We're eating bread.
			我们已经原谅你了。		We've forgiven you.
			真是个巧合！		What a coincidence!
			那么多钢笔！		What a lot of pens!
			你在做什麼？		What are you doing?
			多么糟糕的天气啊！		What awful weather!
			他什麼意思？		What could he mean?
			老虎吃什么东西？		What do tigers eat?
			这儿发生了什么事？		What happened here?
			刚刚发生了什么？		What just happened?
			你将拥有什么？		What will you have?
			在吃什么呢？		What're you eating?
			你在說什麼？		What're you saying?
			你在说什么呢？		What're you saying?
			你有什么建议呢？		What's your advice?
			什么时候开始？		When does it begin?
			我应该什么时候打电话？		When should I call?
			你是哪裡的人？		Where are you from?
			你在哪里读书？		Where do you study?
			他住在哪里？		Where does he live?
			她家在哪儿？		Where is her house?
			旅馆在哪里？		Where is the hotel?
			鞋子在哪儿？		Where're the shoes?
			你要去哪裡？		Where're you going?
			你们去哪里？		Where're you going?
			锤子在哪里？		Where's the hammer?
			哪个包是你的？		Which bag is yours?
			哪顶帽子是你的？		Which cap is yours?
			哪个是你的杯子？		Which cup is yours?
			哪个杯子是你的？		Which cup is yours?
			哪本是你的书？		Which is your book?
			那些家伙是谁？		Who are those guys?
			那人谁啊？		Who is that person?
			这个人是谁？		Who is this person?
			這蛋糕是誰做的？		Who made this cake?
			誰拿了錢？		Who took the money?
			这辆自行车是谁的？		Whose bike is this?
			那是谁的环？		Whose ring is that?
			他们为什么在生气？		Why are they angry?
			我干嘛在乎？		Why do I even care?
			你为什么恨我？		Why do you hate me?
			你为什么喜欢我？		Why do you love me?
			汤姆为什么兴奋？		Why is Tom excited?
			为什么我们应该要帮助？		Why should we help?
			我会留疤吗？		Will I have a scar?
			您非常勇敢。		You are very brave.
			你非常勇敢。		You are very brave.
			你没受到邀请。		You aren't invited.
			你坏了规矩。		You broke the rule.
			你不能这么说。		You can't say that.
			你可以这么说。		You could say that.
			这么说也可以。		You could say that.
			你干得很好。		You did a good job.
			你有客人。		You have a visitor.
			你有一双很可爱的眼睛。		You have cute eyes.
			你的皮膚真好。		You have nice skin.
			你知道我是正确的。		You know I'm right.
			你喜欢大象。		You like elephants.
			你看起来很吃惊。		You look surprised.
			你看上去很好。		You look very good.
			你看上去很苍白。		You look very pale.
			你一定是开玩笑！		You must be joking!
			你现在必须离开。		You must leave now.
			你该去理发店了。		You need a haircut.
			你欠我一个人情。		You owe me a favor.
			你处于危险之中。		You were in danger.
			你最好快点。		You'd better hurry.
			你会东山再起的。		You'll bounce back.
			你是个好厨师。		You're a good cook.
			你一直忙。		You're always busy.
			你總是遲到。		You're always late.
			你总是迟到。		You're always late.
			你是个乐观主义者。		You're an optimist.
			你还年轻。		You're still green.
			你仍然很年輕。		You're still young.
			你个小屁孩。		You're such a brat.
			你已经有人陪伴了。		You've got company.
			你太过分了。		You've overdone it.
			你有口臭。		Your breath smells.
			“相信我。”他说。		"""Trust me,"" he said."
			鲸鱼是哺乳动物。		A whale is a mammal.
			美洲很大。		America is very big.
			那是新买的鞋子吗？		Are those new shoes?
			你现在感到痛苦吗？		Are you in pain now?
			你在脸书上吗？		Are you on Facebook?
			让汤姆帮你。		Ask Tom to help you.
			但是，我不要。		But I don't want to.
			但我没有害怕。		But I wasn't afraid.
			可以给我一些茶水吗？		Can I have some tea?
			圣诞节近了。		Christmas drew near.
			摧毁这个寺庙。		Destroy this temple.
			你们打汤姆的小报告了吗？		Did you tell on Tom?
			你有刀吗？		Do you have a knife?
			你记日记吗？		Do you keep a diary?
			你喜欢阅读吗？		Do you like to read?
			你共住一个房间吗？		Do you share a room?
			您共住一个房间吗？		Do you share a room?
			你们共住一个房间吗？		Do you share a room?
			你想聊天吗？		Do you want to chat?
			汤姆有工作吗？		Does Tom have a job?
			不要掉了这个杯子。		Don't drop this cup.
			别让汤姆走了。		Don't let Tom leave.
			不要站在我身邊。		Don't stand near me.
			别那么着急。		Don't worry so much.
			你不知道那件事吗？		Don't you know that?
			度假愉快！		Enjoy your holidays.
			分秒必争。		Every minute counts.
			眾人鼓掌。		Everybody applauded.
			大家都是这样想的。		Everybody thinks so.
			每个人都担心。		Everybody's worried.
			每个人都很特别。		Everyone is special.
			那件事谁都知道。		Everyone knows that.
			一切看上去正常。		Everything seems OK.
			一切正常。		Everything's normal.
			不好意思，我迷路了。		Excuse me, I'm lost.
			很少人这么认为。		Few people think so.
			今天魚很便宜。		Fish is cheap today.
			自由是有代价的。		Freedom is not free.
			从那儿下来！		Get down from there.
			滚出我的房子。		Get out of my house.
			给我支香烟吧。		Give me a cigarette.
			他已经走了吗？		Has he gone already?
			周末愉快。		Have a good weekend!
			他接受了我的主意。		He accepted my idea.
			他改变想法了。		He changed his mind.
			我的病给他治好了。		He cured my illness.
			他把我的病给医好了。		He cured my illness.
			他做这个是为了钱。		He did it for money.
			他不知道。		He didn't know that.
			他不喜欢我们。		He does not like us.
			他開車速度非常快。		He drives very fast.
			他加入了陸軍。		He entered the army.
			他向那位女士问好。		He greeted the lady.
			他有自己的房间。		He has his own room.
			他已經失去了他的工作。		He has lost his job.
			他讨厌坐飞机旅行。		He hates air travel.
			他是位出色的作家。		He is a good writer.
			他的文筆很好。		He is a good writer.
			他是个有教养的人。		He is a learned man.
			他今天在家。		He is at home today.
			他是我的一位老朋友。		He is my old friend.
			他是我的老朋友。		He is my old friend.
			他不信教。		He is not religious.
			他正在散步。		He is taking a walk.
			他很英俊。		He is very handsome.
			他信守了他的承诺。		He kept his promise.
			他一小时前走了。		He left an hour ago.
			他居住在英格兰。		He lives in England.
			他看起来很可疑。		He looks suspicious.
			他可能不高兴。		He may not be happy.
			他舉起了他的手。		He raised his hands.
			他坐在長凳上。		He sat on the bench.
			他好像病了。		He seems to be sick.
			他本该来的。		He should have come.
			他非常有耐心。		He was very patient.
			他从头到脚都湿了。		He was wet all over.
			他工作很努力。		He worked very hard.
			他永远不会打败我的。		He'll never beat me.
			他是个日本少年。		He's a Japanese boy.
			他怕狗。		He's afraid of dogs.
			他总是在笑。		He's always smiling.
			他在全力以赴。		He's doing his best.
			他在厨房。		He's in the kitchen.
			他比我高。		He's taller than me.
			他是长子。		He's the oldest son.
			他是最年长的儿子。		He's the oldest son.
			她脸红了。		Her face turned red.
			她儿子是个天才。		Her son is a genius.
			這是你零錢。		Here is your change.
			以下是我们怎么做的。		Here's how we do it.
			这是你的布丁。		Here's your pudding.
			他的自行车是蓝色的。		His bicycle is blue.
			他的演说打动了我们。		His speech moved us.
			我多麼想念你！		How I've missed you!
			泰国菜怎么样？		How about Thai food?
			我怎麼到那裡去？		How can I get there?
			我怎么联系你？		How can I reach you?
			我们怎样才可以救汤姆？		How can we save Tom?
			那你是怎么做的？		How did you do that?
			你现在感觉如何？		How do you feel now?
			我们有多远了？		How far away are we?
			夏天过得怎么样？		How was your summer?
			你女儿怎么了？		How's your daughter?
			我匆忙的吃了午餐。		I ate a hasty lunch.
			我信鬼神之说。		I believe in ghosts.
			我盖了栋新房子。		I built a new house.
			我明天能来。		I can come tomorrow.
			我能看到光線。		I can see the light.
			我随时可以开始。		I can start anytime.
			我這回能贏。		I can win this time.
			我买不起那个。		I can't afford that.
			我不会做任何事。		I can't do anything.
			我找不到我的包了。		I can't find my bag.
			我找不到我的筆。		I can't find my pen.
			我一点也不会游泳。		I can't swim at all.
			我清理了桌子。		I cleared the table.
			我繼續工作。		I continued working.
			我没有预定这个。		I didn't order this.
			我不同意你的看法。		I disagree with you.
			我不吃橙子。		I don't eat oranges.
			我不喜欢学校。		I don't like school.
			我不喜欢夏天。		I don't like summer.
			我不喜欢冬天。		I don't like winter.
			我谁也不需要。		I don't need anyone.
			我看不出为什么不。		I don't see why not.
			我不想吃。		I don't want to eat.
			我今晚感觉良好。		I felt good tonight.
			我忘记问他了。		I forgot to ask him.
			把我的心给你。		I give you my heart.
			我七點回到家。		I got home at seven.
			我在波士頓成長。		I grew up in Boston.
			我有本字典。		I have a dictionary.
			我有一本字典。		I have a dictionary.
			我烧得很厉害。		I have a high fever.
			我去过罗马。		I have been to Rome.
			我的嘴裂开了。		I have chapped lips.
			我该去睡觉了。		I have to go to bed.
			我该上床了。		I have to go to bed.
			我得留在家。		I have to stay home.
			我听见她唱歌了。		I heard her singing.
			我希望你能来。		I hope you can come.
			我刚打扫过这个。		I just cleaned this.
			我只想休息一下		I just need a break.
			我只想休養。		I just want to rest.
			他们中的任何一位我都不认识。		I know none of them.
			我知道你做了什麼。		I know what you did.
			我知道她在哪里。		I know where she is.
			我知道你难过。		I know you're upset.
			我喜欢火龙果。		I like dragon fruit.
			我喜欢他们每一个。		I like each of them.
			我喜欢散步。		I like taking walks.
			我住在这区。		I live in this area.
			我住得太遠了。		I live too far away.
			我常常感冒。		I often catch colds.
			我經常吃雞。		I often eat chicken.
			我迅速地吃了午飯。		I quickly ate lunch.
			我真的不在乎。		I really don't care.
			我真的不会唱。		I really don't sing.
			我真的得走了。		I really have to go.
			我去年退休了。		I retired last year.
			我上周见到了他。		I saw him last week.
			昨晚我看见它了。		I saw it last night.
			我也说法语。		I speak French, too.
			我和朋友们交谈。		I talked to friends.
			我认为你傻。		I think you're dumb.
			我对汤姆说我很好。		I told Tom I was OK.
			我試著要告訴你。		I tried to tell you.
			我要让汤姆去做。		I want Tom to do it.
			我想找女朋友。		I want a girlfriend.
			我想再来一杯啤酒。		I want another beer.
			我想喝醉。		I want to get drunk.
			我想要出国。		I want to go abroad.
			我想住在这里。		I want to live here.
			我要参与。		I want to take part.
			我要你放鬆一下。		I want you to relax.
			我想要聽聽你的意見。		I want your opinion.
			我已经累了。		I was already tired.
			我昨天生病了。		I was ill yesterday.
			我之前在撒谎。		I was lying earlier.
			我真是饿了。		I was pretty hungry.
			我被烦死了。		I was quite annoyed.
			但願我還年輕。		I wish I were young.
			我不会放弃你的。		I won't abandon you.
			不会再有下次了。		I won't do it again.
			我全写下来了。		I wrote it all down.
			我宁愿避免这种事。		I'd rather avoid it.
			我十点回来。		I'll be back at ten.
			我晚点打给你。		I'll call you later.
			我明天再做。		I'll do it tomorrow.
			我開車送你回家。		I'll drive you home.
			我让你来决定。		I'll let you decide.
			我会让你幸福的。		I'll make you happy.
			我是社工。		I'm a social worker.
			我是這裡的外地人。		I'm a stranger here.
			我和他同年。		I'm as old as he is.
			我就指望你了。		I'm counting on you.
			我为你着迷。		I'm crazy about you.
			我快渴死了。		I'm dying of thirst.
			我现在正在吃米饭。		I'm eating rice now.
			我去学校了。		I'm going to school.
			我在找你。		I'm looking for you.
			我一點也不累。		I'm not a bit tired.
			我不是一名警察。		I'm not a policeman.
			我还没有结婚。		I'm not married yet.
			我一点都不好。		I'm not well at all.
			我不是你母親。		I'm not your mother.
			我现在在屋顶上。		I'm on the roof now.
			我为我儿子感到骄傲。		I'm proud of my son.
			我厌倦了英语。		I'm sick of English.
			我被工作困住了。		I'm stuck in my job.
			我比你高。		I'm taller than you.
			我今天很忙。		I'm very busy today.
			我很有条理。		I'm very methodical.
			我在等他。		I'm waiting for him.
			我正在看电视。		I'm watching TV now.
			我有事要做。		I've got work to do.
			今天我一直很忙。		I've had a busy day.
			我的鉛筆掉了。		I've lost my pencil.
			我错过了太多。		I've missed so much.
			我见过汤姆光着。		I've seen Tom naked.
			汤姆在帮玛丽吗？		Is Tom helping Mary?
			离这儿远吗？		Is it far from here?
			这真是真的吗？		Is this really real?
			这是你的家人吗？		Is this your family?
			这只铅笔是你的吗？		Is this your pencil?
			它有危险。		It can be dangerous.
			可不容易。		It hasn't been easy.
			看上去很可疑。		It looks suspicious.
			昨天下雨了。		It rained yesterday.
			自作自受。		It serves you right.
			它很好玩。		It was a lot of fun.
			这是个挺好的故事。		It was a nice story.
			天要黑了。		It was getting dark.
			没那么冷。		It wasn't that cold.
			绝对将要下雨。		It'll rain for sure.
			这是一所现代房屋。		It's a modern house.
			都是你的错。		It's all your fault.
			不是你的風格。		It's not your style.
			太棒了。		It's really awesome.
			這麼說是安全的。		It's safe to say so.
			它是值得等待的。		It's worth the wait.
			繼續直行。		Keep going straight.
			今天就到此为止吧。		Let's call it a day.
			让我们保持联络。		Let's keep in touch.
			让我们保持联系。		Let's keep in touch.
			舉起你的右臂。		Lift your right arm.
			爱就像氧气。		Love is like oxygen.
			与邻居相亲相爱。		Love your neighbors.
			我可以喝酒吗？		May I drink alcohol?
			我可以吃那个蛋糕吗？		May I eat that cake?
			水星是一顆行星。		Mercury is a planet.
			請再給我一點咖啡。		More coffee, please.
			我的背還在痛。		My back still hurts.
			我爸会杀了我的。		My dad will kill me.
			我女朋友哭了。		My girlfriend cried.
			我的爱好是阅读。		My hobby is reading.
			我家很远。		My home is far away.
			我的脖子还疼。		My neck still hurts.
			我的笔记本是粉色的。		My notebook is pink.
			我房间是个猪窝。		My room is a pigsty.
			我喉咙很干。		My throat feels dry.
			我全身疼痛。		My whole body hurts.
			我的老婆是醫生。		My wife is a doctor.
			我的拉链卡住了。		My zipper got stuck.
			我们中的一个得走。		One of us has to go.
			鸵鸟不会飞。		Ostriches can't fly.
			把鍋鏟遞給我。		Pass me the spatula.
			請整理床鋪。		Please make the bed.
			請祝我好運。		Please wish me luck.
			物价上涨了。		Prices are going up.
			穿上點衣服。		Put on some clothes.
			把球传给我。		Roll the ball to me.
			卷起你的袖子。		Roll up your sleeve.
			后天见。		See you in two days.
			她煮了蛋。		She boiled the eggs.
			她終於做到了。		She finally made it.
			她晚上九點鐘上了車。		She got in at 9 p.m.
			她的体重减轻了。		She has lost weight.
			她止住了呼吸。		She held her breath.
			她大約跟我同年紀。		She is about my age.
			她还是个小女孩。		She is still a girl.
			她繼續工作。		She kept on working.
			她给我沏了茶。		She made tea for me.
			她给我泡了茶。		She made tea for me.
			她唱歌非常好。		She sings very well.
			她去散步了。		She went for a walk.
			她九点开始工作。		She works from nine.
			她很努力工作。		She works very hard.
			她戴著一頂帽子。		She's wearing a hat.
			和我唱首歌。		Sing a song with me.
			有人在监视。		Someone is watching.
			停止大声说话。		Stop talking loudly.
			把襪子脫掉。		Take off your socks.
			把你的袜子脱了。		Take off your socks.
			那顆蘋果是你的。		That apple is yours.
			这个男孩子在跑步。		That boy is running.
			那个男孩在跑步。		That boy is running.
			这天会到来。		That day shall come.
			这不是我拿手的。		That is not my line.
			那是我的錯。		That was my mistake.
			那是汤姆的妈妈。		That's Tom's mother.
			這是一首很棒的詩。		That's a great poem.
			那是棵小树。		That's a small tree.
			那是例外。		That's an exception.
			说得也是。		That's true as well.
			那是你的想法。		That's your opinion.
			這顆鈕扣脫落了。		The button came off.
			釦子掉了。		The button came off.
			那猫没死。		The cat is not dead.
			農作物需要雨水。		The crops need rain.
			这门怎样都打不开。		The door won't open.
			事实显而易见。		The facts are clear.
			文件已损坏。		The file is corrupt.
			火警警报响了。		The fire alarm rang.
			冰箱是空的。		The fridge is empty.
			冰箱空了。		The fridge is empty.
			湖冻冰了。		The lake was frozen.
			月光在照耀著。		The moon is shining.
			文件被风刮起来。		The papers blew off.
			服务器宕机了。		The server was down.
			服务器下线了。		The server was down.
			天空很清朗。		The skies are clear.
			天暗了下来。		The sky turned dark.
			汤太烫了。		The soup is too hot.
			树是绿的。		The trees are green.
			水在升高。		The water is rising.
			这些是我们的书桌。		These are our desks.
			他们不喜欢汤姆。		They don't like Tom.
			他们不喜欢你。		They don't like you.
			他们震惊了。		They were surprised.
			他们不会找到汤姆。		They won't find Tom.
			這顆蘋果很甜。		This apple is sweet.
			这辆车卖得好。		This car sells well.
			这把椅子很轻。		This chair is light.
			我对此一窍不通。		This is Greek to me.
			真是美好的一天。		This is a great day.
			這是蘋果汁。		This is apple juice.
			这是我父亲的。		This is my father's.
			這本是我的筆記本。		This is my notebook.
			这是我自己的自行车。		This is my own bike.
			这是他们家。		This is their house.
			这就是我想要的。		This is what I want.
			这不是一只鹰。		This isn't an eagle.
			這讓我開心。		This makes me happy.
			这张桌子是干净的。		This table is clean.
			这张桌子很重。		This table is heavy.
			东京是一个很大的城市。		Tokyo is a big city.
			汤姆成了医生。		Tom became a doctor.
			汤姆买了张票。		Tom bought a ticket.
			汤姆找不到玛丽。		Tom can't find Mary.
			汤姆不会系领带。		Tom can't tie a tie.
			汤姆关心你。		Tom cares about you.
			汤姆不喜欢我。		Tom doesn't like me.
			汤姆终于停了。		Tom finally stopped.
			汤姆什么也没给我们。		Tom gave us nothing.
			汤姆很饿。		Tom got very hungry.
			汤姆冷静下来了。		Tom has calmed down.
			汤姆手小。		Tom has small hands.
			汤姆听到了声音。		Tom heard the sound.
			汤姆躲在棚里。		Tom hid in the shed.
			汤姆是玛丽的叔叔。		Tom is Mary's uncle.
			汤姆是个公交车司机。		Tom is a bus driver.
			汤姆是聪明的孩子。		Tom is a clever kid.
			汤姆是个小男孩。		Tom is a little boy.
			汤姆是位政治家。		Tom is a politician.
			汤姆是个很强壮的人。		Tom is a strong guy.
			汤姆经常累。		Tom is always tired.
			汤姆在吹嘘。		Tom is exaggerating.
			汤姆亲吻玛利亚。		Tom is kissing Mary.
			汤姆相当生气。		Tom is really angry.
			汤姆在努力工作。		Tom is working hard.
			汤姆两个都喜欢。		Tom likes them both.
			汤姆住在贫民窟里。		Tom lives in a slum.
			汤姆做了个三明治。		Tom made a sandwich.
			汤姆欠我们个情。		Tom owes us a favor.
			汤姆坐在玛丽旁边。		Tom sat beside Mary.
			汤姆说他累了。		Tom says he's tired.
			汤姆应该感谢我。		Tom should thank me.
			汤姆站在我后面。		Tom stood behind me.
			汤姆停下脚步。		Tom stopped walking.
			汤姆星期五闲着。		Tom took Friday off.
			汤姆拍了这张照。		Tom took this photo.
			汤姆想洗个澡。		Tom wanted a shower.
			汤姆想来看望我们。		Tom wants to see us.
			汤姆是个真英雄。		Tom was a real hero.
			汤姆一个人回家了。		Tom went home alone.
			汤姆不会来了。		Tom won't be coming.
			汤姆写了这本书。		Tom wrote this book.
			汤姆的支票被退票了。		Tom's check bounced.
			汤姆没有呼吸了。		Tom's not breathing.
			汤姆的房间很脏。		Tom's room is dirty.
			尽量别迷路。		Try not to get lost.
			现在休息一下。		Try resting for now.
			雨伞卖得好。		Umbrellas sell well.
			七点叫醒我。		Wake me up at seven.
			我们都喜欢骑自行车。		We all like cycling.
			我们抓住了小偷。		We caught the thief.
			我们自己做的。		We did it ourselves.
			我们谁也没看见。		We have seen no one.
			我们经常下棋。		We often play chess.
			我们在湖里游了泳。		We swam in the lake.
			我们是为了死亡而诞生的。		We were born to die.
			我们在吃苹果。		We're eating apples.
			终于就剩下我们了。		We're finally alone.
			我们犯错了。		We've made mistakes.
			我们没有做好。		We've not done well.
			欢迎来到我们家。		Welcome to our home.
			欢迎来到俱乐部。		Welcome to the club.
			多么荒唐的故事！		What a bizarre tale!
			你在掩饰什么？		What are you hiding?
			你在這裡做甚麼？		What do you do here?
			那里发生什么了？		What happened there?
			今天发生了什么事？		What happened today?
			汤姆说不行会怎样呢？		What if Tom says no?
			桌子上有什么？		What is on the desk?
			为什么她要做这种事情呢？		What made her do so?
			我该带些什么？		What should I bring?
			你想要甚麼？		What would you like?
			你在看什么？		What're you reading?
			汤姆给了我们什么？		What's Tom given us?
			汤姆的借口是什么？		What's Tom's excuse?
			事已至此。		What's done is done.
			出什么事了，宝贝？		What's wrong, honey?
			你有什么问题？		What's your problem?
			你到底怎么回事啊？		What's your problem?
			你到底怎麼回事啊？		What's your problem?
			你什麼意思？		What's your problem?
			这事是什么时候发生的？		When did this occur?
			它什么时候到？		When does it arrive?
			你什么时候离开？		When will you leave?
			你去哪儿？		Where are you going?
			你在哪里学习？		Where did you study?
			你一直在哪里？		Where have you been?
			你家在哪裡？		Where is your house?
			您的家在哪？		Where is your house?
			汤姆的东西在哪里？		Where's Tom's stuff?
			哪本书是你的？		Which book is yours?
			你和谁说话呢？		Who did you talk to?
			谁喝了水？		Who drank the water?
			谁是你老师？		Who is your teacher?
			誰偷了蘋果？		Who stole the apple?
			誰想要蘋果派？		Who wants apple pie?
			今天谁值班？		Who's on duty today?
			为什么我还在这里？		Why am I still here?
			你为什么卖了它？		Why did you sell it?
			你为什么不做？		Why don't you do it?
			为什么天是蓝的？		Why is the sky blue?
			你触犯了规则。		You broke the rules.
			你可以依靠它。		You can count on it.
			你可以依靠他。		You can rely on him.
			这里不能停车。		You can't park here.
			你有选择。		You do have choices.
			你们疯了吧		You guys looked mad.
			你有一份好工作。		You have a good job.
			你的脚脏。		You have dirty feet.
			您全都有。		You have everything.
			您有很多书。		You have many books.
			你有许多书。		You have many books.
			你们必须回家。		You have to go home.
			你今天看上去很苍白。		You look pale today.
			你看上去非常累。		You look very tired.
			您可以随便去哪儿。		You may go anywhere.
			你可以随便去哪儿。		You may go anywhere.
			你该学得更多。		You must study more.
			你需要保護。		You need protection.
			你应该试试这个。		You should try this.
			你最好现在就走。		You'd better go now.
			你最好不要去。		You'd better not go.
			你也被邀请了。		You're invited, too.
			你令人难以抗拒。		You're irresistible.
			您不是医生。		You're not a doctor.
			你還不太晚。		You're not too late.
			你太漂亮了！		You're so beautiful!
			你是囚犯。		You're the prisoner.
			你太大方了。		You're too generous.
			你爸爸很高。		Your father is tall.
			你的头发很漂亮。		Your hair is pretty.
			你的刀生鏽了。		Your knife is rusty.
			你的鞋在这儿。		Your shoes are here.
			你的在那儿呢。		Yours is over there.
			请给我一杯茶。		A cup of tea, please.
			需要准许。		A permit is required.
			我们将会输了吗？		Are we going to lose?
			你害怕我？		Are you afraid of me?
			您今晚有空吗？		Are you free tonight?
			你去還是不去？		Are you going or not?
			你数学好吗？		Are you good at math?
			到处都是血。		Blood was everywhere.
			但你不在那裡。		But you're not there.
			我能问个问题吗？		Can I ask a question?
			我可以牵着你的手吗？		Can I hold your hand?
			我能用你的电话吗？		Can I use your phone?
			他说英语吗？		Can he speak English?
			我们能不打了吗？		Can we stop fighting?
			你能猜到我的年龄吗？		Can you guess my age?
			您会骑马吗？		Can you ride a horse?
			你会骑马吗？		Can you ride a horse?
			猫讨厌被弄湿。		Cats hate to get wet.
			孩子们需要关爱。		Children need loving.
			人要衣裝。		Clothes make the man.
			来看看！		Come and take a look.
			六点之前要回家。		Come home before six.
			我可以尝试着做吗？		Could I try to do it?
			我错过派对了吗？		Did I miss the party?
			汤姆跟玛丽说话了吗？		Did Tom talk to Mary?
			有人打汤姆了吗？		Did somebody hit Tom?
			你买猫粮了吗？		Did you buy cat food?
			黑洞存在吗？		Do black holes exist?
			到别处去做。		Do it somewhere else.
			他们喜欢橙子吗？		Do they like oranges?
			你六点起床吗？		Do you get up at six?
			你有照相机吗？		Do you have a camera?
			你有兄弟姐妹吗？		Do you have siblings?
			你耳鸣吗？		Do you have tinnitus?
			你很了解汤姆吗？		Do you know Tom well?
			你喜欢游泳吗？		Do you like swimming?
			你每天都跑步吗？		Do you run every day?
			你说英语吗？		Do you speak English?
			你还喜欢我吗？		Do you still like me?
			您学英语吗？		Do you study English?
			你学英语吗？		Do you study English?
			别这么粗心！		Don't be so careless!
			不要那么幼稚。		Don't be so childish.
			别像猪一样猛吃东西。		Don't eat like a pig.
			别走极端。		Don't go to extremes.
			别离开房间。		Don't leave the room.
			不要打开你的书。		Don't open your book.
			别想阻止我。		Don't try to stop me.
			每个人似乎都很紧张。		Everyone seems tense.
			一切都很顺利。		Everything went well.
			終於星期五了。		Finally, it's Friday.
			去拿一下报纸。		Get me the newspaper.
			把筆記本給我。		Give me the notebook.
			回到你的座位。		Go back to your seat.
			去拿你的护照。		Go get your passport.
			汤姆，希望你今天玩得开心。		Have a nice day, Tom.
			你在吃东西吗？		Have you been eating?
			他接受了她的礼物。		He accepted her gift.
			我和他是朋友。		He and I are friends.
			他拯救了我。		He came to my rescue.
			他自杀了。		He committed suicide.
			他狼吞虎咽地吃了一顿。		He devoured his meal.
			他不怕死。		He didn't fear death.
			他面有飢色		He had a hungry look.
			他收入可观。		He has a nice income.
			他有很多钱。		He has lots of money.
			他没有女朋友。		He has no girlfriend.
			他的视力不佳。		He has poor eyesight.
			他的手臂很有力。		He has powerful arms.
			他有着奇妙的想法。		He has strange ideas.
			他有两个女儿。		He has two daughters.
			他岁数和你差不多。		He is about your age.
			他跟您年纪差不多。		He is about your age.
			他一直与我同在。		He is always with me.
			他和她一样高。		He is as tall as her.
			他充满活力。		He is full of energy.
			他在图书馆里。		He is in his library.
			他在做曲奇。		He is making cookies.
			他很敏感。		He is very sensitive.
			他戴着手套。		He is wearing gloves.
			他会游泳。		He knows how to swim.
			他认识很多人。		He knows many people.
			他一个人住在那儿。		He lives there alone.
			他可能病了。		He may have been ill.
			他收起了他的玩具。		He put away his toys.
			他跑进房间内。		He ran into the room.
			他读很多书。		He reads a good deal.
			他把衬衫脱了。		He removed his shirt.
			他看起来好像很幸福。		He seems quite happy.
			他悄悄地递给我一张纸条。		He slipped me a note.
			他说得很大声。		He spoke very loudly.
			他学习非常努力。		He studied very hard.
			他按照字面上的意思。		He took it literally.
			他以前住在这儿。		He used to live here.
			他想亲她。		He wants to kiss her.
			他以前是个诚实的人。		He was an honest man.
			他被选为市长。		He was elected mayor.
			他气喘吁吁的。		He was out of breath.
			他之前坐在这里。		He was sitting there.
			他去了商店。		He went to the store.
			他很快就会回来的。		He will be back soon.
			他给我写了封信。		He wrote me a letter.
			他是个网球球手。		He's a tennis player.
			他准会忘。		He's bound to forget.
			他被你迷住了。		He's crazy about you.
			他正在洗他的车。		He's washing his car.
			他比我年轻。		He's younger than me.
			她在流鼻血。		Her nose is bleeding.
			嘿，你！請稍候。		Hey you! Please wait.
			嗨！你在这儿工作吗？		Hi! Do you work here?
			他的脸失去了所有颜色。		His face turned pale.
			他的记忆力使我惊讶。		His memory amazes me.
			你怎麼能那麼說？		How can you say that?
			我怎么才能发胖？		How do I gain weight?
			富士山有多高？		How high is Mt. Fuji?
			胡蘿蔔多少錢？		How much are carrots?
			您付了多少钱？		How much did you pay?
			这顶帽子多少钱？		How much is this hat?
			这支钢笔要多少钱？		How much is this pen?
			你媳妇怎么样，汤姆？		How's your wife, Tom?
			我佩服他的勇气。		I admire his courage.
			我承認這很奇怪。		I admit it's strange.
			我已经道歉了。		I already apologized.
			我指望你了。		I am counting on you.
			见到她我很高兴。		I am glad to see her.
			我四點要離開。		I am leaving at four.
			我申请了签证。		I applied for a visa.
			我相信那个故事。		I believe that story.
			我买了一盏很旧的灯。		I bought an old lamp.
			我为你建了这个。		I built this for you.
			我快看不到你了。		I can barely see you.
			我可以随心所欲。		I can do what I want.
			我会唱歌跳舞。		I can sing and dance.
			我游泳可以游得很快。		I can swim very fast.
			我買不起車子。		I can't afford a car.
			我不太確定。		I can't say for sure.
			我不能關掉它。		I can't shut it down.
			完全睡不着。		I can't sleep at all.
			我不能等你。		I can't wait for you.
			我不能永远地等。		I can't wait forever.
			我放不下。		I couldn't let it go.
			我什么事都没有做。		I didn't do anything.
			我没有独自做。		I didn't do it alone.
			我不歧视人。		I don't discriminate.
			我没弄明白这个笑话。		I don't get the joke.
			我没明白那个笑话。		I don't get the joke.
			我不喜欢科学。		I don't like science.
			我不想吹牛。		I don't mean to brag.
			我不想游泳。		I don't want to swim.
			我不想等。		I don't want to wait.
			我嫉妒你的幸運。		I envy you your luck.
			我想笑。		I feel like laughing.
			我忘了給他打電話。		I forgot to call him.
			我偶然找到了它。		I found it by chance.
			昨晚我玩得开心。		I had fun last night.
			我没有吃饭的时间。		I had no time to eat.
			我讨厌无声电影。		I hate silent movies.
			我有工作給你。		I have a job for you.
			我有很多狗。		I have a lot of cats.
			我有那麼多的主意。		I have so many ideas.
			我有三个堂兄。		I have three cousins.
			我有三张票。		I have three tickets.
			我应该尽我的全力。		I have to do my best.
			我得去工作了。		I have to go to work.
			我有你需要的。		I have what you need.
			我希望你别死。		I hope you don't die.
			我邀请了我的朋友。		I invited my friends.
			我只想睡觉。		I just want to sleep.
			我认识汤姆的弟兄。		I knew Tom's brother.
			我非常了解她。		I know her very well.
			我知道生命是短暂的。		I know life is short.
			我知道你的意思。		I know what you mean.
			我知道谁喜欢汤姆。		I know who likes Tom.
			我讓門開著。		I left the door open.
			我喜欢吃苹果。		I like to eat apples.
			我住在一个大城市里。		I live in a big city.
			我很期待哦。		I look forward to it.
			我看了自己的笔记。		I looked at my notes.
			我做了点改动。		I made a few changes.
			我可能明天就会死了。		I might die tomorrow.
			我得卖我的房子。		I must sell my house.
			我需要学习数学。		I need to study math.
			我需要作筆記。		I need to take notes.
			我已经不爱他了。		I no longer love him.
			我不再爱你了。		I no longer love you.
			我曾在罗马生活过。		I once lived in Rome.
			我欠了很多钱。		I owe a lot of money.
			我付了他钱。		I paid him the money.
			我保证我会做的。		I promise I'll do it.
			我拒绝了报价。		I rejected the offer.
			我记得这个单词。		I remember this word.
			我说了可能要下雨。		I said it might rain.
			我說開門。		I said open the door.
			我看見了很多大巴車。		I saw a lot of buses.
			我本应婉拒。		I should've declined.
			我大概懂了。		I sort of understand.
			我昨晚学习了。		I studied last night.
			我想我懂了。		I think I understand.
			我认为它错了。		I think it was wrong.
			我看那糟透了。		I think that's awful.
			我想这是真的。		I think this is true.
			我觉得你在撒谎。		I think you're lying.
			我在家说法语。		I use French at home.
			我走上山了。		I walked up the hill.
			我要几个土豆。		I want some potatoes.
			我想去滑冰。		I want to go skating.
			我想做个派。		I want to make a pie.
			我想要租車。		I want to rent a car.
			我想学数学。		I want to study math.
			我上学迟到了。		I was late to school.
			我在另一个地方。		I was somewhere else.
			我加入了海軍。		I went into the navy.
			我希望我比較高。		I wish I were taller.
			我不会再说了。		I won't say it again.
			我会在我的办公室里。		I'll be in my office.
			我会梦到你的。		I'll dream about you.
			我会让你搭个便车。		I'll give you a ride.
			我会帮你逃跑的。		I'll help you escape.
			我永远不会离开您的。		I'll never leave you.
			我会给你证明的。		I'll prove it to you.
			我会等等汤姆。		I'll wait up for Tom.
			我玉米過敏。		I'm allergic to corn.
			我是个老实人。		I'm an honest person.
			我是个职员。		I'm an office worker.
			我在關門。		I'm closing the door.
			这我受够了。		I'm fed up with this.
			我在叠我的连衣裙。		I'm folding my dress.
			我很高興我在那裡。		I'm glad I was there.
			我在這裡出差。		I'm here on business.
			我只是个大众脸。		I'm just another man.
			我根本不累。		I'm not at all tired.
			我不回去。		I'm not turning back.
			我在打棒球。		I'm playing baseball.
			我不擅長游泳。		I'm poor at swimming.
			我比你矮。		I'm shorter than you.
			很抱歉我伤害了你。		I'm sorry I hurt you.
			我听了感到抱歉。		I'm sorry to hear it.
			我还是个新手。		I'm still a beginner.
			我就是你要找的人。		I'm the one you want.
			我写腻了。		I'm tired of writing.
			我正跟她一起走。		I'm walking with her.
			我乐意分享。		I'm willing to share.
			我和汤姆在一起。		I've got Tom with me.
			我告訴警察了。		I've told the police.
			我贏得了第一名！		I've won first prize!
			汤姆已经在那里了吗？		Is Tom there already?
			已经周一了？		Is it already Monday?
			她是出租车司机吗？		Is she a taxi driver?
			是雨的錯？		Is the rain to blame?
			那个老师年轻吗？		Is the teacher young?
			有时间表吗？		Is there a timetable?
			这是你的自行车吗？		Is this your bicycle?
			它现在归我了。		It belongs to me now.
			这一点都不容易。		It isn't at all easy.
			这看上去像个蛋。		It looks like an egg.
			这让我感到沮丧。		It makes me feel sad.
			只要十元！		It only costs $10.00!
			雨下了一周。		It rained for a week.
			这看起来似曾相识。		It seems so familiar.
			昨晚下了雪。		It snowed last night.
			它是封长信。		It was a long letter.
			那是一个安静的夜晚。		It was a quiet night.
			昨天的天气很热。		It was hot yesterday.
			已经是十月了。		It's October already.
			小菜一碟。		It's a piece of cake.
			这是浪费时间。		It's a waste of time.
			这是场长久的战争。		It's been a long war.
			這讓人難以置信。		It's hard to believe.
			是我错了。		It's me that's wrong.
			雪下得很大。		It's snowing heavily.
			外面在下雪。		It's snowing outside.
			外面在下雪呢。		It's snowing outside.
			有點奇怪。		It's sort of strange.
			雪停了。		It's stopped snowing.
			它在桌下。		It's under the table.
			让我拿一下我的小提琴。		Let me get my violin.
			讓我說一件事情。		Let me say one thing.
			让我安心工作。		Let me work in peace.
			打扫我们的房间吧。		Let's clean our room.
			让我们一周后见！		Let's meet in a week.
			我们不要讨论它。		Let's not discuss it.
			请看这幅图。		Look at this picture.
			大概我们需要交谈。		Maybe we should talk.
			任务完成。		Mission accomplished.
			我的車在店裡修理中。		My car's in the shop.
			我的手肘還在痛。		My elbow still hurts.
			我爸爸變老了。		My father became old.
			我爸种水稻。		My father grows rice.
			父亲很健康。		My father is healthy.
			我父亲是个大夫。		My father's a doctor.
			我的牙齦流血。		My gums are bleeding.
			我的頭要炸了。		My head is exploding.
			我家就是你家。		My home is your home.
			我的摩托車是新的。		My motorcycle is new.
			没消息就是好消息。		No news is good news.
			没有人能够让时间停止。		No one can stop time.
			没有别的人受伤。		No one else was hurt.
			我可不这么觉得。		No, I don't think so.
			没有人能相信汤姆。		Nobody can trust Tom.
			没人支持她。		Nobody supported her.
			不是每个人都意识到这点。		Not everyone noticed.
			人有两只脚。		People have two legs.
			请吃点蛋糕。		Please eat some cake.
			请吃点菜。		Please eat something.
			请保持联系。		Please keep in touch.
			請把門鎖上。		Please lock the door.
			請把門打開。		Please open the door.
			請開門。		Please open the door.
			请保留我的位置		Please save my place.
			請關上門。		Please shut the door.
			請關門。		Please shut the door.
			请稍等一会。		Please wait a moment.
			把你的武器放下。		Put your weapon down.
			记得买蛋黄酱。		Remember to buy mayo.
			在派对上见		See you at the party.
			她总是迷路。		She always gets lost.
			她给了他一块表。		She gave him a watch.
			她给了他车。		She gave him the car.
			她有一颗纯洁的心。		She has a pure heart.
			她有张圆脸。		She has a round face.
			她熨了衬衫。		She ironed her shirt.
			她是一位真正的美人。		She is a real beauty.
			她是我的女朋友。		She is my girlfriend.
			她提高了她的嗓音。		She raised her voice.
			她坐在長椅上。		She sat on the bench.
			她寄给我一封信。		She sent me a letter.
			她被車撞了。		She was hit by a car.
			她穿了一条红色的裙子。		She wore a red dress.
			她一看就是生病了的。		She's evidently sick.
			她擅長打網球。		She's good at tennis.
			她是我最好的朋友。		She's my best friend.
			她非常漂亮。		She's very beautiful.
			她天生体弱。		She's weak by nature.
			该怎么办呢？		So what do we do now?
			一些程式錯誤被改正了。		Some bugs were fixed.
			有什么事发生了。		Something did happen.
			那有时会发生。		Sometimes it happens.
			躲雨。		Stay out of the rain.
			昨天的事真的要谢谢您了。		Thanks for yesterday.
			那自行车是我的。		That bicycle is mine.
			那件毛衣不错呀！		That sweater is nice.
			那是很多錢。		That's a lot of cash.
			那是我的字典。		That's my dictionary.
			這把是我的牙刷。		That's my toothbrush.
			那很明顯。		That's quite obvious.
			宝宝正在睡觉。		The baby is sleeping.
			面包房打烊了。		The bakery is closed.
			箱子不是空的。		The box wasn't empty.
			这对夫妇生了个儿子。		The couple had a son.
			这只狗看上去饿了。		The dog looks hungry.
			草地看来不错。		The grass looks nice.
			這房子鬧鬼。		The house is haunted.
			房子被火吞噬了。		The house was ablaze.
			這項工作已經完成了一半。		The job is half done.
			小猫想进来。		The kitten wanted in.
			灯没有亮着。		The lights aren't on.
			多多益善。		The more, the better.
			老人坐了下来。		The old man sat down.
			计划行得通。		The plan is workable.
			淋浴坏了。		The shower is broken.
			风停了。		The wind calmed down.
			那有两块蛋糕。		There were two cakes.
			这里有个皇冠。		There's a crown here.
			这里没有啤酒。		There's no beer here.
			没盐了。		There's no more salt.
			没有盐了。		There's no more salt.
			盐没了。		There's no more salt.
			肥皂没了。		There's no soap left.
			这些是我的铅笔。		These are my pencils.
			這些鞋是她的。		These shoes are hers.
			他们是我的兄弟。		They are my brothers.
			他们继续走。		They kept on walking.
			他们怕我。		They're afraid of me.
			他们都是艺术家。		They're both artists.
			請思考一下明天。		Think about tomorrow.
			三思而後行！		Think before you act.
			这个相机很便宜。		This camera is cheap.
			这是一棵桦树。		This is a birch tree.
			這是一部好電影。		This is a good movie.
			這是箇小鎮。		This is a small town.
			這是只給你的。		This is just for you.
			这是我的身份证。		This is my I.D. card.
			这个工作没有酬劳。		This job doesn't pay.
			这份工作不付钱的。		This job doesn't pay.
			这必须改。		This must be changed.
			这肯定是我的书。		This must be my book.
			这个房间很拥挤。		This room is cramped.
			这块地毯是手工制作的。		This rug is handmade.
			這茶味道不錯。		This tea tastes good.
			这个手表坏掉了。		This watch is broken.
			那些蘋果很大。		Those apples are big.
			今天是我的生日。		Today is my birthday.
			今天是我生日。		Today is my birthday.
			汤姆再次致歉。		Tom apologized again.
			汤姆泪流满面。		Tom burst into tears.
			汤姆可不这么认为。		Tom doesn't think so.
			汤姆抱他儿子。		Tom embraced his son.
			汤姆享受园艺。		Tom enjoys gardening.
			汤姆感到非常愧疚。		Tom felt very guilty.
			汤姆遇上麻烦了。		Tom got into trouble.
			汤姆刚退休。		Tom has just retired.
			汤姆多才多艺。		Tom has many talents.
			汤姆是个好朋友。		Tom is a good friend.
			汤姆是个不错的高尔夫球手。		Tom is a good golfer.
			汤姆总是旷课。		Tom is always absent.
			汤姆在烦玛丽亚。		Tom is annoying Mary.
			汤姆是必不可少的。		Tom is indispensable.
			汤姆像往常一样来晚了。		Tom is late as usual.
			汤姆真是个大笨蛋。		Tom is such an idiot.
			我看见的是汤姆。		Tom is the one I saw.
			汤姆看起来非常开心。		Tom looks very happy.
			汤姆擦了地板。		Tom mopped the floor.
			汤姆需要接受治疗。		Tom needed treatment.
			汤姆迷惑不解。		Tom remained puzzled.
			汤姆说他爱我。		Tom said he loved me.
			汤姆好像很惊讶。		Tom seemed surprised.
			汤姆睡到中午。		Tom slept until noon.
			汤姆还是不能读书。		Tom still can't read.
			汤姆一定很能讲。		Tom sure talks a lot.
			汤姆教了我法语。		Tom taught me French.
			汤姆把电视调大声。		Tom turned up the TV.
			汤姆想见我。		Tom wanted to see me.
			汤姆想见你。		Tom wants to see you.
			汤姆是建筑师。		Tom was an architect.
			汤姆过去很保守。		Tom was conservative.
			汤姆的工作时间很长。		Tom works long hours.
			汤姆，我们必须谈谈。		Tom, we have to talk.
			打開電腦。		Turn on the computer.
			海龟是爬行动物。		Turtles are reptiles.
			发挥您的想象力。		Use your imagination.
			我们很快就可以安排您入座。		We can seat you soon.
			我们交了朋友。		We got to be friends.
			我们有个好极了的团队。		We have a great team.
			我们没有失望。		We haven't lost hope.
			我们一开始就知道。		We knew it all along.
			我们在教堂里遇到。		We met at the church.
			我们必须去学校了。		We must go to school.
			我们需要一辆救护车。		We need an ambulance.
			我们该走了。		We need to get going.
			我们想要一条新毯子。		We want a new carpet.
			我们去看了比赛。		We went to the races.
			我们在一个工厂工作。		We work in a factory.
			我们要乘火车去。		We're going by train.
			我们正在去市里。		We're going downtown.
			我们很不一样。		We're very different.
			我们非常怀疑。		We're very skeptical.
			你在看什麼？		What are you reading?
			鋇是什麼顏色的？		What color is barium?
			您现在想要什么？		What do you want now?
			你现在想要什么？		What do you want now?
			它包含了什么？		What does it contain?
			我们需要的是帮助。		What we need is help.
			早饭吃什么？		What's for breakfast?
			橱柜里有什么？		What's in the closet?
			那栋建筑是什么呢？		What's that building?
			每天费用多少？		What's the daily fee?
			你在这里的工作是什么？		What's your job here?
			你的昵稱是什麼？		What's your nickname?
			你什么时候睡觉？		When is your bedtime?
			是什么时候完成的？		When was it finished?
			我的眼镜在哪里？		Where are my glasses?
			我们在哪里见面？		Where are we meeting?
			你从哪得到它的？		Where did you get it?
			郵箱在哪裡？		Where is the mailbox?
			哪个是汤姆的？		Which ones are Tom's?
			谁能做这件工作？		Who can do this work?
			你和誰住在一起？		Who do you live with?
			谁给了你这些东西？		Who gave them to you?
			目前谁占上风？		Who has the edge now?
			谁是秘书？		Who is the secretary?
			誰偷了這些蘋果？		Who stole the apples?
			谁写了这个故事？		Who wrote this story?
			谁的生日？		Whose birthday is it?
			这把吉他是谁的？		Whose guitar is this?
			这支铅笔是谁的？		Whose pencil is this?
			你为什么那么高兴？		Why are you so happy?
			为什么你的脑袋那么聪明呢？		Why are you so smart?
			我为什么找不到你？		Why can't I find you?
			你为什么会知道？		Why do you know that?
			我为什么不给你打电话？		Why don't I call you?
			我们何不回家呢？		Why don't we go home?
			今晚会下雪吗？		Will it snow tonight?
			警察会来吗？		Will the police come?
			你坐火车去吗？		Will you go by train?
			昨天是多雲。		Yesterday was cloudy.
			你一直努力工作。		You always work hard.
			你是不可抗拒的。		You are irresistible.
			您不是个懦夫。		You are not a coward.
			你不是个懦夫。		You are not a coward.
			你现在是大人了。		You are now an adult.
			你可以寄希望于此。		You can bank on that.
			你可以相信她。		You can count on her.
			你可以握住我的手。		You can hold my hand.
			你不能到外面去。		You can't go outside.
			你无法证明。		You can't prove that.
			你不配。		You don't deserve it.
			你不需要枪。		You don't need a gun.
			你不需要錢。		You don't need money.
			你看起来不高兴。		You don't seem happy.
			你不了解。		You don't understand.
			你不懂。		You don't understand.
			你不明白。		You don't understand.
			你完全搞错了。		You got it all wrong.
			你得坐下来。		You have to sit down.
			你住在我心裡。		You live in my heart.
			你今天看上去很开心。		You look happy today.
			你高估了他。		You overestimate him.
			你欠我一份真相。		You owe me the truth.
			你該知道這事。		You should know this.
			你应该感谢他。		You should thank him.
			你最好回家。		You'd better go home.
			你开车很好。		You're a good driver.
			你注定失败。		You're bound to fail.
			你就是胆小鬼。		You're just a coward.
			你是我们唯一的希望。		You're our only hope.
			你被騙了。		You've been deceived.
			你進步了。		You've made progress.
			您的答案是正確的。		Your answer is right.
			你的答案是正確的。		Your answer is right.
			你的答案是错的。		Your answer is wrong.
			你的回答是错的。		Your answer is wrong.
			您的狗非常胖。		Your dog is very big.
			你的狗非常胖。		Your dog is very big.
			你的觀點是重要的。		Your opinion matters.
			我听传闻说的。		A little bird told me.
			尤其是要有耐心。		Above all, be patient.
			实际上我错了。		Actually, I was wrong.
			律师都是骗子。		All lawyers are liars.
			这对我来说全是新的。		All this is new to me.
			任何小孩都能做到。		Any child can do that.
			什麼事都有可能。		Anything might happen.
			這裡的蘋果很便宜。		Apples are cheap here.
			他们都是一样的吗？		Are they all the same?
			你明天有空吗？		Are you free tomorrow?
			你去外面吗？		Are you going outside?
			你在跟我说话吗？		Are you talking to me?
			你是在对我说吗？		Are you talking to me?
			你不是音乐家？		Aren't you a musician?
			想要什麽就說。		Ask for what you want.
			熊会爬树。		Bears can climb trees.
			祝你下一次好运。		Better luck next time.
			小心扒手。		Beware of pickpockets.
			我能借你的车吗？		Can I borrow your car?
			我能吃这只橙子吗？		Can I eat this orange?
			可以开窗吗？		Can I open the window?
			我能关电视吗？		Can I turn off the TV?
			汤姆明天能来吗？		Can Tom come tomorrow?
			请问我们现在能走吗？		Can we go now, please?
			查詞典。		Check your dictionary.
			二選一。		Choose one of the two.
			来我家吧。		Come over to my house.
			到我家来吧。		Come over to my place.
			控制就是一切。		Control is everything.
			你收到了我发的邮件了吗？		Did you get my letter?
			你听到新闻了吗？		Did you hear the news?
			你刚到这里吗？		Did you just get here?
			你看到我父亲了吗？		Did you see my father?
			昨天你滑雪了吗？		Did you ski yesterday?
			您也喜欢爵士乐吗？		Do you also like jazz?
			你相信上帝吗？		Do you believe in God?
			您知道您的尺寸吗？		Do you know your size?
			你喜欢这本书吗？		Do you like this book?
			你需要这本书吗？		Do you need this book?
			你依然爱汤姆吗？		Do you still love Tom?
			你还需要茶吗？		Do you still need tea?
			汤姆喝咖啡吗？		Does Tom drink coffee?
			不要失望。		Don't be disappointed.
			别再给我打电话。		Don't call me anymore.
			不要让电视机开着。		Don't leave the TV on.
			别把狗放出去。		Don't let the dog out.
			不能用手指人。		Don't point at others.
			别走进泥地。		Don't step in the mud.
			不要自己一个人走回家。		Don't walk home alone.
			您不打网球吗？		Don't you play tennis?
			凡人皆有得意时。		Every dog has his day.
			大家都在跳舞。		Everybody was dancing.
			一切都變成了黑色。		Everything went black.
			一切都会好的。		Everything will be OK.
			一切都在变。		Everything's changing.
			系上您的安全带。		Fasten your seat belt.
			好运向他露出了笑容。		Fortune smiled on him.
			毛皮大衣在打折。		Fur coats are on sale.
			滚出房子。		Get out of this house.
			請把它給我。		Give it to me, please.
			给我你的位置。		Give me your location.
			把你的三明治給我。		Give me your sandwich.
			回辦公室去。		Go back to the office.
			上帝创造了世界		God created the world.
			再见，祝好运。		Goodbye and good luck.
			抓住繩子。		Grab hold of the rope.
			猜猜看他告訴了我什麼。		Guess what he told me.
			电影已经开始了吗？		Has the movie started?
			我们以前没见过吗？		Haven't we met before?
			他放弃了所有希望。		He abandoned all hope.
			他承認他有罪。		He admitted his guilt.
			他和我是兄弟。		He and I are brothers.
			他自己撞坏了左臂。		He broke his left arm.
			他来了很多次了。		He came several times.
			他能游得很快。		He can swim very fast.
			他从英国来。		He comes from England.
			他来自英格兰。		He comes from England.
			他穿过公路。		He crossed the street.
			他開他自己的車。		He drives his own car.
			他给了它一个新名字。		He gave it a new name.
			他英文得到了九十分。		He got 90% in English.
			他的想法是对的。		He had the right idea.
			他是刀子嘴。		He has a sharp tongue.
			他以前做過。		He has done it before.
			他刚离开家。		He has just left home.
			他有三个哥哥。		He has three brothers.
			他有三名兄长。		He has three brothers.
			他害怕死亡。		He is afraid of death.
			他擅長駕駛。		He is good at driving.
			他像他父親。		He is like his father.
			他痴迷于音乐。		He is mad about music.
			他不再是个男孩。		He is no longer a boy.
			他一定会成功。		He is sure to succeed.
			他是最高的男生。		He is the tallest boy.
			他知道他们是谁。		He knows who they are.
			他缺乏常识。		He lacks common sense.
			他和一个女演员结婚了。		He married an actress.
			他应该超过六十岁了。		He must be over sixty.
			他休息了一会儿。		He rested for a while.
			他一边唱歌一边工作。		He sang while working.
			他讲不好法语。		He speaks poor French.
			他讲了一小时。		He spoke for one hour.
			他讲了一个有趣的故事。		He told a funny story.
			他都告诉我了。		He told me everything.
			他曾是个英式橄榄球运动员。		He was a rugby player.
			他出生在非洲。		He was born in Africa.
			他写得很匆忙。		He wrote it hurriedly.
			他是个能干的男人。		He's a man of ability.
			他是我的哥哥。		He's my older brother.
			藏在車子之間。		Hide between the cars.
			你怎么敢那么说。		How dare you say that!
			你怎麼到那的？		How did you get there?
			怎麼做箱子？		How do you make a box?
			你怎麼賺錢？		How do you make money?
			你要走多遠？		How far are you going?
			您能跳多高？		How high can you jump?
			你能跳多高？		How high can you jump?
			新的班级怎么样？		How is your new class?
			多久以前？		How long ago was that?
			你在那里待了多久？		How long did you stay?
			要多久？		How long does it take?
			我欠您多少？		How much do I owe you?
			这本书多少钱？		How much is this book?
			还剩多少时间？		How much time is left?
			这要多少钱？		How much will it cost?
			你的孩子多大了？		How old are your kids?
			我總是鎖上我的房間。		I always lock my room.
			我在車站附近。		I am near the station.
			我厌倦了我的工作。		I am tired of my work.
			我非常，非常抱歉。		I am very, very sorry.
			我上週買了它。		I bought it last week.
			我買衣服了。		I bought some clothes.
			我可以为汤姆做。		I can do that for Tom.
			我可以打開這扇窗。		I can open the window.
			我找不到我的鞋子。		I can't find my shoes.
			我插不上話。		I can't get a word in.
			我止不住打喷嚏。		I can't stop sneezing.
			我趕上了最後一班公車。		I caught the last bus.
			我不相信他们。		I didn't believe them.
			我不懂他的玩笑話。		I didn't get his joke.
			我已经不再做这个了。		I don't do it anymore.
			我什么都不知道。		I don't know anything.
			我什么都不喜欢。		I don't like anything.
			我不喜欢喝酒。		I don't like drinking.
			我不喜欢作业。		I don't like homework.
			我不喜欢学习。		I don't like studying.
			我不喜欢那家伙。		I don't like that guy.
			我不喜欢这个。		I don't like this one.
			我什么都不需要。		I don't need anything.
			我不想回去。		I don't wanna go back.
			我不想要了。		I don't want any more.
			我不想睡覺。		I don't want to sleep.
			我跳進了河裡。		I dove into the river.
			我感到凄清与孤独。		I felt sad and lonely.
			我終于找到工作了。		I finally found a job.
			我找到你了，没有么？		I found you, didn't I?
			我十一点上床。		I go to bed at eleven.
			我乘车去学校。		I go to school by bus.
			看来那条狗会咬人。		I guess the dog bites.
			我做了一个奇怪的梦。		I had a strange dream.
			我没什么可隐藏。		I had nothing to hide.
			我得留在家裡。		I had to stay at home.
			我有很多綿羊。		I have a lot of sheep.
			我明天有课。		I have class tomorrow.
			我有很多才能。		I have many abilities.
			我身上没有钱。		I have no money on me.
			我没什么可说的。		I have nothing to say.
			我要找到我的鑰匙。		I have to find my key.
			我必须睡了。		I have to go to sleep.
			我必须要减肥了。		I have to lose weight.
			我得叫醒汤姆。		I have to wake Tom up.
			我听到一辆车停了下来。		I heard a car pull up.
			我藏在桌子底下。		I hid under the table.
			我今天雇了个人。		I hired someone today.
			我希望再次见到它。		I hope I see it again.
			我知道这是错的。		I knew this was wrong.
			我知道你会找到汤姆。		I knew you'd find Tom.
			我知道我的限度。		I know my limitations.
			我自有分寸。		I know what I'm doing.
			我知道我在做什么。		I know what I'm doing.
			我知道你是什么意思。		I know what you meant.
			我知道他住哪儿。		I know where he lives.
			我知道他们在哪里。		I know where they are.
			他的笑話讓我大笑了。		I laughed at his joke.
			我喜欢打网球。		I like playing tennis.
			我丢了我的灵感。		I lost my inspiration.
			我見過你的女朋友。		I met your girlfriend.
			我每天都给他打电话。		I phone him every day.
			比起狗，我更喜欢猫。		I prefer cats to dogs.
			較之于狗，我更喜欢猫。		I prefer cats to dogs.
			我趕快跑走了。		I ran away in a hurry.
			我真的很想要它。		I really do want that.
			我非常喜欢小狗。		I really like puppies.
			我真喜欢阅读。		I really like to read.
			我真的想停下来。		I really want to stop.
			我記得我看過她。		I remember seeing her.
			我记得见过他。		I remember seeing him.
			我尊敬长辈。		I respect the elderly.
			我看到了你在吻汤姆了。		I saw you kissing Tom.
			我簽署了文件。		I signed the document.
			我簽了文件。		I signed the document.
			我趴着睡觉。		I sleep on my stomach.
			我认为他不会来。		I think he won't come.
			我觉得他不会来。		I think he won't come.
			我以为这是真的。		I thought it was true.
			我把自己的鞋子扔掉了。		I threw away my shoes.
			我告诉过你出去。		I told you to get out.
			我以前打网球。		I used to play tennis.
			我想吃冰淇淋了。		I want some ice cream.
			我想当医生。		I want to be a doctor.
			我想變有錢。		I want to become rich.
			我想去游泳。		I want to go swimming.
			我想和你一起去。		I want to go with you.
			我想和你一起走。		I want to go with you.
			我想继续走。		I want to keep moving.
			我想减肥。		I want to lose weight.
			我想参加。		I want to participate.
			我想早點退休。		I want to retire soon.
			我要去看電影。		I want to see a movie.
			我要洗澡。		I want to take a bath.
			我想跟他說話。		I want to talk to him.
			我想访问韩国。		I want to visit Korea.
			我希望你能长大。		I want you to grow up.
			我想过扇你一巴掌。		I wanted to smack you.
			我当时在卫生间。		I was in the bathroom.
			我真是满意。		I was quite satisfied.
			我真的很困惑。		I was really confused.
			我刚去过那里。		I went there recently.
			但願我見過她。		I wish I had seen her.
			但願我年輕一點。		I wish I were younger.
			我希望成为医生。		I wish to be a doctor.
			我不需要任何帮助。		I won't need any help.
			我想知道谁来了。		I wonder who has come.
			我甚至在週日工作。		I work even on Sunday.
			我想要橙汁。		I'd like orange juice.
			我会把它看作一个征兆。		I'd take it as a sign.
			我明天会很忙。		I'll be busy tomorrow.
			我会让汤姆告诉你。		I'll let Tom tell you.
			我是个大学生。		I'm a college student.
			我是一名大学生。		I'm a college student.
			我有一点困惑了。		I'm a little confused.
			我真是欣喜若狂。		I'm absolutely elated.
			我恐高。		I'm afraid of heights.
			我怕蜘蛛。		I'm afraid of spiders.
			我几乎不回家。		I'm almost never home.
			我对我自己感到惭愧。		I'm ashamed of myself.
			我總是忙碌。		I'm busy all the time.
			我正在做我的作业。		I'm doing my homework.
			我在等待着某个人。		I'm expecting someone.
			我快要激动得说不出话来了。		I'm getting choked up.
			能够出一份力太好了。		I'm glad I could help.
			我一个人去那边。		I'm going there alone.
			我要去银行了。		I'm going to the bank.
			我很感激。		I'm grateful for that.
			我下个月要搬家了。		I'm moving next month.
			我不太擅长运动。		I'm not very athletic.
			我没穿裤子。		I'm not wearing pants.
			我还是你的朋友。		I'm still your friend.
			我现在已经习惯它了。		I'm used to it by now.
			我之前已经来过这里了。		I've been here before.
			我在休假。		I've been on vacation.
			我睡得很好。		I've had a good sleep.
			我錢已經用完了。		I've run out of money.
			我开始流血了。		I've started bleeding.
			如果饿了，吃吧。		If you're hungry, eat.
			汤姆怕狗吗？		Is Tom afraid of dogs?
			汤姆准备好了吗？		Is Tom ready for that?
			房间里有人吗？		Is anyone in the room?
			包括早饭吗？		Is breakfast included?
			他怕死吗？		Is he afraid of death?
			这真的值得吗？		Is it really worth it?
			那个名字很普通吗？		Is that a common name?
			这把雨伞是你的吗？		Is this your umbrella?
			你的头痛治好了？		Is your headache gone?
			这都取决于你。		It all depends on you.
			这实在不合适。		It is highly improper.
			它讓我感覺很好。		It makes me feel good.
			晚上也许会下雪。		It might snow tonight.
			似乎很便宜。		It seemed to be cheap.
			它仍可能会发生。		It still could happen.
			它的滋味真的很好。		It tastes really good.
			這是糟糕的一天。		It was a terrible day.
			这出乎意料地容易。		It was amazingly easy.
			雨下个不停。		It won't stop raining.
			这是一个非常悲伤的故事。		It's a very sad story.
			已经过了很长时间了。		It's been a long time.
			我的生日就快到了。		It's my birthday soon.
			现在真是不一样了。		It's so different now.
			是时候休息一下了。		It's time for a break.
			现在是时候等着了。		It's time to wait now.
			看看这一切。		Just look at all this.
			把下周日空出来。		Keep next Sunday free.
			请放点新鲜空气进来。		Let in some fresh air.
			放飞鸟儿。		Let the bird fly away.
			我们今晚在外面吃饭吧。		Let's eat out tonight.
			有其父必有其子。		Like father, like son.
			就当在家一样。		Make yourself at home.
			我能用一下你们的厕所吗？		May I use your toilet?
			四月之后是五月。		May comes after April.
			可能我就是箇傻子。		Maybe I'm just a fool.
			妈妈比爸爸老。		Mom is older than Dad.
			我的車正在修。		My car is being fixed.
			我的孩子是雙胞胎。		My children are twins.
			我的航班晚点了。		My flight was delayed.
			我妈妈是律师。		My mother is a lawyer.
			我妈妈是个律师。		My mother is a lawyer.
			我的右手麻了。		My right hand is numb.
			我的房間非常小。		My room is very small.
			我的房間很小。		My room is very small.
			我妹妹经常哭。		My sister often cries.
			我叔叔開旅館。		My uncle runs a hotel.
			男不坏，女不爱。		Nice guys finish last.
			没有人鼓励她。		No one encouraged her.
			没有人理解我。		No one understands me.
			没人理解我。		No one understands me.
			没有人在阻止你。		No one's stopping you.
			不是，這不是我的車。		No, this isn't my car.
			不是，这不是我的车。		No, this isn't my car.
			没有人鼓励他。		Nobody encouraged him.
			这不是你的事。		None of your business.
			请开门。		Open the door, please.
			打網球很有趣。		Playing tennis is fun.
			請回家。		Please come back home.
			请不要这样说。		Please don't say that.
			请你不要说这个。		Please don't say that.
			請去銀行。		Please go to the bank.
			請保守秘密。		Please keep it secret.
			请让我静一静。		Please leave me alone.
			请把真实的情况说出来。		Please tell the truth.
			请把事实说出来。		Please tell the truth.
			把你的自行车放好。		Put away your bicycle.
			放下你们的武器。		Put down your weapons.
			涂点防晒吧。		Put on some sunscreen.
			红色不流行了。		Red is out of fashion.
			记住汤姆的建议。		Remember Tom's advice.
			重新启动你的电脑。		Restart your computer.
			换种方式说。		Say it in another way.
			她收下了他的礼物。		She accepted his gift.
			她几乎喝晕了。		She almost passed out.
			她向我求助。		She asked for my help.
			她企图自杀。		She attempted suicide.
			她給了我一件禮物。		She gave me a present.
			她有个漂亮的洋娃娃。		She has a pretty doll.
			她去过巴黎。		She has been to Paris.
			她去购物了。		She has gone shopping.
			她恨她的丈夫。		She hated her husband.
			她用力地拍了球。		She hit the ball hard.
			她烫了他的衬衫。		She ironed his shirts.
			她喜欢听俄罗斯流行音乐。		She likes Russian pop.
			她活了很久。		She lived a long life.
			她住在纽约。		She lives in New York.
			她爱汤姆，而不是我。		She loves Tom, not me.
			她使他長大成人。		She made a man of him.
			她好像很讨厌你。		She seems to hate you.
			她说话幼稚。		She talked childishly.
			她教我们法语。		She teaches us French.
			她穿著舞鞋。		She was wearing pumps.
			她是个倔强的女孩。		She's a stubborn girl.
			她抑郁了。		She's in a depression.
			她是我的姐姐。		She's my older sister.
			她理所当然的取得了胜利。		She's sure to succeed.
			沉默就意味着同意。		Silence gives consent.
			随便坐。		Sit wherever you like.
			禁止吸烟。		Smoking is prohibited.
			有人在門口。		Someone's at the door.
			说大声点。		Speak a little louder.
			春天就要来了。		Spring is coming soon.
			她热泪盈眶。		Tears filled her eyes.
			告訴我你要什麼。		Tell me what you want.
			告诉我什么时候开始。		Tell me when to begin.
			謝謝你給我打電話。		Thanks for calling me.
			感謝你的付出。		Thanks for everything.
			谢谢你的建议。		Thanks for the advice.
			谢谢你的答复。		Thanks for your reply.
			感谢你们两位。		Thanks to both of you.
			那辆车十分新。		That car is quite new.
			那看著像血。		That looks like blood.
			那是汤姆的选择。		That was Tom's choice.
			那不是我的本意。		That wasn't my intent.
			这不是我的初衷。		That wasn't my intent.
			那不太好。		That wasn't very good.
			那是玛丽的丈夫。		That's Mary's husband.
			很棒，不是吗？		That's awesome, right?
			宝宝对我笑了。		The baby smiled at me.
			男孩到家了。		The boy has come home.
			男孩赤裸着上身。		The boy was shirtless.
			面包不新鲜。		The bread isn't fresh.
			蛋糕很美味。		The cake is delicious.
			这个蛋糕太甜了。		The cake is too sweet.
			门咔哒一声关上了。		The door clicked shut.
			引擎運轉良好。		The engine works well.
			证据确凿了。		The evidence is clear.
			水龙头在滴水。		The faucet is leaking.
			火已經灭了。		The fire has gone out.
			女孩们睡着了		The girls were asleep.
			这个湖在这个地方很深。		The lake is deep here.
			这个消息让她很伤心。		The news made her sad.
			护士不在这里。		The nurse is not here.
			计划被执行了。		The plan was executed.
			风险太大。		The risk is too great.
			謠言是假的。		The rumors were false.
			天空是浅蓝的。		The sky is light blue.
			选举一致通过了。		The vote is unanimous.
			战争还没结束。		The war has not ended.
			這水很好喝。		The water tastes good.
			這些蘋果很大顆。		These apples are huge.
			這些箱子重。		These boxes are heavy.
			他们工作的很辛苦。		They work really hard.
			这辆车需要清洗。		This car needs washed.
			這隻狗是雜種狗。		This dog is a mongrel.
			這間房子鬧鬼。		This house is haunted.
			这是一把中式扇子。		This is a Chinese fan.
			这就是我的办法。		This is how I made it.
			这是我的字典。		This is my dictionary.
			這是我的第一次。		This is my first time.
			这是我的新吉他。		This is my new guitar.
			太贵了！		This is too expensive!
			這太貴了！		This is too expensive!
			这不是一句话。		This isn't a sentence.
			这要花时间。		This may take a while.
			这是官方消息。		This news is official.
			这只梨闻上去很香。		This pear smells nice.
			这杯茶很好喝。		This tea is very good.
			那些都是我的褲子。		Those are my trousers.
			这是他们的书。		Those are their books.
			时间不等人。		Time waits for no one.
			汤姆当上了部长。		Tom became a minister.
			汤姆烧掉了信。		Tom burned the letter.
			汤姆会保密。		Tom can keep a secret.
			汤姆负担不起。		Tom can't afford that.
			汤姆买不起这个东西。		Tom can't afford this.
			汤姆可能是加拿大人。		Tom could be Canadian.
			汤姆数了他的钱。		Tom counted his money.
			汤姆从他的自行车上掉了下来。		Tom fell off his bike.
			汤姆咬紧牙关。		Tom gritted his teeth.
			汤姆中暑了。		Tom had a heat stroke.
			汤姆不得不自己去。		Tom had to go himself.
			汤姆有预约。		Tom has a reservation.
			汤姆拥抱了他的父亲。		Tom hugged his father.
			汤姆有一点势利。		Tom is a bit snobbish.
			汤姆在安慰玛丽。		Tom is consoling Mary.
			汤姆又在咳嗽了。		Tom is coughing again.
			汤姆现在很生气。		Tom is very angry now.
			汤姆戴着手套。		Tom is wearing gloves.
			汤姆不是坏教练。		Tom isn't a bad coach.
			汤姆不用脸书。		Tom isn't on Facebook.
			汤姆缺乏灵活性。		Tom lacks flexibility.
			汤姆拉小提琴。		Tom played the violin.
			汤姆说玛丽打他。		Tom said Mary hit him.
			汤姆把他的汽车卖给了玛丽。		Tom sold Mary his car.
			汤姆过去在这里工作。		Tom used to work here.
			汤姆想坐下。		Tom wants to sit down.
			汤姆在周一被埋了。		Tom was buried Monday.
			汤姆也很混乱。		Tom was confused, too.
			汤姆惊恐地盯着。		Tom watched in horror.
			汤姆穿了破洞牛仔裤。		Tom wore ripped jeans.
			汤姆的教练喜欢他。		Tom's coach likes him.
			汤姆的演讲很精彩。		Tom's speech was good.
			明天就是聖誕節了。		Tomorrow is Christmas.
			二乘以二等于四。		Two times two is four.
			在这儿等一会儿。		Wait here for a while.
			战争并非不可避免。		War is not inevitable.
			我们都非常喜欢你。		We all like you a lot.
			我们尽我们所能。		We do the best we can.
			我们没有冰激凌。		We don't have any ice.
			我们喝了很多。		We had a lot to drink.
			我们有两个女儿。		We have two daughters.
			我们用耳朵听。		We hear with our ears.
			我们欠你个道歉。		We owe you an apology.
			我们缺钱了。		We ran short of money.
			我们应该做到最好。		We should do our best.
			我们每天看电视。		We watch TV every day.
			我们落后于原定计划。		We're behind schedule.
			我们要回家。		We're going back home.
			我们在找他。		We're looking for him.
			我们在等汤姆。		We're waiting for Tom.
			我们有情况了。		We've got a situation.
			我们已经将它做了分析。		We've had it analyzed.
			你们是认真的吗？		Were you guys serious?
			你在学什么？		What are you learning?
			汤姆今天做了什么？		What did Tom do today?
			这个叫什么？		What do you call this?
			汤姆在这里做什么？		What does Tom do here?
			汤姆建议了什么？		What does Tom suggest?
			这还有什么能做的？		What else can this do?
			這是什麼語言？		What language is this?
			你们什么时候开始营业？		What time do you open?
			我的房间号是多少？		What's my room number?
			今天是几号？		What's the date today?
			你到底怎么回事嘛		What's wrong with you?
			你真正的目标是什么？		What's your real goal?
			这什么时候能准备好？		When will it be ready?
			浴室在哪里？		Where are the showers?
			你们这些家伙去哪儿了？		Where did you guys go?
			你在哪儿看到了她？		Where did you see her?
			你现在住在哪里？		Where do you live now?
			你现在在哪里工作？		Where do you work now?
			我的报纸在哪里？		Where is my newspaper?
			洗手间在哪里？		Where is the bathroom?
			洗手間在哪裡？		Where is the bathroom?
			電梯在哪裡？		Where is the elevator?
			錯在哪裡？		Where was the mistake?
			哪个吉他是你的？		Which guitar is yours?
			哪个是你的行李？		Which is your luggage?
			你把我当什么啦？		Who do you think I am?
			谁种了这棵树？		Who planted this tree?
			这是谁写的诗？		Who wrote these poems?
			这些诗的作者是谁？		Who wrote these poems?
			今晚谁上班？		Who's working tonight?
			你女朋友是谁？		Who's your girlfriend?
			这是谁的地址？		Whose address is this?
			为什么我们现在不能讲？		Why can't we talk now?
			你为什么不回家呢？		Why don't you go home?
			你为什么长不大呢？		Why don't you grow up?
			他明天会来吗？		Will he come tomorrow?
			明天会下雨吗？		Will it rain tomorrow?
			你会待在家吗？		Will you stay at home?
			是。我也是这么想的。		Yeah. I think so, too.
			你没有保护我。		You didn't protect me.
			你不必吃。		You don't have to eat.
			你看上去不太好。		You don't look so hot.
			你必须努力工作。		You have to work hard.
			您可能找不到。		You might not find it.
			你必须做到最好。		You must do your best.
			你必须停止吸烟。		You must stop smoking.
			种瓜得瓜，种豆得豆。		You reap what you sow.
			種什麼因得什麼果。		You reap what you sow.
			你应该做笔记。		You should make notes.
			您不会受罚。		You won't be punished.
			你最好让他停下来。		You'd better stop him.
			你会习惯的。		You'll get used to it.
			你们永远不会一个人的。		You'll never be alone.
			你永远不会一个人的。		You'll never be alone.
			你这个吝啬的老头。		You're a mean old man.
			你是个奇怪的女孩。		You're a strange girl.
			你们有大麻烦了。		You're in big trouble.
			你有麻烦了。		You're in trouble now.
			你是我最好的朋友。		You're my best friend.
			你必須醒醒。		You've got to wake up.
			你的猫抓伤我了。		Your cat scratched me.
			你会前途无量的。		Your future is bright.
			您流鼻血了。		Your nose is bleeding.
			零在一前面。		Zero comes before one.
			一隻狗跟隨我回家。		A dog followed me home.
			狐狸是野生动物。		A fox is a wild animal.
			一块岩石从上面落下。		A rock fell from above.
			海绵吸水。		A sponge absorbs water.
			好，定了。		All right. It's a deal.
			所有狗都活着。		All the dogs are alive.
			所有你能做的就是等待。		All you can do is wait.
			他们都像这一样吗？		Are they all like this?
			你怕虫子吗？		Are you afraid of bugs?
			你怕狗吗？		Are you afraid of dogs?
			你在嘲笑我吗？		Are you laughing at me?
			小心别摔倒了。		Be careful not to fall.
			迟做总比不做好。		Better late than never.
			亡羊补牢。		Better late than never.
			迟到总比不到好。		Better late than never.
			你和我都是男人。		Both you and I are men.
			我能把我的车停在这儿吗？		Can I park my car here?
			我们能拯救这颗星球吗？		Can we save the planet?
			我们能私下谈谈吗？		Can we talk in private?
			快一点好吗？		Can you hurry up a bit?
			你能演奏管风琴吗？		Can you play the organ?
			您会使用计算机吗？		Can you use a computer?
			猫不吃香蕉。		Cats don't eat bananas.
			課程於四月開始。		Classes start in April.
			什么时候想来就过来吧。		Come whenever you want.
			爸爸给我买了一个照相机。		Dad bought me a camera.
			死了就像做梦似的。		Death is like dreaming.
			我们有足够的食物吗？		Do we have enough food?
			您经常来这儿吗？		Do you come here often?
			你喝绿茶吗？		Do you drink green tea?
			您喝绿茶吗？		Do you drink green tea?
			你有鞋拔子吗？		Do you have a shoehorn?
			有零钱吗？		Do you have any change?
			有什么喝的吗？		Do you have any drinks?
			没有什么落下的吧？		Do you have everything?
			你们认识吗？		Do you know each other?
			你知道这家旅馆吗？		Do you know that hotel?
			你每天都学习吗？		Do you study every day?
			可以用万事达信用卡吗？		Do you take MasterCard?
			你认为我疯了吗？		Do you think I'm crazy?
			要我帮忙吗？		Do you want me to help?
			你想进来吗？		Do you want to come in?
			您想听它吗？		Do you want to hear it?
			我不在就别开始。		Don't begin without me.
			不要改變你的心意。		Don't change your mind.
			不要让机会溜走。		Don't miss this chance.
			不要告訴任何人這件事。		Don't tell anyone this.
			别在这儿扔垃圾。		Don't throw trash here.
			别瞧不起人。		Don't underestimate me.
			你可别低估我。		Don't underestimate me.
			别低估我。		Don't underestimate me.
			你不用工作吗		Don't you have to work?
			即便是小孩子也能做到呢。		Even a child can do it.
			每个人都很困惑		Everybody was confused.
			所有人都很吃惊。		Everyone was surprised.
			冷静下来！		Get a grip on yourself.
			请给我找一把椅子。		Get me a chair, please.
			给我一点钱。		Give me a little money.
			把钱包还我。		Give me back my wallet.
			也給我一些牛奶。		Give me some milk, too.
			給猫喂點肉。		Give the cat some meat.
			考试加油！		Good luck on your test.
			您见过这个人吗？		Have you seen this man?
			他表现的像个疯子。		He acted like a madman.
			他把整个苹果都吃了。		He ate the whole apple.
			他吹灭了蜡烛。		He blew out the candle.
			他给我们带来了令人难过的消息。		He brought us sad news.
			他只是哭。		He did nothing but cry.
			他根本就没有学习。		He didn't study at all.
			他死於肺癌。		He died of lung cancer.
			他的胃口很好。		He has a good appetite.
			他已经去了英国。		He has gone to Britain.
			他藏到了门后。		He hid behind the door.
			他害怕蛇。		He is afraid of snakes.
			他怕蛇。		He is afraid of snakes.
			他醉心于爵士乐。		He is crazy about jazz.
			他说法语说得很流利。		He is fluent in French.
			他垒球打得很好。		He is good at baseball.
			他擅長足球。		He is good at football.
			他的数学很不好。		He is terrible at math.
			他永遠地離開非洲了。		He left Africa forever.
			他小看女人。		He looks down on women.
			他装听不见。		He pretends to be deaf.
			他可能不会来了。		He probably won't come.
			他对他所做的一切感到后悔。		He regrets what he did.
			他唱了些老歌。		He sang some old songs.
			他看到她就臉紅了。		He saw her and blushed.
			他拿出了几枚硬币。		He took out some coins.
			他精神很好。		He was in good spirits.
			他在抚摸那只狗。		He was petting the dog.
			他在撸狗。		He was petting the dog.
			他太老了，没法游泳。		He was too old to swim.
			他去看牙医了。		He went to the dentist.
			他穿了一件深色毛衣。		He wore a dark sweater.
			他怕那只狗。		He's afraid of the dog.
			他出去散步。		He's out taking a walk.
			他真是甜心。		He's such a sweetheart.
			健康比财富重要。		Health is above wealth.
			健康胜于财富。		Health is above wealth.
			嘿，看我找到了什么。		Hey, look what I found.
			他的車真的很酷。		His car is really cool.
			他父親是日本人。		His father is Japanese.
			他的计划被驳回了。		His plan was discarded.
			他的話給了我希望。		His words gave me hope.
			他的話讓我吃驚。		His words surprised me.
			希望不是一种策略。		Hope is not a strategy.
			再来一杯啤酒怎么样？		How about another beer?
			要多长时间？		How long would it take?
			这只表多少钱？		How much is this watch?
			我承认我大意了。		I admit I was careless.
			我與他聯繫。		I am in touch with him.
			我昨晚吃了咖喱。		I ate curry last night.
			我匆忙地吃了午飯。		I ate lunch in a hurry.
			我给她买了辆新车。		I bought her a new car.
			我不能让那事发生。		I can make that happen.
			我能跟任何人工作。		I can work with anyone.
			我无法同意你的意见。		I can't agree with you.
			我现在不能回答你。		I can't answer you now.
			我现在不能解释。		I can't explain it now.
			我不了解他。		I can't figure him out.
			我找不到我的票。		I can't find my ticket.
			我找不到我的錢包了。		I can't find my wallet.
			我找不到刀。		I can't find the knife.
			我聽不太清楚。		I can't hear very well.
			我无法忍受它了。		I can't put up with it.
			我不会唱那首歌的。		I can't sing that song.
			我有失眠症。		I can't sleep at night.
			我不說日語。		I can't speak Japanese.
			我跟父母联络了一下。		I contacted my parents.
			我敢说他是对的。		I dare say he is right.
			我考得很好。		I did well on the test.
			我没有违法。		I didn't break the law.
			我不同意他。		I don't agree with him.
			我既不抽烟也不喝酒。		I don't drink or smoke.
			我没有任何借口。		I don't have an excuse.
			我现在没有钱。		I don't have money now.
			我时间不多。		I don't have much time.
			我现在不知道。		I don't know right now.
			我不知道他是谁。		I don't know who he is.
			我唱歌不太好。		I don't sing very well.
			我不在床上睡觉。		I don't sleep in a bed.
			我不说日语。		I don't speak Japanese.
			我不想让你走。		I don't want you to go.
			我喝了一杯水。		I drank a cup of water.
			變得更有精神了		I feel much better now.
			我感觉好像死了一样。		I felt like I was dead.
			我感覺到地震了。		I felt the earth shake.
			我很早就去睡覺。		I go to bed very early.
			我每天去上班。		I go to work every day.
			我上錯車了。		I got on the wrong bus.
			我玩得很愉快。		I had a wonderful time.
			我哮喘发作了。		I had an asthma attack.
			我的钱包被偷了。		I had my wallet stolen.
			我有一隻狗和一隻貓。		I have a dog and a cat.
			我有一双鞋。		I have a pair of shoes.
			我听说过那个故事。		I have heard the story.
			我没时间阅读。		I have no time to read.
			我听见有人叫我。		I heard my name called.
			我听到门关了。		I heard the door close.
			我聽到電話響了。		I heard the phone ring.
			昨天我帮了他。		I helped him yesterday.
			我打了他的肚子。		I hit him in the belly.
			我希望能早点看到汤姆。		I hope to see Tom soon.
			我就是不能說不。		I just couldn't say no.
			我只是听到了一些消息。		I just heard something.
			我知道他会接受的。		I knew he would accept.
			我知道我欠你錢。		I know I owe you money.
			我知道你多大了。		I know how old you are.
			我知道你喜欢体育运动。		I know you like sports.
			我把它留在桌上了。		I left it on the table.
			我喜欢网球和高尔夫。		I like tennis and golf.
			我喜欢独自旅行。		I like to travel alone.
			我很快喜欢上汤姆了。		I liked Tom right away.
			我瘦了三公斤。		I lost three kilograms.
			我爱这里的人们。		I love the people here.
			比起面包，我更喜欢米饭。		I prefer rice to bread.
			我非常喜欢跳舞。		I really like to dance.
			我收到了您的信。		I received your letter.
			今天早上我看到了利茲。		I saw Liz this morning.
			我看见一个穿黑衣服的女人。		I saw a woman in black.
			我看到了一个穿黑衣服的女人。		I saw a woman in black.
			我看見他洗車。		I saw him wash the car.
			我好像发烧了。		I seem to have a fever.
			我在網路上賣衣服。		I sell clothing online.
			我应该打扫我的房间。		I should clean my room.
			我本不应该做的。		I shouldn't've done it.
			我只睡了两小时。		I slept just two hours.
			我聞到了什麼。		I smell something here.
			我仍然需要一个答案。		I still need an answer.
			我猜想您喜欢他。		I suppose you like him.
			我觉得我可以吃这个。		I think I can eat this.
			我觉得我把钥匙丢了。		I think I lost my keys.
			我觉得汤姆对我们撒谎了。		I think Tom lied to us.
			我想汤姆是个蠢材。		I think Tom's an idiot.
			我觉得汤姆有外遇。		I think Tom's cheating.
			我经常想着它。		I think about it often.
			我觉得他不在家。		I think he is not home.
			我觉得你妒忌了。		I think you're jealous.
			我完全明白。		I understand perfectly.
			我要一夸脫的牛奶。		I want a quart of milk.
			我想要一些新鲜的鸡蛋。		I want some fresh eggs.
			我想去学校。		I want to go to school.
			我要学法语。		I want to learn French.
			我想騎馬。		I want to ride a horse.
			我很高兴见到他。		I was happy to see him.
			我不是在罵你。		I was not scolding you.
			我就在你后面。		I was right behind you.
			我完全不懂。		I was totally confused.
			我真是惊讶。		I was truly astonished.
			我非常非常幸运。		I was very, very lucky.
			我昨天去那儿了。		I went there yesterday.
			昨天我去了那裡。		I went there yesterday.
			我去了医院。		I went to the hospital.
			我完全赞同。		I wholeheartedly agree.
			下次我不做了。		I will not do it again.
			我希望去夏威夷。		I wish to go to Hawaii.
			这周我一直在工作。		I worked all this week.
			我的牛排要生的。		I would like mine rare.
			我想看看它。		I would like to see it.
			我更願意跟著你。		I'd rather be with you.
			我馬上就来。		I'll be right with you.
			明天我給你打電話。		I'll call you tomorrow.
			我会再喝一杯啤酒。		I'll have another beer.
			我是足球的忠实粉丝。		I'm a big football fan.
			我怕牙醫。		I'm afraid of dentists.
			我渴望見到你。		I'm anxious to see you.
			我现在在机场。		I'm at the airport now.
			我正在把价格涨一倍。		I'm doubling my prices.
			我今天的心情不好。		I'm feeling blue today.
			我很高兴你回来了。		I'm glad you came over.
			我要失去它了。		I'm going to miss that.
			我正在听音乐。		I'm listening to music.
			我在找我的猫。		I'm looking for my cat.
			我在找我的鋼筆。		I'm looking for my pen.
			我既紧张又害怕。		I'm nervous and scared.
			我没跟汤姆结婚。		I'm not married to Tom.
			我实在不擅长这个。		I'm really bad at this.
			我就是那个生病的人。		I'm the one who's sick.
			我突然想到你。		I'm thinking about you.
			我已經吃過午餐了。		I've already had lunch.
			我一直聪明。		I've always been smart.
			我得了重感冒。		I've caught a bad cold.
			我有一些朋友。		I've got a few friends.
			我就是在这得到它的。		I've got it right here.
			我从来没感觉那么好过。		I've never felt better.
			那么，咱们走吧。		In that case, let's go.
			铁是个有用的金属。		Iron is a useful metal.
			铁是种有用的金属。		Iron is a useful metal.
			那是一张近照吗？		Is it a recent picture?
			这个位子空着吗？		Is this seat available?
			现在一切都明白了。		It all makes sense now.
			这并不让我惊讶。		It doesn't surprise me.
			那不關他的事。		It is not his business.
			看起来像个苹果。		It looks like an apple.
			不太可能。		It may not be possible.
			它花了我三年。		It took me three years.
			我要花很长时间。		It'll take a long time.
			今天早上冷。		It's cold this morning.
			已經不下雪了。		It's no longer snowing.
			今天不下雨。		It's not raining today.
			今天霧很大。		It's quite foggy today.
			我是为你来的。		It's you I've come for.
			请保密。		Keep it secret, please.
			让窗子关着。		Keep the window closed.
			既往不咎。		Let bygones be bygones.
			胡萝卜我来切吧。		Let me cut the carrots.
			让我为您做这件事！		Let me do that for you.
			让我为你做这件事！		Let me do this for you.
			让我去商店吧。		Let me go to the store.
			让我试试别的。		Let me try another one.
			让他们向我们学习。		Let them learn from us.
			让我们来问问这是不是真的。		Let's ask if it's true.
			咱们去吃饭吧。		Let's go ahead and eat.
			我们去看电影吧！		Let's go to the movies.
			就到此为止吧。		Let's leave it at that.
			我们坐在草地上吧。		Let's sit on the grass.
			我们立刻开始吧。		Let's start right away.
			现在，让我们休息一会儿吧。		Let's take a break now.
			让我们试着好好相处。		Let's try to get along.
			躺在你右邊。		Lie on your right side.
			人生是不公平的，是吧？		Life isn't fair, is it?
			看那堆钱。		Look at all that money.
			我能借一下您的自行车吗？		May I borrow your bike?
			我明天能见你吗？		May I see you tomorrow?
			管好你自己的事吧。		Mind your own business!
			妈妈，我能去游泳吗？		Mom, can I go swimming?
			我的兄弟是个笨蛋。		My brother is an idiot.
			我的猫会爱上这个。		My cats will love this.
			我的胆固醇很高。		My cholesterol is high.
			我父亲是老师。		My father is a teacher.
			我父親去釣魚了。		My father went fishing.
			我爸去釣魚了。		My father went fishing.
			我爸釣魚去了。		My father went fishing.
			我爸爸釣魚去了。		My father went fishing.
			我爸爸去釣魚了。		My father went fishing.
			我爸爸的車是新的。		My father's car is new.
			我父母不在家。		My parents aren't home.
			我护照被偷了。		My passport was stolen.
			我的护照被人偷了。		My passport was stolen.
			我护照给偷了。		My passport was stolen.
			我的衬衫还没干。		My shirt isn't dry yet.
			我的妹妹是老师。		My sister is a teacher.
			我儿子不听我话。		My son doesn't obey me.
			除了汤姆没有人来。		No one came except Tom.
			没人能逃避死亡。		Nobody can avoid death.
			没有人知道真相。		Nobody knows the truth.
			不是所有外星人都坏。		Not all aliens are bad.
			不是每个人都是老实的。		Not everyone is honest.
			现在是行动的时候了。		Now is the time to act.
			请睁开眼睛。		Open your eyes, please.
			叫警察。		Please call the police.
			請小心駕駛。		Please drive carefully.
			饶了我吧！		Please give me a break.
			請通知我。		Please keep me updated.
			请关灯。		Please kill the lights.
			請打開瓶子。		Please open the bottle.
			请拼一下您的名字。		Please spell your name.
			請照顧我。		Please take care of me.
			請把電視關掉。		Please turn off the TV.
			请关闭电视机。		Please turn off the TV.
			请快点回信。		Please write back soon.
			把你的絲襪拉上去。		Pull up your stockings.
			穿上你的好鞋。		Put on your good shoes.
			不要说话，好不好？		Quit talking, will you?
			下雨天讓我感到難過。		Rainy days make me sad.
			讀懂字裡行間的意思。		Read between the lines.
			賣車是我的工作。		Selling cars is my job.
			她一直都相信我。		She always believes me.
			她總是穿著黑色的衣服。		She always wears black.
			她向他求助。		She asked him for help.
			她进了房间。		She came into the room.
			她会弹钢琴。		She can play the piano.
			她常常感冒。		She caught colds often.
			她给他一件毛衣。		She gave him a sweater.
			她从车里出来了。		She got out of the car.
			她下了車。		She got out of the car.
			她有一点钱。		She had a little money.
			她遞給了他鑰匙。		She handed him the key.
			她有点儿面包。		She has a little bread.
			她有很多钱。		She has a lot of money.
			她有三个兄弟。		She has three brothers.
			她是一个著名的歌手。		She is a famous singer.
			她很喜欢动物。		She is fond of animals.
			她给他织了件毛衣。		She knit him a sweater.
			她缺乏常识。		She lacks common sense.
			她看上去十分优雅。		She looks very elegant.
			她爱她的孩子。		She loves her children.
			她和一位音乐家结了婚。		She married a musician.
			她嫁给了一个有钱人。		She married a rich man.
			她按了開關。		She pressed the switch.
			她长得像她姑姑。		She resembles her aunt.
			她说了她很幸福。		She said she was happy.
			她正要出去。		She was about to leave.
			她去年出生。		She was born last year.
			她自己起床的。		She woke up on her own.
			她穿了一件白色的洋裝。		She wore a white dress.
			她眉頭緊鎖。		She wrinkled her brows.
			她的笔迹漂亮极了。		She writes beautifully.
			她的筆跡很美。		She writes beautifully.
			她是个迷人的女孩子。		She's a glamorous girl.
			她已经睡下了。		She's already sleeping.
			她的確是正確的。		She's correct for sure.
			她比他年輕。		She's younger than him.
			那如果那是真的呢？		So what if that's true?
			所以，哪里有问题？		So where's the problem?
			有人在叫你。		Someone is calling you.
			禁止吐痰。		Spitting is prohibited.
			体育无国界。		Sport knows no borders.
			别进我的厨房。		Stay out of my kitchen.
			不要再咬指甲了。		Stop biting your nails.
			拿走你喜欢的任何东西。		Take anything you like.
			告诉他们我们要来了。		Tell them we're coming.
			同样感谢你。		Thank you all the same.
			感谢你的到来，汤姆。		Thanks for coming, Tom.
			感谢您的光临。		Thanks for stopping by.
			谢谢您的评论。		Thanks for the comment.
			谢谢提供新消息。		Thanks for the updates.
			那可能太晚了。		That could be too late.
			那样的事天天都有。		That happens every day.
			不是这个问题。		That isn't the problem.
			那不对，对吧？		That isn't true, is it?
			那个谣言很快传播开来。		That rumor soon spread.
			那真不公平。		That was really unfair.
			那从不会发生。		That won't ever happen.
			那不太可能。		That would be unlikely.
			这是一个愚蠢的问题。		That's a dumb question.
			这是我的最终回答。		That's my final answer.
			这是我唯一关心的。		That's my sole concern.
			这是对的，不是吗？		That's right, isn't it?
			那真奇怪，不是么？		That's weird, isn't it?
			那就是汤姆想要的。		That's what Tom wanted.
			这都是咱们听说的。		That’s what we heard.
			乘公交车费时。		The bus will take time.
			猫抓住了老鼠。		The cat caught a mouse.
			小孩大声呼叫。		The child cried loudly.
			门慢慢地开了。		The door opened slowly.
			这个女孩没有母亲。		The girl has no mother.
			這刀不鋒利。		The knife is not sharp.
			法律很清楚。		The law is quite clear.
			地图挂在墙上。		The map is on the wall.
			谈判中止了。		The negotiation is off.
			下一个给你。		The next one's for you.
			疼痛令人难以忍受。		The pain is unbearable.
			笔在桌上。		The pen is on the desk.
			该项目正在进行中。		The project is ongoing.
			雨变小了。		The rain is letting up.
			後門開著。		The rear gate was open.
			船进港了。		The ships reached port.
			雪開始融化了。		The snow began to melt.
			積雪深及膝蓋。		The snow was knee deep.
			火车准时到了。		The train came on time.
			列车从我们身边经过。		The train passed by us.
			花瓶被打碎了。		The vase was shattered.
			輪子不轉。		The wheel doesn't turn.
			今天刮冷风。		The wind is cold today.
			世界真美好。		The world is beautiful.
			萬物真美好。		The world is beautiful.
			那里有两座桥。		There were two bridges.
			有一页缺了。		There's a page missing.
			没有咖啡剩下来。		There's no coffee left.
			這些叫鞋子。		These are called shoes.
			這些是新的。		These are the new ones.
			這眼鏡真酷。		These glasses are cool.
			这些柠檬很新鲜		These lemons are fresh.
			他们吃很多米饭。		They eat a lot of rice.
			他们有很多朋友。		They have many friends.
			他们互拥。		They hugged each other.
			人们说爱情是盲目的。		They say love is blind.
			他们在加拿大安家落户。		They settled in Canada.
			他们非常兴奋。		They were very excited.
			这只苹果非常红。		This apple is very red.
			这是最终决定。		This decision is final.
			这条鱼很好吃。		This fish is delicious.
			这条鱼很美味。		This fish is delicious.
			这条鱼不能吃了。		This fish isn't edible.
			这是个企业生活区。		This is a company town.
			这是一个伟大的时刻。		This is a great moment.
			这是张木桌。		This is a wooden table.
			這是非常昂貴的。		This is very expensive.
			这是非常好的土壤。		This is very good soil.
			這不是好主意。		This isn't a good idea.
			我覺得挺合理的。		This makes sense to me.
			这使我们更强大。		This makes us stronger.
			這玫瑰花很美麗。		This rose is beautiful.
			这个桌子被预约了。		This table is reserved.
			這酒很好。		This wine is very good.
			這葡萄酒非常好喝。		This wine tastes great.
			汤姆已经有个计划。		Tom already has a plan.
			汤姆向我问起你。		Tom asked me about you.
			汤姆和玛丽分手了。		Tom broke up with Mary.
			汤姆找不到他的包了。		Tom can't find his bag.
			汤姆握紧了他的拳头。		Tom clenched his fists.
			汤姆捣碎了大蒜。		Tom crushed the garlic.
			汤姆做了同样的事。		Tom did the same thing.
			汤姆看起来不饿。		Tom didn't seem hungry.
			汤姆不喝啤酒。		Tom doesn't drink beer.
			汤姆没有父亲。		Tom doesn't have a dad.
			汤姆没有爸爸。		Tom doesn't have a dad.
			汤姆发现了新的证据。		Tom found new evidence.
			汤姆出了桩事故。		Tom had a bad accident.
			汤姆有玛丽的地址。		Tom has Mary's address.
			汤姆胃口很大。		Tom has a big appetite.
			汤姆必须留下。		Tom has to stay behind.
			汤姆去过波士顿。		Tom has visited Boston.
			汤姆听见了玛丽的声音。		Tom heard Mary's voice.
			汤姆是个很好的人。		Tom is a real good man.
			汤姆正在度假。		Tom is now on vacation.
			汤姆很胖，是吧？		Tom is obese, isn't he?
			汤姆现在醉醺醺的了。		Tom is quite drunk now.
			汤姆真会挖苦人。		Tom is quite sarcastic.
			汤姆真帅。		Tom is really handsome.
			汤姆在说法语。		Tom is speaking French.
			汤姆还在波士顿。		Tom is still in Boston.
			汤姆一定能成功。		Tom is sure to succeed.
			汤姆比你高。		Tom is taller than you.
			汤姆非常孤单。		Tom is very much alone.
			汤姆不在酒店。		Tom isn't at the hotel.
			汤姆根本不高兴。		Tom isn't happy at all.
			汤姆大声叹了口气。		Tom let out a big sigh.
			汤姆向其他人撒谎了。		Tom lied to the others.
			汤姆看起来很帅。		Tom looked pretty good.
			汤姆可能还活着。		Tom may still be alive.
			汤姆为这个披萨付了钱。		Tom paid for the pizza.
			汤姆拿起铅笔。		Tom picked up a pencil.
			汤姆捡起了书。		Tom picked up the book.
			汤姆说他不唱歌哦。		Tom says he won't sing.
			汤姆在哈佛学习。		Tom studies at Harvard.
			汤姆试着杀死玛丽。		Tom tried to kill Mary.
			汤姆有点醉。		Tom was a little drunk.
			明天是我的休息日。		Tomorrow is my day off.
			郁金香将很快盛开。		Tulips will bloom soon.
			在楼下等我		Wait for me downstairs.
			那全是幻觉吗？		Was it all an illusion?
			那就是汤姆说的吗？		Was that what Tom said?
			我们不能仅仅就这样炒了汤姆		We can't just fire Tom.
			我们喜欢阅读书籍。		We enjoy reading books.
			我们在雾中迷了路。		We got lost in the fog.
			我们现在有了麻烦。		We have a problem here.
			我们要尽力而为。		We have to do our best.
			我们也是帮他们的。		We helped them as well.
			我们住在郊区。		We live in the suburbs.
			我们偶然碰到了她。		We met her by accident.
			我们必须遵守规则。		We must obey the rules.
			缺一把勺子。		We need one more spoon.
			我们需要做计划。		We need to make a plan.
			我们经常听到你唱歌。		We often hear you sing.
			我们租了公寓。		We rented an apartment.
			我们在这里应该是安全的。		We should be safe here.
			鸡蛋也卖完了。		We're also out of eggs.
			我们是一根绳上的蚂蚱。		We're in the same boat.
			我们现在缺乏库存。		We're out of stock now.
			我们依然做得很好。		We're still doing well.
			我们还是脆弱不堪。		We're still vulnerable.
			这里我们以前来过。		We've been here before.
			你有能力去做这个吗？		Were you able to do it?
			那些数字是什么？		What are those numbers?
			你的车什么颜色？		What color is your car?
			你告诉了他们什么？		What did you tell them?
			我得了什麼病？		What disease do I have?
			你想做什麼？		What do you mean to do?
			你打算怎麼辦？		What do you plan to do?
			您想成为什么？		What do you want to be?
			你想成为什么？		What do you want to be?
			你姑姑是做什麼的？		What does your aunt do?
			我应该寻找什么？		What should I look for?
			你们几点关门？		What time do you close?
			什么时候开门？		What time does it open?
			那有什么不好？		What's wrong with that?
			什么时候选举？		When are the elections?
			我在这张地图上的哪里？		Where am I on this map?
			我在哪裡可以搭到計程車？		Where can I get a taxi?
			它从哪里来？		Where did it come from?
			这是你哪里拿的？		Where did you get this?
			你是在哪里认识汤姆的？		Where did you meet Tom?
			你哪裡痛？		Where do you have pain?
			它发表在哪里？		Where was it published?
			电话簿在哪里？		Where's the phone book?
			去海滩走哪条路？		Which way is the beach?
			我们应该往哪个方向走？		Which way should we go?
			你和谁一起去那？		Who are you going with?
			你在看谁？		Who are you looking at?
			你投给谁？		Who are you voting for?
			誰吃了最後一顆桃子？		Who ate the last peach?
			谁教你们法语？		Who teaches you French?
			汤姆的女朋友是谁？		Who's Tom's girlfriend?
			這臺筆記本電腦是誰的？		Whose is that notebook?
			你今天为什么忙？		Why are you busy today?
			你为什么想死？		Why do you want to die?
			你为什么这么害怕？		Why were you so scared?
			你要买点东西吗？		Will you buy something?
			你愿意和我跳舞吗？		Will you dance with me?
			你会去哈佛大学吗？		Will you go to Harvard?
			語言表達思想。		Words express thoughts.
			語詞表達思想。		Words express thoughts.
			你要尝尝吗？		Would you like a taste?
			你愿意来吗？		Would you like to come?
			你今天可以休假一天。		You can take today off.
			你的成功是应得的。		You deserve to succeed.
			你不用藏著。		You don't have to hide.
			你必須有耐心。		You have to be patient.
			你看着像猴。		You look like a monkey.
			你可以使用我的新車。		You may use my new car.
			你自己应该知道吧。		You must know yourself.
			你必须马上开始。		You must start at once.
			你从来不明白我的玩笑。		You never get my jokes.
			你说过你会帮我的。		You said you'd help me.
			你应该现在就回家。		You should go home now.
			你应该叫醒我。		You should've woken me.
			你不该在这里吃饭。		You shouldn't eat here.
			你唱歌像天使。		You sing like an angel.
			你的英語說得很好。		You speak good English.
			你拿错钥匙了。		You took the wrong key.
			你出席了我的婚礼。		You were at my wedding.
			你在偷听。		You were eavesdropping.
			你上班迟到了。		You were late for work.
			会受伤哟。		You will hurt yourself.
			你最好坐公共汽車去。		You'd better go by bus.
			你最好马上走。		You'd better leave now.
			你最好不要說。		You'd better not speak.
			你最好带上这个。		You'd better take this.
			你现在是名人了。		You're a celebrity now.
			你比玛丽可爱。		You're cuter than Mary.
			你在進步。		You're making progress.
			你不够快。		You're not fast enough.
			你很健忘。		You're quite forgetful.
			您的蛋糕很美味。		Your cake is delicious.
			你的蛋糕很美味。		Your cake is delicious.
			一杯葡萄酒，謝謝。		A glass of wine, please.
			他想到一个好主意。		A good idea came to him.
			有什么问题吗？		Are there any questions?
			那些是真钻石吗？		Are those real diamonds?
			你绝对肯定吗？		Are you absolutely sure?
			周二你有空吗？		Are you free on Tuesday?
			你周二有没有空？		Are you free on Tuesday?
			你擅长烹饪吗？		Are you good at cooking?
			你有问题吗？		Are you having problems?
			你在说我吗？		Are you referring to me?
			你还在上学吗？		Are you still in school?
			对此你确定吗？		Are you sure about this?
			你有戴手表吗？		Are you wearing a watch?
			问他下一步该做什么。		Ask him what to do next.
			问我简单些的。		Ask me something easier.
			注意言行！		Be careful what you say.
			牢記他的建議。		Bear his advice in mind.
			美貌只是表面性的东西。		Beauty is but skin deep.
			有钱还不够。		Being rich isn't enough.
			呼吸困難。		Breathing was difficult.
			把那本詞典遞給我。		Bring me the dictionary.
			能借给我你的刀吗？		Can I borrow your knife?
			我是不是能收回我的钱？		Can I get my money back?
			你能不能修理它？		Can you get it repaired?
			你能准时做好吗？		Can you make it on time?
			你会弹吉他吗？		Can you play the guitar?
			你能潜水吗？		Can you swim underwater?
			再检查一下汤姆的脉搏。		Check Tom's pulse again.
			孩子是我们的未来。		Children are our future.
			孩子们喜欢巧克力。		Children like chocolate.
			孩子们爱万圣节。		Children love Halloween.
			选喜欢的。		Choose the one you like.
			课程下周开始。		Classes begin next week.
			硬币是金属做的。		Coins are made of metal.
			尽快来。		Come as soon as you can.
			我能借支铅笔吗？		Could I borrow a pencil?
			汤姆不知道该做什么吗？		Did Tom know what to do?
			你是一个人来这儿的吗？		Did you come here alone?
			你有朋友吗？		Do you have any friends?
			有蓝色的吗？		Do you have any in blue?
			你有足够的食物吗？		Do you have enough food?
			你喜欢这朵花吗？		Do you like this flower?
			你觉得我是在开玩笑吗？		Do you think I'm joking?
			汤姆住在波士顿吗？		Does Tom live in Boston?
			有人要咖啡吗？		Does anyone want coffee?
			别放太多盐。		Don't add too much salt.
			不要感觉那么悲观。		Don't be so pessimistic.
			不要進入我的房間。		Don't come into my room.
			不要忘了票。		Don't forget the ticket.
			不要忘记您的钱。		Don't forget your money.
			不要忘记你的钱。		Don't forget your money.
			天黑以後不要出門。		Don't go out after dark.
			不要对我和汤姆撒谎。		Don't lie to Tom and me.
			不要往我房间里看。		Don't look into my room.
			别把人家当傻瓜。		Don't make a fool of me.
			开什么国际玩笑。		Don't make stupid jokes.
			不要把它放在我的桌子上。		Don't put it on my desk.
			别辞掉你的正职。		Don't quit your day job.
			你不喜欢棒球吗？		Don't you like baseball?
			难道你不想念什么吗？		Don't you miss anything?
			多吃点蔬菜。		Eat a lot of vegetables.
			把你的菠菜都吃掉！		Eat up all your spinach!
			每个人都有个价。		Every man has his price.
			每箇人都想吃。		Everybody wanted to eat.
			跟我进房间。		Follow me into the room.
			新鮮的食物最棒了。		Fresh food is wonderful.
			把汤姆的钱还给他。		Give Tom back his money.
			給我一打橘子。		Give me a dozen oranges.
			给我点事做。		Give me something to do.
			离别总是让人悲伤。		Goodbyes are always sad.
			汤姆那里有联系过你吗？		Have you heard from Tom?
			你尝过米饭了吗？		Have you tried the rice?
			你们的目标变了吗？		Have your goals changed?
			他要了一些錢。		He asked for some money.
			他开始害怕了。		He began to feel afraid.
			他買了一件毛衣給她。		He bought her a sweater.
			他給自己買了一隻狗。		He bought himself a dog.
			他滑雪时摔断了腿。		He broke his leg skiing.
			他从中国回来了。		He came back from China.
			他很容易感冒。		He catches colds easily.
			他没有早起。		He did not get up early.
			他没有遵守诺言。		He didn't keep his word.
			他三年前死了。		He died three years ago.
			他不喜欢网球。		He does not like tennis.
			他的物理学得很好。		He does well in physics.
			他不吃生鱼。		He doesn't eat raw fish.
			他的长相与年龄不符。		He doesn't look his age.
			他不需要工作。		He doesn't need to work.
			他喝太多啤酒。		He drinks too much beer.
			他给了孩子一个玩具。		He gave the child a toy.
			他看了一眼他的表。		He glanced at his watch.
			他厌倦了读书。		He got tired of reading.
			他有很多兴趣爱好。		He has a lot of hobbies.
			他的声音很悦耳。		He has a pleasant voice.
			他下禮拜要考試。		He has a test next week.
			他已经说了是。		He has already said yes.
			他曾去過北海道。		He has been to Hokkaido.
			他去北海道了。		He has gone to Hokkaido.
			他邀請我吃晚飯。		He invited me to dinner.
			他是个棒球手。		He is a baseball player.
			他是一位著名的作曲家。		He is a famous composer.
			他是个好脾气的人。		He is a pleasant person.
			他正在画一幅画。		He is drawing a picture.
			他渴望去那里。		He is eager to go there.
			他能說流利的中文。		He is fluent in Chinese.
			他不擅长开车。		He is not a good driver.
			他的化学很差。		He is poor at chemistry.
			他把身子靠在胳膊上。		He leaned on his elbows.
			他十分鐘前離開了。		He left ten minutes ago.
			他娶了一个空姐。		He married a stewardess.
			他娶了一位空姐。		He married a stewardess.
			他怠忽職守了。		He neglected his duties.
			他不再工作于此。		He no longer works here.
			他点头以示鼓励。		He nodded encouragingly.
			他點了一杯茶。		He ordered a cup of tea.
			他会讲十门语言。		He speaks ten languages.
			他编造了一个借口。		He thought up an excuse.
			他摘下了眼鏡。		He took off his glasses.
			他旅行洽商。		He traveled on business.
			他拒絕了我的提議。		He turned down my offer.
			他以前很早起床。		He used to get up early.
			他身上满是泥。		He was covered with mud.
			他再次被选为市长。		He was re-elected mayor.
			他總是在抱怨。		He's always complaining.
			他酷爱足球。		He's crazy about soccer.
			他聪明得很。		He's highly intelligent.
			他是我弟弟。		He's my younger brother.
			这是给你的票		Here's a ticket for you.
			他的女儿是护士。		His daughter is a nurse.
			他的父母经营一家酒店。		His parents ran a hotel.
			他的房間總是很整齊。		His room is always tidy.
			他的故事不可能是真的。		His story can't be true.
			你今天怎么样？		How are you doing today?
			你们怎么进来的？		How did you guys get in?
			你怎么去学校？		How do you go to school?
			离这儿有多远？		How far is it from here?
			汤姆，你有多饿？		How hungry are you, Tom?
			它能有多重要？		How important can it be?
			你有多爱我？		How much do you love me?
			这部相机多少钱？		How much is this camera?
			你多久后需要它？		How soon do you need it?
			那儿是什么天气？		How's the weather there?
			那里的天气怎么样？		How's the weather there?
			我厌恶他。		I am disgusted with him.
			我是跑得最快的人。		I am the fastest runner.
			我是最快的跑者。		I am the fastest runner.
			我吃了你的草莓。		I ate your strawberries.
			我烤了蘋果派。		I baked some apple pies.
			我相信你是诚实的。		I believe you're honest.
			我买了很多笔记本。		I bought many notebooks.
			我无法相信自己的眼睛。		I can't believe my eyes.
			我找不到我的眼鏡。		I can't find my glasses.
			我的眼鏡不見了。		I can't find my glasses.
			我不能让你进来这里。		I can't let you in here.
			没有电视，我无法生活。		I can't live without TV.
			我没听懂您的意思。		I didn't understand you.
			我不相信幸运。		I don't believe in luck.
			我没任何零钱。		I don't have any change.
			我不知道該怎麼想。		I don't know how I feel.
			我不喜欢摇滚乐。		I don't like rock music.
			我不喜欢悲伤的电影。		I don't like sad movies.
			我不喜欢你的微笑。		I don't like your smile.
			我不打篮球。		I don't play basketball.
			我不常見到他。		I don't see much of him.
			我不觉得它很好。		I don't think it's good.
			我不想让汤姆死。		I don't want Tom to die.
			我再也不想要了。		I don't want it anymore.
			我不想离开。		I don't want to go away.
			我不想长大。		I don't want to grow up.
			我星期天不工作。		I don't work on Sundays.
			我喝了太多咖啡。		I drank too much coffee.
			我遇到了故障。		I encountered a problem.
			我喜欢拍照。		I enjoy taking pictures.
			我爱上了她。		I fell in love with her.
			我爱上了你。		I fell in love with you.
			我在树林里迷路了。		I got lost in the woods.
			我和往常一样起得很早。		I got up early as usual.
			我和平常一样起得早。		I got up early as usual.
			我的童年很快乐。		I had a happy childhood.
			偶尔我会讨厌我自己。		I hate myself sometimes.
			我觉得太遗憾了。		I have a lot of regrets.
			我没书可读。		I have no books to read.
			我必须吃药。		I have to take medicine.
			我听说你是位艺术家。		I hear you're an artist.
			我聽到一聲怪響。		I heard a strange sound.
			我躲在高草丛里了。		I hid in the tall grass.
			我希望我们能保持联系。		I hope we stay in touch.
			我真是不能相信。		I just can't believe it.
			我只想高興。		I just want to be happy.
			我只是想要你来。		I just want you to come.
			我认识我所有的邻居。		I know all my neighbors.
			我知道你所有的秘密。		I know all your secrets.
			我知道這是你的主意。		I know it was your idea.
			我知道他会画画。		I know that he can draw.
			我知道他忙。		I know that he was busy.
			我知道她很可爱。		I know that she is cute.
			我知道他叫什么名字。		I know what his name is.
			我知道你为什么高兴。		I know why you're happy.
			我知道，您也很忙。		I know you're busy, too.
			我非常喜欢我的工作。		I like my job very much.
			我喜欢跟汤姆唱歌。		I like singing with Tom.
			我喜欢你走路的方式。		I like the way you walk.
			我望向窗外。		I looked out the window.
			我在街上遇到他。		I met him on the street.
			我錯過了最後一班火車。		I missed the last train.
			我需要一把新的牙刷。		I need a new toothbrush.
			我需要一些好的忠告。		I need some good advice.
			我明天需要知道。		I need to know tomorrow.
			我需要洗个澡。		I need to take a shower.
			我需要你们的合作。		I need your cooperation.
			我经常做噩梦。		I often have bad dreams.
			我只知道他的名字。		I only know him by name.
			我只想忘记。		I only wanted to forget.
			我什么都欠汤姆的。		I owe everything to Tom.
			我把大門漆成了藍色的。		I painted the gate blue.
			我打算給他買一支鋼筆。		I plan to buy him a pen.
			我常打排球。		I play volleyball a lot.
			我上星期在这里玩。		I played here last week.
			我非常同意你。		I really agree with you.
			我真不了解汤姆。		I really don't know Tom.
			我真的不记得了。		I really don't remember.
			我真喜欢我做的事。		I really like what I do.
			我强力推荐它。		I recommend it strongly.
			我看見他在看我。		I saw him looking at me.
			我看见他正在锯一棵树。		I saw him sawing a tree.
			我猜想您饿了。		I suppose you're hungry.
			我猜想你饿了。		I suppose you're hungry.
			我认为我快疯了。		I think I'm going crazy.
			我觉得我很聪明。		I think I'm intelligent.
			你留着它好了。		I think you can keep it.
			我以为他会来的。		I thought he would come.
			我一般六点起床。		I usually get up at six.
			我想要一颗糖。		I want a piece of candy.
			想让他读这个。		I want him to read this.
			我想让他读这个。		I want him to read this.
			我想吃苹果派。		I want to eat apple pie.
			我想吃冰淇凌。		I want to eat ice cream.
			我想看这部电影。		I want to see the movie.
			我希望再次見到你。		I want to see you again.
			我想让你穿这件。		I want you to wear this.
			我二十年前出生。		I was born 20 years ago.
			我出生在二十年前。		I was born 20 years ago.
			我正要給你打電話。		I was going to call you.
			我真的非常开心。		I was really very happy.
			我上周不忙。		I wasn't busy last week.
			我昨天不忙。		I wasn't busy yesterday.
			我在油管上看它。		I watched it on YouTube.
			我去那裡很多次了。		I went there many times.
			我去那里看望她。		I went there to see her.
			明天我会问他的。		I will ask him tomorrow.
			我希望我更有錢。		I wish I had more money.
			我希望看看我的父親。		I wish to see my father.
			我不会再见他了。		I won't see him anymore.
			我在这栋楼里工作。		I work in this building.
			我做那事会疯。		I'd be crazy to do that.
			我会为汤姆做任何事。		I'd do anything for Tom.
			这我要三个。		I'd like three of these.
			这个给我来三个。		I'd like three of these.
			我想买套房子。		I'd like to buy a house.
			我会请汤姆来帮助我们。		I'll ask Tom to help us.
			我问问路。		I'll ask for directions.
			我马上就回来。		I'll be back in a jiffy.
			我会战斗至死。		I'll fight to the death.
			我会送您一份礼物。		I'll give you a present.
			我一小时内来见你。		I'll see you in an hour.
			我已经三十多了。		I'm already over thirty.
			我正流着汗。		I'm dripping with sweat.
			我在吃薯条。		I'm eating french fries.
			我受够英文了。		I'm fed up with English.
			我很好。你呢？		I'm fine. How about you?
			我很高兴你今天来了。		I'm glad you came today.
			很高兴你是对的。		I'm glad you were right.
			我是她的，而她是我的。		I'm hers and she's mine.
			我只是到處看看。		I'm just looking around.
			我不完全肯定。		I'm not absolutely sure.
			我不擅长做饭。		I'm not good at cooking.
			我现在不累。		I'm not tired right now.
			我愿意接受建议。		I'm open to suggestions.
			我在修房子。		I'm repairing the house.
			我的身体被冻得瑟瑟发抖。		I'm shivering with cold.
			我很抱歉我没有打电话。		I'm sorry I didn't call.
			我仍是这里的老板。		I'm still the boss here.
			我可真倒楣呀。		I'm such an unlucky guy.
			我确定汤姆不会游泳。		I'm sure Tom can't swim.
			我肯定他会成功的。		I'm sure of his success.
			我肯定你会成功。		I'm sure you'll succeed.
			这周我非常忙。		I'm very busy this week.
			我已经试过那个了。		I've already tried that.
			我已经忘了他的名字。		I've forgotten his name.
			我已經不喝啤酒了。		I've quit drinking beer.
			法语好学吗？		Is French easy to learn?
			这样真的值得吗？		Is this really worth it?
			看起来全都太奇怪了。		It all seems so strange.
			这不是我的想法。		It didn't cross my mind.
			它偶尔会发生。		It happens occasionally.
			现在还不是晚饭时间。		It isn't dinnertime yet.
			刚开始下雨。		It just started to rain.
			下周可能会结冰。		It may freeze next week.
			它需要修理。		It needs to be repaired.
			真的令人丧气。		It was truly depressing.
			这是家很便宜的餐馆。		It's a cheap restaurant.
			对我来说都一样。		It's all the same to me.
			我想要的就是这个。		It's just what I wanted.
			轮到我做了。		It's my turn to do that.
			可惜这是真的。		It's unfortunately true.
			真讓人不舒服。		It's very uncomfortable.
			把包包看好。		Keep an eye on the bags.
			把这里翻个底朝天！		Leave no stone unturned.
			請允許我自我介紹一下。		Let me introduce myself.
			大家来一起祈祷吧。		Let's all pray together.
			咱们点两瓶吧。		Let's order two bottles.
			生活很艰苦。		Life has been very hard.
			听着，我要跑了。		Listen, I've got to run.
			外表并不是全部。		Looks aren't everything.
			人无法长生不死。		Man cannot live forever.
			玛丽是汤姆的秘书。		Mary is Tom's secretary.
			玛丽是个收银员。		Mary works as a cashier.
			我能借一下你的刀吗？		May I borrow your knife?
			大部分男生喜欢棒球。		Most boys like baseball.
			我的哥哥是老师。		My brother is a teacher.
			我的照相机是防水的。		My camera is waterproof.
			家父不在家。		My father isn't at home.
			父亲戒酒了。		My father quit drinking.
			我父母离婚了。		My parents are divorced.
			我的護照過期了。		My passport has expired.
			我儿子十岁了。		My son is ten years old.
			我的力气耗尽了。		My strength is all gone.
			我叔叔给了我一份礼物。		My uncle gave me a gift.
			我叔叔送了我一样礼物。		My uncle gave me a gift.
			千万不可低估汤姆。		Never underestimate Tom.
			没有人跑在他前面。		No one ran ahead of him.
			没有人投反对票。		No one voted against it.
			不，謝謝你。我吃飽了。		No, thank you. I'm full.
			没人给我们机会。		Nobody gave us a chance.
			没人体会我的感受。		Nobody knows how I feel.
			没人会相信你。		Nobody will believe you.
			油漂浮在水上。		Oil will float on water.
			我家宝宝还不会说话。		Our baby can't talk yet.
			我们的航班被取消了。		Our flight was canceled.
			纸是由木制成的。		Paper is made from wood.
			可能是值得的。		Perhaps it was worth it.
			请来我家吧。		Please come to my house.
			請馬上離開。		Please leave right away.
			請把鹽遞給我。		Please pass me the salt.
			请节约用电。		Please save electricity.
			請再說一次。		Please say it once more.
			請寄信給我。		Please send me a letter.
			請讓我看看你的袋子。		Please show me your bag.
			请出示您的票子。		Please show your ticket.
			请用钢笔写。		Please write with a pen.
			把它放回桌子上。		Put it back on the desk.
			她很晚回家。		She came home very late.
			她不会读书写字。		She can't write or read.
			她不喜欢寿司。		She does not like sushi.
			她不喜欢足球。		She doesn't like soccer.
			她有一双迷人的眼睛。		She has attractive eyes.
			她是个有有魅力的女性。		She is a charming woman.
			她穿着白色的衣服。		She is dressed in white.
			她现在正在吃午餐。		She is having lunch now.
			她不總是高興。		She is not always happy.
			她喜欢独自散步。		She likes walking alone.
			她的生活很寂寞。		She lived a lonely life.
			她說她感冒了。		She said she had a cold.
			她給我看她的相簿。		She showed me her album.
			她日语说的很好。		She spoke Japanese well.
			她学习数学		She studies mathematics.
			她照顧了我的狗。		She took care of my dog.
			她现在了解你。		She understands you now.
			她全身都疼。		She was aching all over.
			她生在美洲。		She was born in America.
			她穿著羊毛衣。		She was dressed in wool.
			再给我举个例子。		Show me another example.
			那你会给我什么？		So, what'll you give me?
			有人在看著你。		Someone is watching you.
			有人呼救。		Someone yelled for help.
			对不起，我错了。		Sorry, I made a mistake.
			不好意思，你的名字是什么？		Sorry, what's your name?
			别管我的事。		Stay out of my business.
			拿本书读！		Take a book and read it.
			拿你想要的。		Take whichever you want.
			把你听到的告诉汤姆。		Tell Tom what you heard.
			告诉我你多大了。		Tell me how old you are.
			感谢那些回忆。		Thanks for the memories.
			那改变了一切。		That changed everything.
			这没有任何意义。		That doesn't make sense.
			那箇真好。		That one is really good.
			这是三天之前了。		That was three days ago.
			那就是你，不是么？		That was you, wasn't it?
			那是汤姆的字典		That's Tom's dictionary.
			那天我不行。		That's a bad day for me.
			这是一个巨大的挑战。		That's a huge challenge.
			我能找到的都在那。		That's all I could find.
			那是原创的想法。		That's an original idea.
			所以我給你打了電話。		That's why I called you.
			那就是他生气的理由。		That's why he got angry.
			宝宝开始哭了。		The baby started crying.
			鈴聲在八點鐘響起。		The bell rings at eight.
			盒子几乎是空的。		The box is almost empty.
			这个男孩害怕黑夜。		The boy feared the dark.
			这个男孩子在吃面包。		The boy is eating bread.
			男孩依旧沉默不语。		The boy remained silent.
			蝴蝶飛走了。		The butterfly flew away.
			这个城堡好美。		The castle is beautiful.
			城堡好美。		The castle is beautiful.
			契約簽訂了。		The contract was signed.
			杯子在桌上。		The cup is on the table.
			办公桌的抽屉是开着的。		The desk drawer is open.
			那个女孩把布撕了。		The girl tore the cloth.
			這隻鷹抓到一隻老鼠。		The hawk caught a mouse.
			房子着火了。		The house was in flames.
			那音乐声音十分响。		The music was very loud.
			新闻使她不安。		The news distressed her.
			这消息让她很高兴。		The news made her happy.
			晚会很成功。		The party was a success.
			计划行不通。		The plan isn't workable.
			警察醉了。		The policeman was drunk.
			收音机的声音有点响。		The radio is a bit loud.
			蛇誘惑了夏娃。		The serpent tempted Eve.
			床单在床上。		The sheet is on the bed.
			短回答是是。		The short answer is yes.
			暴风雨平息下来了。		The storm has died down.
			五和三的總和是八。		The sum of 5 and 3 is 8.
			厕所塞住了。		The toilet is backed up.
			水结成冰了。		The water turned to ice.
			少一把叉子。		There is a fork missing.
			有后门。		There's a back entrance.
			有很多水。		There's plenty of water.
			还剩一点水。		There's some water left.
			這些蘋果好吃。		These apples taste good.
			這髒襪子臭哄哄。		These dirty socks stink.
			这些裤子我穿起来很合身。		These pants fit me well.
			这些废墟年代久远。		These ruins are ancient.
			他们收养了那个孤儿。		They adopted the orphan.
			他们进攻了敌人。		They attacked the enemy.
			他们没有立刻行动。		They didn't act quickly.
			他们知道发生了什么。		They know what happened.
			他们自给自足。		They're self-sufficient.
			这本书非常厚。		This book is very thick.
			这颗钻石不是真的。		This diamond isn't real.
			这本字典是我的。		This dictionary is mine.
			这是一个关键点。		This is a crucial point.
			这是一个除颤器。		This is a defibrillator.
			这是一家好医院。		This is a good hospital.
			这本课本很好。		This is a good textbook.
			这份设计很蠢。		This is a stupid design.
			这是幢老楼。		This is an old building.
			这真可怕。		This is really terrible.
			这很可能意味着战争。		This probably means war.
			这个节目是重播。		This program is a rerun.
			这有一股芝士的味道。		This smells like cheese.
			这只火鸡味道很好。		This turkey tastes good.
			这个能保暖。		This will keep you warm.
			那些花已經枯死了。		Those flowers have died.
			那些花死了。		Those flowers have died.
			那些男人是加拿大人。		Those men are Canadians.
			现在售票。		Tickets are on sale now.
			汤姆和玛丽单独在一起。		Tom and Mary were alone.
			汤姆不能原谅玛丽。		Tom can't get over Mary.
			汤姆握紧了铲子。		Tom clenched the shovel.
			汤姆看不到任何人。		Tom couldn't see anyone.
			汤姆决定不再等了。		Tom decided not to wait.
			汤姆没跟玛丽说话。		Tom didn't talk to Mary.
			汤姆不想来。		Tom didn't want to come.
			汤姆是在自家厨房里死的。		Tom died in his kitchen.
			汤姆不喜欢波士顿。		Tom doesn't like Boston.
			汤姆不喜欢足球。		Tom doesn't like soccer.
			汤姆昨天喝醉了。		Tom got drunk yesterday.
			汤姆从吉普车上下来了。		Tom got out of the jeep.
			汤姆从出租车上下来了。		Tom got out of the taxi.
			汤姆做了个奇怪的梦。		Tom had a strange dream.
			汤姆向门走去。		Tom headed out the door.
			汤姆是法语老师。		Tom is a French teacher.
			汤姆是个脾气暴躁的老人。		Tom is a grumpy old man.
			汤姆是个无知的傻子。		Tom is an ignorant fool.
			汤姆度假去了。		Tom is away on vacation.
			汤姆在盖房子。		Tom is building a house.
			汤姆越来越多疑了。		Tom is getting paranoid.
			汤姆要帮助我们。		Tom is going to help us.
			汤姆害羞胆怯。		Tom is shy and cowardly.
			汤姆在休一天假。		Tom is taking a day off.
			汤姆只是摇摇头。		Tom just shook his head.
			汤姆吻了玛丽的脸颊。		Tom kissed Mary's cheek.
			汤姆知道怎么做那事。		Tom knew how to do that.
			汤姆看了看笔记。		Tom looked at his notes.
			汤姆昨晚差点死了。		Tom nearly died tonight.
			汤姆和他的狗玩。		Tom played with his dog.
			汤姆放下他的铅笔。		Tom put down his pencil.
			汤姆把这一页撕掉了。		Tom ripped out the page.
			汤姆跑得比我快。		Tom runs faster than me.
			汤姆说他很好奇。		Tom said he was curious.
			汤姆说，你们生气了。		Tom said you were angry.
			汤姆坐在了树干上。		Tom sat on a tree trunk.
			汤姆说他留了张便条。		Tom says he left a note.
			汤姆说他需要午睡。		Tom says he needs a nap.
			汤姆应该很快就到。		Tom should be here soon.
			汤姆认为有希望。		Tom thinks there's hope.
			汤姆告诉我该说什么。		Tom told me what to say.
			汤姆一般来说是不会哭的。		Tom usually doesn't cry.
			汤姆要惩罚我。		Tom wanted to punish me.
			汤姆不在澳大利亚。		Tom wasn't in Australia.
			汤姆他爸最近死了。		Tom's dad has just died.
			明天是我生日。		Tomorrow is my birthday.
			試著不要哭。		Try to keep from crying.
			请在那个拐角左转。		Turn left at the corner.
			把火轉小一點。		Turn the flame down low.
			水非常重要。		Water is very important.
			我们家有五口人。		We are a family of five.
			我们买了张圆桌。		We bought a round table.
			我们没把它带回来。		We didn't bring it back.
			我们没必要急。		We didn't need to hurry.
			我们没水。		We don't have any water.
			我们不住在波士顿。		We don't live in Boston.
			我们有很多听众。		We had a large audience.
			我们明天有个测验。		We have a test tomorrow.
			我们七点吃晚饭。		We have dinner at seven.
			我们只有一次机会。		We have only one chance.
			我们需要买新电视机。		We need to buy a new TV.
			我们点了中餐。		We ordered Chinese food.
			我们最好叫醒汤姆。		We'd better wake Tom up.
			我们永远都会是朋友。		We'll always be friends.
			我们会在我的办公室见面。		We'll meet in my office.
			我们是同胞。		We're fellow countrymen.
			我们今晚出去。		We're going out tonight.
			我们在看着你。		We've been watching you.
			好的開始是成功的一半。		Well begun is half done.
			我說的是真的。		What I'm saying is true.
			多美好的家庭啊！		What a wonderful family.
			你在這裡做什麼？		What are you doing here?
			爸爸，你在干吗？		What are you doing, Dad?
			爸，你干啥呢？		What are you doing, Dad?
			你想暗示什么？		What are you driving at?
			你在暗示什么？		What are you driving at?
			您在暗示什么？		What are you driving at?
			你们在暗示什么？		What are you driving at?
			您的头发是什么颜色的？		What color is your hair?
			你以前想做什么？		What did you want to do?
			你对这件事有什么看法？		What do you think of it?
			您要它干什么？		What do you want it for?
			你要它干什么？		What do you want it for?
			你想吃什么？		What do you want to eat?
			他想做什麼？		What does he mean to do?
			他到底想干嘛？		What does he want to do?
			他要做什麼？		What does he want to do?
			我要失去什麼？		What have I got to lose?
			什么是格式塔疗法？		What is Gestalt Therapy?
			阿司匹林是用什么做的？		What is aspirin made of?
			你的房子如何？		What is your house like?
			你做什么工作？		What is your occupation?
			你在那里做什么呢？		What're you doing there?
			你要做什么？		What're you going to do?
			你在笑什么呢？		What're you laughing at?
			在笑什么呢？		What're you laughing at?
			还在等什么呢！		What're you waiting for?
			你什么时候上班？		When did you go to work?
			祸不单行。		When it rains, it pours.
			我可以在哪裡搭公車？		Where can I catch a bus?
			我能在哪裡洗澡？		Where can I take a bath?
			她现在住在哪儿？		Where does she live now?
			我们要去其他的什么地方？		Where else should we go?
			请问剧场后门在哪？		Where is the stage door?
			餐厅在哪里？		Where's the dining room?
			哪些是最好的？		Which are the best ones?
			谁才是我真正的父母？		Who are my real parents?
			你在笑话谁？		Who are you laughing at?
			你认为我们是谁？		Who do you think we are?
			還有誰知道它？		Who else knows about it?
			还有谁用这个房间？		Who else uses this room?
			这件事是谁告诉你的？		Who told you about this?
			谁要热巧克力？		Who wants hot chocolate?
			你跟誰說話呢？		Who were you talking to?
			谁担心汤姆？		Who's worried about Tom?
			为什么这有警察？		Why are the police here?
			为什么你这么没有安全感？		Why are you so insecure?
			为什么我们不能要比萨？		Why can't we have pizza?
			你为什么不留在这里？		Why don't you stay here?
			我明天能见到你吗？		Will I see you tomorrow?
			你和我一样高。		You are as tall as I am.
			您在一个安全的地方。		You are in a safe place.
			你现在可以删除它。		You can delete that now.
			你现在可以开始了。		You can start right now.
			幸福是买不到的。		You can't buy happiness.
			你不能有秘密。		You can't keep a secret.
			你不必著急。		You don't have to hurry.
			您不知道我是谁。		You don't know who I am.
			你看来不大高兴。		You don't look so happy.
			你把你的铅笔弄掉了。		You dropped your pencil.
			你们几乎什么都没有吃。		You hardly ate anything.
			你的眼睛真漂亮。		You have beautiful eyes.
			你有着漂亮的腿。		You have beautiful legs.
			你的嘴唇很漂亮。		You have beautiful lips.
			你做得很好。		You have done very well.
			你有足够的时间。		You have plenty of time.
			你看起来真的很紧张。		You look really nervous.
			你应该自己做。		You must do it yourself.
			您必须预先付钱。		You must pay in advance.
			你一定睡著了。		You must've been asleep.
			你或者我会被选中。		You or I will be chosen.
			你欠我三十美元。		You owe me thirty bucks.
			你让我想起我自己。		You remind me of myself.
			你应该开始从事高尔夫。		You should take up golf.
			不该相信他。		You shouldn't trust him.
			你游泳游得比我好。		You swim better than me.
			你最好尽快去做。		You'd better do it soon.
			你最好不要出門。		You'd better not go out.
			你完全是对的。		You're absolutely right.
			你完全正確。		You're absolutely right.
			你完全错了。		You're completely wrong.
			你開得太快了。		You're driving too fast.
			你是我的一切。		You're everything to me.
			你真的很漂亮。		You're really beautiful.
			你太能干了。		You're really something.
			你真是太好了。		You're really wonderful.
			你是退出的那一箇。		You're the one who quit.
			你鬼点子真多。		You're very resourceful.
			您走太快了。		You're walking too fast.
			你在浪费我们时间。		You're wasting our time.
			你从来没有快乐过。		You've never been happy.
			你的穿著非常好。		Your dress is very nice.
			您的名字被提到了。		Your name was mentioned.
			“我会回来，”汤姆说。		"""I'll be back,"" said Tom."
			灯泡发光。		A light bulb gives light.
			正方形有四个角。		A square has four angles.
			加一丁點鹽。		Add a tiny pinch of salt.
			我只要自由。		All I want is my freedom.
			他们都不穷。		All of them are not poor.
			欢迎作任何评论。		Any comments are welcome.
			你要到那去吗？		Are you going down there?
			你来这里出差的？		Are you here on business?
			你是不是瞒着我什么？		Are you hiding something?
			你是在找工作吗？		Are you looking for work?
			你在找工作吗？		Are you looking for work?
			你身体不舒服吗？		Are you not feeling well?
			准备好继续了吗？		Are you ready to proceed?
			你真的来自这里？		Are you really from here?
			你在写信吗？		Are you writing a letter?
			就我而言，我很满意。		As for me, I'm satisfied.
			公车最终停了下来。		At last, the bus stopped.
			啤酒论品脱卖。		Beer is sold by the pint.
			大鱼吃小鱼。		Big fish eat little fish.
			汤姆和我都累了。		Both Tom and I are tired.
			我的双亲都已过世。		Both my parents are dead.
			面包是面粉做的。		Bread is made from flour.
			麵包是用小麥做成的。		Bread is made from wheat.
			明天九点打电话给我吧。		Call me at 9:00 tomorrow.
			我可以问你个问题吗？		Can I ask you a question?
			我能问您一个问题吗？		Can I ask you a question?
			我能去你家吗？		Can I come to your place?
			我可以和你一起待在这儿吗？		Can I stay here with you?
			我可以和你一起呆在这里吗？		Can I stay here with you?
			这里允许拍照吗？		Can I take pictures here?
			我能在这里拍照吗？		Can I take pictures here?
			你能帮我一点忙吗？		Can you help me a little?
			可以把牛奶递给我吗？		Can you pass me the milk?
			你能待一会吗？		Can you stay for a while?
			您能把电视开小声点吗？		Can you turn the TV down?
			奶酪是用奶做成的。		Cheese is made from milk.
			顯然的，你錯了。		Clearly you are mistaken.
			煤并不一定都是黑的。		Coal is not always black.
			明天来看看我。		Come and see me tomorrow.
			尽早来。		Come as soon as possible.
			汤姆感兴趣吗？		Did Tom show an interest?
			你刷过牙没有？		Did you brush your teeth?
			你把钥匙给汤姆了吗？		Did you give Tom the key?
			你度过愉快的时光了吗？		Did you have a good time?
			你看文章了没？		Did you read the article?
			你有时间再做吧。		Do it when you have time.
			他跟你说什么，你就做什么。		Do whatever he tells you.
			你相信有幽灵吗？		Do you believe in ghosts?
			你相信鬼存在吗？		Do you believe in ghosts?
			你相信有鬼魂吗？		Do you believe in ghosts?
			你身上有铅笔吗？		Do you have a pen on you?
			你有学生证吗？		Do you have a student ID?
			你有什么建议吗？		Do you have a suggestion?
			你有多余的钥匙吗？		Do you have an extra key?
			你有兄弟吗？		Do you have any brothers?
			你的钱够吗？		Do you have enough money?
			你有很多朋友吗？		Do you have many friends?
			你会开车吗？		Do you know how to drive?
			你知道我住哪吗？		Do you know where I live?
			您喜欢橙汁吗？		Do you like orange juice?
			你打算出国吗？		Do you plan to go abroad?
			你真的需要车吗？		Do you really need a car?
			你法语说得好吗？		Do you speak French well?
			您吃不吃辣椒？		Do you want pepper on it?
			你想要伙伴吗？		Do you want some company?
			狗是人类最好的朋友。		Dog is man's best friend.
			别问我这是什么东西！		Don't ask me what it was.
			别当守财奴！		Don't be a penny-pincher.
			请不要做傻事。		Don't do anything stupid.
			别让他们忘了我。		Don't let them forget me.
			不要取笑人。		Don't make fun of people.
			不要在這裡打棒球。		Don't play baseball here.
			不要急著結婚。		Don't rush into marriage.
			别把真相告诉汤姆。		Don't tell Tom the truth.
			请勿触碰展品。		Don't touch the exhibits.
			不用担心其他人。		Don't worry about others.
			数十人仍然失踪。		Dozens are still missing.
			用尺子画线。		Draw a line with a ruler.
			教育从家庭开始。		Education begins at home.
			热情具有传染性。		Enthusiasm is contagious.
			连小孩儿都会做。		Even a child could do it.
			谁都有弱点。		Everybody has weaknesses.
			所有人都想知道。		Everybody wanted to know.
			全都靠它了。		Everything depends on it.
			一切进展顺利。		Everything went smoothly.
			火是非常危險的。		Fire is always dangerous.
			火總是危險的。		Fire is always dangerous.
			第一印象很重要。		First impressions matter.
			面粉是小麦制成的。		Flour is made from wheat.
			食物不該被浪費。		Food shouldn't be wasted.
			給我一瓶葡萄酒。		Give me a bottle of wine.
			请给我同样的东西。		Give me the same, please.
			爷爷买给我的！		Grandpa bought it for me!
			希腊是个古老的国家。		Greece is an old country.
			我变了这么多吗？		Have I changed that much?
			你不久前有见到汤姆吗？		Have you seen Tom lately?
			他承认了自己的错误。		He admitted his mistakes.
			他已经意识到它了。		He already knew about it.
			他总是遵守诺言。		He always keeps his word.
			我和他一起走。		He and I walked together.
			他不顧我的忠告。		He disregarded my advice.
			他不早起。		He does not get up early.
			他不理解我。		He doesn't understand me.
			他喝了一杯咖啡。		He drank a cup of coffee.
			昨天他喝了很多。		He drank a lot yesterday.
			他的钱包被偷了。		He had his wallet stolen.
			他不得不打扫了他的房间。		He had to clean his room.
			他已经吃过午饭了。		He has already had lunch.
			他从没打过高尔夫球。		He has never played golf.
			他没有任何幽默感。		He has no sense of humor.
			他写了两本书。		He has written two books.
			他不太健谈。		He is a man of few words.
			他急於要見你。		He is anxious to see you.
			他武裝到牙齒。		He is armed to the teeth.
			他跳上了桌子。		He jumped onto the table.
			他早就知道自己不会赢。		He knew he could not win.
			他在这儿住了有一段时间了。		He lived here for a time.
			他照顧孩子。		He looked after the baby.
			他左右看了看。		He looked left and right.
			他可能迷路了。		He may have lost his way.
			他错过了最后一班火车。		He missed the last train.
			他一定是校長。		He must be the principal.
			他昨天過世了。		He passed away yesterday.
			他穿上了黑色的外套。		He put on the black coat.
			他穿上了紅色的外套。		He put on the red jacket.
			他非常喜欢棒球。		He really likes baseball.
			他拒绝相信我们。		He refuses to believe us.
			他很少去教堂。		He seldom goes to church.
			他給我看了她的照片。		He showed me her picture.
			他昨晚睡得很好。		He slept well last night.
			他研究了十年。		He studied for ten years.
			他遊過了河。		He swam across the river.
			他脫掉了大衣。		He took off his overcoat.
			他拿出了他的護照。		He took out his passport.
			他想要去非洲。		He wants to go to Africa.
			他被控告杀人罪。		He was accused of murder.
			他被宣告破产。		He was declared bankrupt.
			他被选为总统。		He was elected president.
			他被囚禁了。		He was held in captivity.
			他死於战争。		He was killed in the war.
			他被車輾過了。		He was run over by a car.
			他一整天都很忙。		He was very busy all day.
			他忙了一整天。		He was very busy all day.
			他坐汽車到波士頓。		He went to Boston by car.
			他邊走邊吹口哨。		He whistled as he walked.
			他会成为一个好的医生的。		He will be a good doctor.
			他明天有空。		He will be free tomorrow.
			他的性情古怪。		He's a strange character.
			他去過體育館。		He's been to the stadium.
			他非常擅長吉他。		He's very good at guitar.
			帮我抬包裹。		Help me lift the package.
			她的英语好极了。		Her English is excellent.
			这是你的信。		Here is a letter for you.
			这儿有你的一封信。		Here is a letter for you.
			他的衣服穿坏了。		His clothes are worn out.
			他的新車很棒。		His new car is wonderful.
			他的耐心已经到了极限。		His patience is worn out.
			他的工作现在完成了。		His work is now complete.
			他的工作是洗車。		His work is washing cars.
			明晚怎么样？		How about tomorrow night?
			那怎麼可能？		How can that be possible?
			你们怎么读这个词？		How do you say this word?
			你的家庭有多大？		How large is your family?
			那里有多少队伍？		How many teams are there?
			滞纳金是多少？		How much is the late fee?
			这件衬衫多少钱？		How much is this T-shirt?
			您多久见他一次？		How often do you see him?
			您父母多大岁数了？		How old are your parents?
			你父母多大了？		How old are your parents?
			那幅画有多少年了？		How old is that painting?
			法语课上得怎样？		How was the French class?
			法语课怎么样？		How was the French class?
			你了解汤姆多少？		How well do you know Tom?
			你的项目进展得怎么样？		How's your project going?
			饑餓是最好的調味品。		Hunger is the best sauce.
			对于一个饥饿的人来说，任何食物都是美味。		Hunger is the best sauce.
			我承认他是对的。		I admit that he is right.
			我同意你的建議。		I agree to your proposal.
			我同意他的觀點。		I agree with his opinion.
			我同意這項建議。		I agreed to the proposal.
			我快把我的午饭忘了。		I almost forgot my lunch.
			我一切都很好。		I am quite all right now.
			我昨天到這裡的。		I arrived here yesterday.
			我請他在這裡等。		I asked him to wait here.
			我八點鐘吃了早餐。		I ate breakfast at eight.
			我打赌他没搞定。		I bet he doesn't make it.
			我買了一雙鞋子。		I bought a pair of shoes.
			我不能收这份礼。		I can't accept this gift.
			我找不到我的手提箱。		I can't find my suitcase.
			我无法理解他的逻辑。		I can't follow his logic.
			我的感冒怎麼也不好。		I can't get over my cold.
			我不能掩饰我的心情。		I can't hide my feelings.
			我跟不上汤姆。		I can't keep up with Tom.
			我承认我很累。		I confess that I'm tired.
			这完全是我自己做的。		I did that all on my own.
			没写作业。		I didn't do the homework.
			我不知道要做什麼。		I didn't know what to do.
			我不知道該怎麼辦。		I didn't know what to do.
			我没想那样做的。		I didn't mean to do that.
			我没把我的车卖给汤姆。		I didn't sell Tom my car.
			我不在乎是否下雪。		I don't care if it snows.
			我吃不下鸡皮。		I don't eat chicken skin.
			我没有敌人。		I don't have any enemies.
			我没有姐妹。		I don't have any sisters.
			我不知道他的地址。		I don't know his address.
			我不知道说什么。		I don't know what to say.
			我不常笑。		I don't laugh very often.
			我不喜欢搭便车。		I don't like hitchhiking.
			我再也不喜欢你了。		I don't like you anymore.
			辣点儿没关系。		I don't mind if it's hot.
			我根本不需要这个。		I don't need this at all.
			我不再需要你了。		I don't need you anymore.
			我聽不太懂你的意思。		I don't quite follow you.
			我不懂音乐。		I don't understand music.
			我不想听解释。		I don't want any excuses.
			我不想独自前往。		I don't want to go alone.
			我不想失去你。		I don't want to lose you.
			我怀疑汤姆是单身。		I doubt if Tom is single.
			我今天感觉好多了。		I feel much better today.
			我给了汤姆三块饼干。		I gave Tom three cookies.
			我理解你说的话。		I get what you're saying.
			我每天上教堂。		I go to church every day.
			周日我去做礼拜。		I go to church on Sunday.
			我搭地铁上学。		I go to school by subway.
			我每天都去学校。		I go to school every day.
			我也在这儿上学。		I go to school here, too.
			有人把我的筆記本電腦偷掉了。		I got my notebook stolen.
			我上錯了火車。		I got on the wrong train.
			昨天我很早起床。		I got up early yesterday.
			我在鄉下長大。		I grew up in the country.
			估计那就是个笑话吧。		I guess it's only a joke.
			我要打几个电话。		I had some calls to make.
			我该改一下我的计划。		I had to change my plans.
			我把麥克風遞給他。		I handed the mike to him.
			我有个坏消息。		I have a bit of bad news.
			我有很多功課。		I have a lot of homework.
			我有一个挺蠢的问题。		I have a stupid question.
			我有我需要的所有东西。		I have everything I need.
			我现在无处可去。		I have nowhere to go now.
			我必須睡一下覺。		I have to get some sleep.
			我必须到银行去。		I have to go to the bank.
			我必须通过这场考试。		I have to pass this exam.
			我呼吸困难。		I have trouble breathing.
			我好多天没吃东西了。		I haven't eaten for days.
			我听说汤姆被捕了。		I heard Tom was captured.
			我只想要一些生菜。		I just want some lettuce.
			我就是聽到了什麼聲音。		I know I heard something.
			我知道很多關於船的知識。		I know a lot about ships.
			我知道他在注意我。		I know he is watching me.
			我知道他在看著我。		I know he is watching me.
			我知道怎么设陷阱。		I know how to set a trap.
			我知道汤姆在做什么。		I know what Tom is doing.
			我知道什么事必须要做的。		I know what must be done.
			我知道你在做什么。		I know what you're doing.
			我知道盒子裡有什麼。		I know what's in the box.
			我知道这是谁的车。		I know whose car this is.
			我知道你還是想我的。		I know you still miss me.
			我喜欢在队伍里。		I like being on the team.
			我喜欢弹钢琴。		I like playing the piano.
			我挺喜欢那个歌手的。		I like that singer a lot.
			我直视他的眼睛。		I looked him in the eyes.
			我瞧了瞧橱柜。		I looked in the cupboard.
			我在战争中失去了手臂。		I lost my arm in the war.
			今天我的筆記本掉了。		I lost my notebook today.
			我很喜欢我的黄色套衫。		I love my yellow sweater.
			我在車站遇見他。		I met him at the station.
			我在回家的路上遇到了他。		I met him on my way home.
			我在回家的路上遇見了他。		I met him on my way home.
			我见到了王子真人。		I met the prince himself.
			我必须仔细做。		I must do that carefully.
			我必须更新我的护照。		I must renew my passport.
			我常常去看電影。		I often go to the movies.
			我保证我会来。		I promise that I'll come.
			我提供了他食物。		I provided him with food.
			我讀了一篇精彩的故事。		I read an exciting story.
			我真的该走了。		I really should be going.
			我收到了一张请帖。		I received an invitation.
			我看見她進了房間。		I saw her enter the room.
			我看见他穿过了马路。		I saw him cross the road.
			我看到他进房间。		I saw him enter the room.
			我见你找到了你的包。		I see you found your bag.
			我今天签了租约。		I signed the lease today.
			我在这东西上花了十美元。		I spent 10 dollars on it.
			我依然不理解。		I still don't understand.
			我教成年人法語。		I teach French to adults.
			我立刻打電話給她。		I telephoned her at once.
			我想我喝得太多了。		I think I drank too much.
			我看我犯了箇錯。		I think I made a mistake.
			我可要哭了。		I think I'm going to cry.
			我认为我们有麻烦。		I think we're in trouble.
			我觉得你发烧了。		I think you have a fever.
			我觉得您过火了。		I think you went too far.
			我还以为我在做梦呢。		I thought I was dreaming.
			我明白这概念。		I understand the concept.
			我曾经像猪一样吃。		I used to eat like a pig.
			我通常在六點鐘起床。		I usually get up at 6:00.
			我通常走去学校。		I usually walk to school.
			一般我步行去学校。		I usually walk to school.
			我沿着河走了段路。		I walked along the river.
			我想要本好词典。		I want a good dictionary.
			我想要一點柳橙汁。		I want some orange juice.
			我想给家人打电话。		I want to call my family.
			我被外星人绑架了。		I was abducted by aliens.
			我被要求在这里等。		I was asked to wait here.
			我在冬天出生。		I was born in the winter.
			她不在，我很孤独。		I was lonely without her.
			我等着出租车。		I was waiting for a taxi.
			我会出席会议的。		I will be at the meeting.
			我会跟她解释的。		I will explain it to her.
			我将要去参加会议。		I will go to the meeting.
			我希望我再年輕一次。		I wish I was young again.
			我明天不在这儿。		I won't be here tomorrow.
			我是不会系领带的。		I won't be wearing a tie.
			他葫芦里不知卖的是什么药？		I wonder what he's up to.
			我这周干了很多活。		I worked a lot this week.
			我如果能做，就做。		I would do it if I could.
			要是我是你，我就会去。		I would go if I were you.
			我想要果汁。		I would like fruit juice.
			我愿意帮你。		I would like to help you.
			我回家比较好。		I'd better get back home.
			我想要一杯柳橙汁。		I'd like an orange juice.
			请再给我一些水。		I'd like some more water.
			我想用支票付款。		I'd like to pay by check.
			我想看醫生。		I'd like to see a doctor.
			我要看病。		I'd like to see a doctor.
			我希望你去那裡。		I'd like you to go there.
			我非常想离开。		I'd very much like to go.
			我将要飞到波士顿去。		I'll be flying to Boston.
			我在这待一会。		I'll be here for a while.
			我馬上到那裡。		I'll be there right away.
			到哪里我都会跟着你。		I'll follow you anywhere.
			晚饭我请客。		I'll treat you to dinner.
			我是汤姆的一位同事。		I'm a colleague of Tom's.
			我怕它是行不通的。		I'm afraid it won't work.
			我總是心情不好。		I'm always in a bad mood.
			我餓得像匹馬。		I'm as hungry as a horse.
			我饿得跟饿虎扑羊似的。		I'm as hungry as a horse.
			我完全地筋疲力盡了。		I'm completely exhausted.
			我很高兴见到你。		I'm delighted to see you.
			我正在喝蘋果汁。		I'm drinking apple juice.
			我怀孕四个月了。		I'm four months pregnant.
			真高兴有人告诉我。		I'm glad someone told me.
			很高兴再见到您。		I'm glad to see you back.
			很高兴再见到你。		I'm glad to see you back.
			我要坐下。		I'm going to go sit down.
			我要告诉汤姆。		I'm going to go tell Tom.
			我打算洗个澡。		I'm going to take a bath.
			我将去取我的车。		I'm going to take my car.
			我对运动感兴趣。		I'm interested in sports.
			我不是个母语者。		I'm not a native speaker.
			我不会放弃的。		I'm not going to give up.
			我不搬去波士頓。		I'm not moving to Boston.
			我只想到你。		I'm only thinking of you.
			我对此负有责任。		I'm responsible for that.
			我没主意了。		I'm running out of ideas.
			我住在我姑姑家。		I'm staying at my aunt's.
			我相信你会做的很棒的。		I'm sure you'll do great.
			我喝醉了，做不到。		I'm too drunk to do that.
			我正在用一台新电脑。		I'm using a new computer.
			我最近很忙。		I'm very busy these days.
			我以前被騙過。		I've been cheated before.
			我已经做够了。		I've done enough already.
			我给我们煮了些咖啡。		I've made us some coffee.
			你所有的书我都看过了。		I've read all your books.
			汤姆是个好人吗？		Is Tom really a nice guy?
			有它的应用吗？		Is there an app for that?
			那个包是你的还是他的？		Is this bag yours or his?
			这条鱼还是活的吗？		Is this fish still alive?
			汤姆不是澳洲来的吗？		Isn't Tom from Australia?
			这什么都说明不了！		It doesn't mean anything.
			那不真的重要。		It doesn't really matter.
			天色已晚。		It was already very late.
			这正如我想的一样。		It was just as I thought.
			它是基本人权。		It's a basic human right.
			这是一个狗咬狗的无情世界。		It's a dog-eat-dog world.
			今天有点冷。		It's a little cold today.
			差不多该开始了。		It's about time to start.
			帮助你是我的责任。		It's my duty to help you.
			帮助你是我们的工作。		It's our job to help you.
			外面一片漆黑。		It's pitch black outside.
			已經六點鐘了。		It's six o'clock already.
			是时候洗个澡了。		It's time to take a bath.
			請相信我的話。		Just take my word for it.
			记好了这教训。		Keep this lesson in mind.
			讓我看一下你的票。		Let me check your ticket.
			讓我給你說明。		Let me explain it to you.
			讓我看看它。		Let me have a look at it.
			讓我思考一下。		Let me think for a while.
			改天再說吧。		Let's do it another time.
			看我为你做了什么。		Look what I made for you.
			可能不久会见你		Maybe I'll see you later.
			牛奶论品脱卖。		Milk is sold by the pint.
			把配料好好混一下。		Mix the ingredients well.
			我姑姑給了我一本相簿。		My aunt gave me an album.
			我的血压很低。		My blood pressure is low.
			我父親開車去上班。		My father drives to work.
			我父親在他的房間裡。		My father is in his room.
			我门牙突出。		My front teeth stick out.
			我的房子又舊又難看。		My house is old and ugly.
			我丈夫没在城里。		My husband's not in town.
			我的工作是洗碗。		My job is to wash dishes.
			我的工作是洗盤子。		My job is to wash dishes.
			我的刀變鈍了。		My knife has become dull.
			我母亲十分生气。		My mother is quite angry.
			我们队总是输。		My team is always losing.
			我们队从来就没赢过。		My team is always losing.
			我叔叔給了我他的車。		My uncle gave me his car.
			我的表被偷了。		My watch has been stolen.
			没发生什么特别的事。		Nothing special happened.
			哦，对！我记得那个。		Oh yeah, I remember that.
			這些狗中的其中一隻是活的。		One of the dogs is alive.
			请把盐递给我。		Pass me the salt, please.
			請把酒遞給我。		Pass me the wine, please.
			請不要用我的名字。		Please don't use my name.
			请填写这份表格。		Please fill in this form.
			请帮我找一下我的钱包。		Please find me my wallet.
			请敲门。		Please knock on the door.
			請把馬鈴薯的皮削掉。		Please peel the potatoes.
			請穿上你的鞋子。		Please put on your shoes.
			請說更大聲一點。		Please speak more loudly.
			請說話大聲一點。		Please speak more loudly.
			请您摘下您的帽子。		Please take off your hat.
			请告诉我汤姆很好。		Please tell me Tom is OK.
			請告訴我你的名字。		Please tell me your name.
			请打开收音机。		Please turn on the radio.
			请将收音机打开。		Please turn on the radio.
			請先等他。		Please wait on him first.
			骄傲是失败的先行者。		Pride goes before a fall.
			骄傲使人落后。		Pride goes before a fall.
			骄兵必败。		Pride goes before a fall.
			说你想要哪个。		Say which you would like.
			她也喜欢巧克力。		She also likes chocolate.
			她打了很多次電話給我。		She called me many times.
			她决定和他结婚。		She decided to marry him.
			她與丈夫離婚。		She divorced her husband.
			她从梯子上摔了下来。		She fell down the ladder.
			她上夜校。		She goes to night school.
			她让人做了一条新连衣裙。		She had a new dress made.
			她不得不待在这儿。		She has had to stay here.
			她现在正在工作。		She is at work right now.
			她是他的一切。		She is everything to him.
			她匆忙地離開了這裡。		She left here in a hurry.
			她馬上離開了這裡。		She left here right away.
			她看着我的眼睛。		She looked me in the eye.
			她看起来像老师。		She looks like a teacher.
			她做了一件好看的衣服給我。		She made me a nice dress.
			她喜欢啤酒胜过葡萄酒。		She prefers beer to wine.
			她唱得比他好。		She sang better than him.
			她把照片给他看。		She showed him the photo.
			她邊走邊談。		She talked as she walked.
			她昨天去那裡。		She went there yesterday.
			她写了好多诗。		She wrote a lot of poems.
			她穿著高跟鞋。		She's wearing high heels.
			有人推我到裡面。		Someone pushed me inside.
			必须有人来做这件事。		Someone's got to do that.
			南非很远。		South Africa is far away.
			退到繩子後面。		Stand back from the rope.
			今年夏天很冷。		Summer is cold this year.
			打的去旅馆吧。		Take a taxi to the hotel.
			你爱拿多少就拿多少。		Take as much as you like.
			让她中午过来。		Tell her to come at noon.
			那顆蘋果很好吃。		That apple was delicious.
			那花闻起来很香。		That flower smells sweet.
			不言而喻。		That goes without saying.
			那家伙让我发疯。		That guy drives me crazy.
			這房子非常小。		That house is very small.
			这没有任何区别。		That makes no difference.
			那男人偷了我的钱包。		That man stole my wallet.
			这个玩具是木制的。		That toy is made of wood.
			我完全看不懂。		That was all Greek to me.
			那不是我故意的。		That wasn't my intention.
			这违反规则。		That's against the rules.
			这毫无意义。		That's quite meaningless.
			您真是太好了。		That's very sweet of you.
			那是我經常說的。		That's what I always say.
			那是我必須做的。		That's what I have to do.
			我就是想那麼做的。		That's what I mean to do.
			那是汤姆承诺的。		That's what Tom promised.
			汤姆就该呆在那里。		That's where Tom belongs.
			请开到希尔顿酒店。		The Hilton Hotel, please.
			這些蘋果很好吃。		The apples are delicious.
			這孩子哭了一整夜。		The baby cried all night.
			婴儿睡得正香。		The baby was fast asleep.
			钟还没响。		The bell hasn't rung yet.
			这个毯子还是湿的。		The blanket is still wet.
			这小男孩能数到十。		The boy can count to ten.
			车在车库里。		The car is in the garage.
			这座城市成为了一片废墟。		The city fell into ruins.
			課程八點半開始。		The class begins at 8:30.
			那台電腦中毒了。		The computer has a virus.
			狗被車撞了。		The dog was hit by a car.
			门被踢开了。		The door was kicked open.
			花盆碎了。		The flower pot is broken.
			饭还没做好。		The food's not ready yet.
			燃油表坏了。		The fuel gauge is broken.
			比赛以平局结束。		The game ended in a draw.
			镜子被摔碎了。		The mirror was shattered.
			這位老人家非常仁慈。		The old man is very kind.
			警察在跟著他。		The police are after him.
			這件紅色的洋裝適合她。		The red dress suited her.
			天空中繁星点点。		The sky is full of stars.
			天空布满星辰。		The sky is full of stars.
			雪消失了。		The snow has disappeared.
			太阳在西边下山。		The sun sets in the west.
			太阳在西边落下。		The sun sets in the west.
			现在假期结束了。		The vacation is over now.
			少一把刀。		There is a knife missing.
			少了一把勺子。		There is a spoon missing.
			无解。		There isn't any solution.
			你有一封信。		There's a letter for you.
			这些是很旧的书。		These are very old books.
			我最近忙得很。		These days I'm very busy.
			这些东西不是我的！		These things aren't mine!
			他们变得很紧张。		They became very nervous.
			他们不需要理由。		They don't need a reason.
			他们一定很恨我。		They must really hate me.
			他们给他们的儿子取名叫汤姆。		They named their son Tom.
			现在他们有三个孩子。		They now have three kids.
			他们出发去野餐了。		They set out on a picnic.
			这个价格含了税。		This amount includes tax.
			這文章胡說八道。		This article is nonsense.
			这表不走了。		This clock isn't working.
			跟你没半毛钱关系。		This doesn't concern you.
			这面旗子很漂亮。		This flag is very pretty.
			这是鸟类庇护所。		This is a bird sanctuary.
			這是所有他必須做的事。		This is all he has to do.
			这是我的电子邮箱。		This is my email address.
			這不是很流行。		This is not very stylish.
			这把刀很锋利。		This knife is very sharp.
			这个人靠不住的。		This man is not reliable.
			这衬衫需要熨。		This shirt needs ironing.
			这一次不一样。		This time it's different.
			這玩具是用木頭做的。		This toy is made of wood.
			今天是情人节		Today is Valentine's Day.
			汤姆在我走后到了。		Tom arrived after I left.
			汤姆让我留下。		Tom asked me stay behind.
			汤姆买了新专辑。		Tom bought the new album.
			汤姆能游得很好。		Tom can swim pretty well.
			汤姆做得很出色。		Tom did an excellent job.
			汤姆没有发烧。		Tom doesn't have a fever.
			汤姆不喜欢胡萝卜。		Tom doesn't like carrots.
			汤姆在课堂上睡着了。		Tom fell asleep in class.
			汤姆终于戒烟了。		Tom finally quit smoking.
			汤姆从办公桌旁站了起来。		Tom got up from his desk.
			汤姆有他自己的问题。		Tom has his own problems.
			汤姆还另有三条狗。		Tom has three other dogs.
			汤姆是一个越军退役军人。		Tom is a Vietnam veteran.
			汤姆是海豚训练员。		Tom is a dolphin trainer.
			汤姆天生就是个运动员。		Tom is a natural athlete.
			汤姆是个非常坏的人。		Tom is a very bad person.
			汤姆恐高。		Tom is afraid of heights.
			汤姆对每个人都好。		Tom is kind to everybody.
			汤姆不是一个好选手。		Tom isn't a great player.
			汤姆不辞而别。		Tom left without warning.
			汤姆点头以示鼓励。		Tom nodded encouragingly.
			汤姆把信撕碎了。		Tom ripped up the letter.
			汤姆说玛丽在睡觉。		Tom said Mary was asleep.
			汤姆说玛丽饿了。		Tom said Mary was hungry.
			汤姆本该已经准备好了。		Tom should've been ready.
			汤姆把他的枪卖给了玛丽。		Tom sold his gun to Mary.
			汤姆捏了玛丽的手。		Tom squeezed Mary's hand.
			汤姆认为我太年轻。		Tom thinks I'm too young.
			汤姆后退一步。		Tom took a step backward.
			汤姆把钟拆开了。		Tom took the clock apart.
			汤姆以前戴眼镜。		Tom used to wear glasses.
			汤姆想在它上面睡觉。		Tom wants to sleep on it.
			汤姆昨晚上电视了。		Tom was on TV last night.
			汤姆被玛丽替换下来。		Tom was replaced by Mary.
			汤姆会喜欢这里的。		Tom will like this place.
			汤姆希望他没有赢。		Tom wished he hadn't won.
			明天是母親節。		Tomorrow is Mother's Day.
			很遗憾，下雨了。		Unfortunately, it rained.
			洗你的臉和手。		Wash your face and hands.
			鸡蛋是论打买的。		We buy eggs by the dozen.
			我们没有收到过道歉。		We didn't get an apology.
			我们没点火。		We didn't start the fire.
			我们不卖生啤酒。		We don't sell draft beer.
			我们一起去学校。		We go to school together.
			我们在树林中迷路了。		We got lost in the woods.
			我们在午夜之后起床。		We got up after midnight.
			我们有一位非常好的厨师。		We have a very good chef.
			我们没奶油了。		We have run out of cream.
			你的问题和我的一样。		We have the same problem.
			我们每周在这儿聚一次。		We meet here once a week.
			我们需要人帮忙。		We need to get some help.
			我们必须遵纪守法。		We ought to obey the law.
			我们推迟了会议。		We postponed the meeting.
			我们应该进行测试。		We should run some tests.
			我们希望你和汤姆能结婚。		We want you to marry Tom.
			我们明天回来。		We'll come back tomorrow.
			咱俩是一丘之貉。		We're birds of a feather.
			我们还没有准备好离开。		We're not ready to leave.
			我们在三楼。		We're on the third floor.
			我们准备去做。		We're preparing to do so.
			你笑什么呢？		What are you laughing at?
			你的影响力是什么？		What are your influences?
			你们去看啥了？		What did you guys go see?
			這些橘子多少錢？		What do the oranges cost?
			你具体需要些什么？		What do you need exactly?
			你想知道什麼？		What do you want to know?
			这个词是什么意思？		What does this word mean?
			你父亲是做什么的？		What does your father do?
			汤姆究竟在做什么？		What exactly does Tom do?
			公共汽车上发生什么了？		What happened on the bus?
			这个晚上发生了什么？		What happened that night?
			他說的話不是真的。		What he said is not true.
			你几点回家？		What time do you go home?
			你说的东西是胡扯。		What you said is baloney.
			你说的不是真的。		What you said isn't true.
			汤姆出什么事了？		What's going on with Tom?
			你最害怕的是什么？		What's your biggest fear?
			你家的地址是什麼？		What's your home address?
			您的手机号码是多少？		What's your phone number?
			你电话号码是多少？		What's your phone number?
			你的电话是多少？		What's your phone number?
			她什么时候结婚的？		When did she get married?
			电影什么时候开始？		When did the movie start?
			游戏几点开始？		When does the game begin?
			请问可以在哪里买到票呢？		Where can I buy a ticket?
			他们想到哪儿去？		Where do they want to go?
			你在哪裡打網球？		Where do you play tennis?
			它从哪里离开的？		Where does it leave from?
			這家咖啡館在哪裡？		Where is the coffee shop?
			您昨天在哪儿？		Where were you yesterday?
			你当你是谁啊？		Who do you think you are?
			谁在弹钢琴？		Who is playing the piano?
			谁想来一块派？		Who wants a slice of pie?
			你的眼睛为什么那么大？		Why are your eyes so big?
			你为什么不阻止他们？		Why didn't you stop them?
			我为什么一定要那么做？		Why do I have to do that?
			为什么不订些批萨呢？		Why don't we order pizza?
			为什么我们不订披萨呢？		Why don't we order pizza?
			为什么电视开着？		Why is the television on?
			为什么你的嘴那么大？		Why is your mouth so big?
			一万日元够吗？		Will ten thousand yen do?
			你会接受这份工作吗？		Will you accept this job?
			你明天出去吗？		Will you go out tomorrow?
			葡萄酒是用葡萄做成的。		Wine is made from grapes.
			你可以给我一个提示吗？		Would you give me a hint?
			你想吃鹰嘴豆吗？		Would you like chickpeas?
			你不想吃饭吗？		Wouldn't you like to eat?
			您不想吃饭吗？		Wouldn't you like to eat?
			你们不想吃饭吗？		Wouldn't you like to eat?
			你只是說說而已。		You are just saying that.
			你完全没错。		You are not at all wrong.
			你可以向他求助。		You can ask him for help.
			这个你只能用一次。		You can only use it once.
			你不需要著急。		You didn't need to hurry.
			你有光明的未来。		You have a bright future.
			你必须积极主动。		You have to be proactive.
			你必须遵守法律。		You have to obey the law.
			你必须戒烟。		You have to quit smoking.
			您必须排队。		You have to wait in line.
			你喜欢雨对吧？		You like rain, don't you?
			你可能听说过。		You might've heard of it.
			你必须把桌子清理干净。		You must clear the table.
			你不能待在床上。		You must not stay in bed.
			你绝不能跟汤姆说话。		You must not talk to Tom.
			你应该做一个外交官。		You should be a diplomat.
			你英语说得很流利。		You speak fluent English.
			你花太多钱了。		You spend too much money.
			你最好休息一下。		You'd better relax a bit.
			你是个美人。		You're a beautiful woman.
			你是位了不起的女性。		You're a wonderful woman.
			在撒谎吧？		You're lying, aren't you?
			你和我在这里很安全。		You're safe here with me.
			你累了，不是吗？		You're tired, aren't you?
			你膽子很大。		You've got a lot of guts.
			你必须要肯定。		You've got to be certain.
			您做了个坏榜样。		You've set a bad example.
			你做了个坏榜样。		You've set a bad example.
			你的书在书桌上。		Your book is on the desk.
			你的理由很充分。		Your reason is very good.
			你儿子现在成人了。		Your son has come of age.
			你的时间快用完了。		Your time is running out.
			叉子从桌上掉了下来。		A fork fell off the table.
			空气是气体的混合物。		Air is a mixture of gases.
			他突然发言了。		All at once, he spoke out.
			人人生来平等。		All men are created equal.
			那些事都是真的。		All those things are true.
			我该帮汤姆吗？		Am I supposed to help Tom?
			现在牡蛎当季吗？		Are oysters in season now?
			你是大学生吗？		Are you a college student?
			你真的不来吗？		Are you really not coming?
			终于开始下雨了。		At last, it began to rain.
			被拒絕是痛苦的。		Being rejected is painful.
			麵包是在烤箱裡烤的。		Bread is baked in an oven.
			用你的鼻子呼吸。		Breathe through your nose.
			给我一杯水。		Bring me a glass of water.
			把你的孩子带来。		Bring your children along.
			回来的路上买点牛奶。		Buy milk on your way home.
			我可以为你调杯热饮料吗？		Can I fix you a hot drink?
			你能猜到我有什么吗？		Can you guess what I have?
			你们能猜到我有什么吗？		Can you guess what I have?
			猫很讨厌吸尘器。		Cats hate vacuum cleaners.
			来跟我喝茶吧。		Come and have tea with me.
			来嘛！给我个机会。		Come on! Give me a chance.
			奶牛为我们提供牛奶。		Cows provide us with milk.
			你完成工作了吗？		Did you complete the work?
			你租房子了吗？		Did you rent an apartment?
			尽早做。		Do it as soon as possible.
			不要边走边看书。		Do not read while walking.
			做你所想的是最好的。		Do what you think is best.
			你们周日送货吗？		Do you deliver on Sundays?
			你有汤姆的住址吗？		Do you have Tom's address?
			你有很多笔吗？		Do you have a lot of pens?
			您有会员卡吗？		Do you have a points card?
			今晚有什么计划吗？		Do you have plans tonight?
			你知道发生了什么事情吗？		Do you know what happened?
			这是谁的你知道吗？		Do you know whose this is?
			你知道这是谁的吗？		Do you know whose this is?
			你喜欢日本菜吗？		Do you like Japanese food?
			你喜欢盗版电影吗？		Do you like pirate movies?
			您想再来点茶吗？		Do you want some more tea?
			你想不想一起去？		Do you want to come along?
			不要虐待动物。		Don't be cruel to animals.
			不要放松警惕。		Don't let your guard down.
			你们不爱彼此吗？		Don't you love each other?
			大家都同意你。		Everybody agrees with you.
			每个人都遇到过困难。		Everybody had a hard time.
			每个人都看向汤姆。		Everybody looks up to Tom.
			各位，請安靜。		Everyone, please be quiet.
			把你的想法表達清楚。		Express your idea clearly.
			法国的面包很好吃。		French bread is delicious.
			给予汤姆一些你力所能及的帮助。		Give Tom any help you can.
			再给我五分钟。		Give me five more minutes.
			给我你的电话号码。		Give me your phone number.
			給這隻狗一些肉。		Give some meat to the dog.
			祖母非常喜欢看电视。		Grandma likes watching TV.
			猜猜我遇到什么事了！		Guess what happened to me.
			坚持下去直到我找到你。		Hang on till I get to you.
			汤姆已经回来了吗？		Has Tom come back already?
			电影开始了吗？		Has the movie started yet?
			你被抢劫过吗？		Have you ever been robbed?
			他同意我的意見。		He agrees with my opinion.
			他问我是否很忙？		He asked me if I was busy.
			他成为了著名的歌手。		He became a famous singer.
			他开始找工作了。		He began to look for work.
			他没有听音乐。		He didn't listen to music.
			他不信神。		He doesn't believe in God.
			他不认识我们中的任何一个。		He doesn't know any of us.
			他伸长了他的右手。		He extended his right arm.
			他摔倒在地。		He fell down on the floor.
			他强迫她坐下。		He forced her to sit down.
			他步行上学。		He goes to school on foot.
			他手里拿着一本书。		He had a book in his hand.
			他把头发剪短了。		He had his hair cut short.
			他有各种各样的书。		He has all kinds of books.
			他一直暗恋着她。		He has had a crush on her.
			他把它藏在了门后。		He hid it behind the door.
			他是一位有前途的学生。		He is a promising student.
			他现在卧床不起。		He is confined to bed now.
			他是我最年轻的兄弟。		He is my youngest brother.
			他不是个普通的学生。		He is no ordinary student.
			他在自己房里玩。		He is playing in his room.
			他精通波斯语。		He is proficient in Farsi.
			他喜欢爵士乐，我也是。		He likes jazz and so do I.
			他为她摘了些花。		He picked flowers for her.
			他打网球打得很好。		He plays tennis very well.
			他坐在溪流旁邊。		He sat next to the stream.
			他坐在河边。		He sat next to the stream.
			他很少来看我。		He seldom comes to see me.
			他游泳比我好。		He swims better than I do.
			他游泳游得比我好。		He swims better than I do.
			他误服了毒药。		He took poison by mistake.
			他要你留在這裡。		He wants you to stay here.
			他是在战争中受伤的。		He was wounded in the war.
			他回店里去了。		He went back to the store.
			他会让你吃灰的。		He will make you eat dirt.
			他擅長放風箏。		He's good at flying kites.
			他比你高得多。		He's much taller than you.
			他没违法。		He's not breaking the law.
			他跑得非常快。		He's running very quickly.
			他正睡着，像个婴儿一样。		He's sleeping like a baby.
			他说话很直接。		He's very straightforward.
			這裡有箇更好的。		Here's an even better one.
			嗨，請保持安靜。		Hey guys, please be quiet.
			嘿，你的狗刚咬了我。		Hey, your dog just bit me.
			河马喜欢水。		Hippopotamuses love water.
			他爸爸是个骗子。		His father is an impostor.
			他的帽子没戴正。		His hat isn't on straight.
			他的要求如下。		His request is as follows.
			他的故事很有意思。		His story was interesting.
			马是种很有用的动物。		Horses are useful animals.
			我应该怎么去了解？		How am I supposed to know?
			你怎么找到我的房子的？		How did you find my house?
			你怎麼全都知道？		How did you know all that?
			我該怎麼去唐人街？		How do I get to Chinatown?
			我们该怎么从这里出去。		How do we get out of here?
			您怎么让屋子暖起来？		How do you heat the house?
			你在监狱里呆了多久？		How long were you in jail?
			我们有几个碗？		How many bowls do we have?
			您有几只猫？		How many cats do you have?
			你们是几位？		How many of you are there?
			你有多少支铅笔？		How many pens do you have?
			一打鸡蛋多少钱？		How much are a dozen eggs?
			门票多少钱？		How much is the admission?
			你用多少糖？		How much sugar do you use?
			一共要多少錢？		How much will it all cost?
			您多久吃一次豬肉？		How often do you eat pork?
			我干了件什么傻事啊！		How stupid of me to do so!
			你的父母有多高？		How tall are your parents?
			我接受了她的邀請。		I accepted her invitation.
			我同意您的意見。		I agree with your opinion.
			我要去打網球。		I am going to play tennis.
			我为昨天发生的事道歉。		I apologize for yesterday.
			我感謝你的關心。		I appreciate your concern.
			我相信他是幸福的。		I believe that he's happy.
			我是网球俱乐部的会员。		I belong to a tennis club.
			我买了台新电视机。		I bought a new television.
			我昨天打電話給他。		I called him up yesterday.
			我可以照顧自己。		I can take care of myself.
			我也无法解释。		I can't explain it either.
			我在哪儿都没找到他。		I can't find him anywhere.
			我跟不上你的逻辑。		I can't follow your logic.
			我不能破例。		I can't make an exception.
			我不記得他的名字。		I can't remember his name.
			我找不到他的家。		I couldn't find his house.
			我不知道該說些什麼。		I didn't know what to say.
			上周一我没有工作。		I didn't work last Monday.
			我根本不信。		I don't believe it at all.
			我不在乎他做什麼。		I don't care what he does.
			我不明白你的意思。		I don't get what you mean.
			我不理解你的意思。		I don't get what you mean.
			我没有孩子。		I don't have any children.
			我不認識這裡的任何人。		I don't know anybody here.
			我不知道汤姆看到了什么。		I don't know what Tom saw.
			我不喜欢葱。		I don't like green onions.
			我不喜欢跟人打交道。		I don't like to socialize.
			我不喜欢你朋友。		I don't like your friends.
			我不想把你淹死。		I don't mean to swamp you.
			我不相信商人。		I don't trust businessmen.
			我不懂德语。		I don't understand German.
			我的鋼筆掉了。		I dropped my fountain pen.
			我感到万分焦虑。		I felt incredibly nervous.
			我把它忘在车库里了。		I forgot it in the garage.
			我弄清楚她在哪儿了。		I found out where she was.
			我載她去城裡了。		I gave her a lift to town.
			我得到了一雙新鞋。		I got a new pair of shoes.
			我叫人把我的自行车修好了。		I got my bicycle repaired.
			我的眼睛進了些沙。		I got some sand in my eye.
			我在一个小镇长大。		I grew up in a small town.
			我在小城鎮長大。		I grew up in a small town.
			我好像等太久了		I guess I waited too long.
			我出了工伤。		I had an accident at work.
			我在这儿有一些朋友。		I have a few friends here.
			我蛀牙很多。		I have a lot of bad teeth.
			我有许多问题。		I have a lot of questions.
			我在七點吃早飯。		I have breakfast at seven.
			我不知道她是谁。		I have no idea who she is.
			我现在还没有吃过午饭。		I haven't eaten lunch yet.
			我很久没有抽烟了。		I haven't smoked for ages.
			我希望很快就能見到你。		I hope I can see you soon.
			希望我没有烦到你。		I hope I'm not boring you.
			我希望汤姆欣赏它。		I hope Tom appreciates it.
			我知道我会赢。		I knew I was going to win.
			我知道怎么驾驶汽车。		I know how to drive a car.
			我知道你冒了多大的風險。		I know what you've risked.
			我回過頭去。		I looked over my shoulder.
			我昨天丢了我的手表。		I lost my watch yesterday.
			我可能犯了个错。		I may have made a mistake.
			我可能搞错了。		I may have made a mistake.
			我在理发店碰到了他。		I met him at the barber's.
			在他回家的路上我遇見了他。		I met him on his way home.
			我肯定着凉了。		I must have caught a cold.
			我需要一些郵票。		I need to get some stamps.
			我注意到汤姆在笑。		I noticed Tom was smiling.
			我昨天踢了足球。		I played soccer yesterday.
			我更想繼續坐著。		I prefer to remain seated.
			我一年前戒了烟。		I quit smoking a year ago.
			我跑得尽可能快。		I ran as fast as possible.
			我盡可能地跑快一點。		I ran as fast as possible.
			我真不這麼想。		I really don't believe so.
			我现在真需要来杯喝的。		I really need a drink now.
			我记得第一次。		I remember the first time.
			我记得给她写过信。		I remember writing to her.
			我在三小时前见过汤姆。		I saw Tom three hours ago.
			十年之後我看到了他。		I saw him after ten years.
			我在报纸上看到了它。		I saw it in the newspaper.
			我是在报纸上看到它的。		I saw it in the newspaper.
			我亲眼见到了它。		I saw it with my own eyes.
			我親眼看見了。		I saw it with my own eyes.
			我看见一只猫追着一只狗跑。		I see a cat chasing a dog.
			我每天都说英语。		I speak English every day.
			昨晚我和汤姆说话了。		I spoke to Tom last night.
			我星期天在家。		I stay at home on Sundays.
			我站著等公車。		I stood waiting for a bus.
			我每晚洗澡。		I take a bath every night.
			我觉得汤姆很上镜。		I think Tom is photogenic.
			我觉得这值得一问。		I think it's worth asking.
			我觉得她很勇敢。		I think she is very brave.
			我觉得这本书很简单。		I think this book is easy.
			我看你长得像汤姆。		I think you look like Tom.
			我认为你了解我。		I think you understand me.
			我明白你的感受。		I understand how you feel.
			我明白你的感覺。		I understand how you feel.
			我想喝點什麼。		I want something to drink.
			我想成为记者。		I want to be a journalist.
			我今晚想出去吃。		I want to eat out tonight.
			我想看看你的母親。		I want to see your mother.
			我想和你去旅行。		I want to travel with you.
			我想讓你離開我的房間。		I want you out of my room.
			我想要你睡在它上边。		I want you to sleep on it.
			我想让你等我。		I want you to wait for me.
			我希望你更加努力地工作。		I want you to work harder.
			我几乎不能工作了。		I was barely able to work.
			我工作累死了。		I was exhausted from work.
			我被无故辞退了。		I was fired without cause.
			我就要离开了。		I was just about to leave.
			我本想給你打電話的。		I was meaning to call you.
			我一直很害怕。		I was scared all the time.
			我被雷劈了。		I was struck by lightning.
			我试着消磨时间。		I was trying to kill time.
			上星期我非常地忙。		I was very busy last week.
			我今天早上看了电视。		I watched TV this morning.
			去了超市。		I went to the supermarket.
			我会把这本书给你。		I will give you this book.
			我下周会去见他们。		I will see them next week.
			但願你去過那裡。		I wish you had been there.
			我和她的男朋友在一起上班。		I work with her boyfriend.
			我想要你的照片。		I would like your picture.
			我不会再试了。		I wouldn't try that again.
			我想要一杯水。		I'd like a glass of water.
			我想要了解一些信息。		I'd like some information.
			請給我一杯茶。		I'd like some tea, please.
			我想吃点东西。		I'd like something to eat.
			我永远也不会让您亲我。		I'd never let you kiss me.
			我马上就到了。		I'll be there in a minute.
			我再拿块毛巾过来。		I'll bring one more towel.
			我每晚都給你打電話。		I'll call you every night.
			我明天要去购物。		I'll go shopping tomorrow.
			我会很想念你们的。		I'll miss you all so much.
			我三点钟来接你。		I'll pick you up at three.
			我之后再考虑。		I'll think about it later.
			我是个高中生。		I'm a high school student.
			我怕地震。		I'm afraid of earthquakes.
			我指望你的帮助。		I'm counting on your help.
			我在喝橙汁。		I'm drinking orange juice.
			很高興再次見到你。		I'm glad to see you again.
			我出去一会儿。		I'm going out for a while.
			我去下洗手间。		I'm going to the bathroom.
			如果你開心，我也就開心。		I'm happy if you're happy.
			我很高興在這裡看到你。		I'm happy to see you here.
			我真的很需要钱！		I'm in dire need of money.
			我比你年輕得多。		I'm much younger than you.
			我不擅長做木工。		I'm not good at carpentry.
			我对你不感兴趣。		I'm not interested in you.
			我不太擅长打高尔夫球。		I'm not very good at golf.
			我只在这里待一天。		I'm only here for one day.
			我正在读报纸。		I'm reading the newspaper.
			我在告訴你真相。		I'm telling you the truth.
			我在努力。		I'm working on doing that.
			我已經吃晚飯了。		I've already eaten dinner.
			我一直在找你。		I've been looking for you.
			我在這周做了許多事。		I've done a lot this week.
			我瘦了一點。		I've lost a little weight.
			最近我的体重减少了。		I've lost weight recently.
			我从没去过欧洲。		I've never been to Europe.
			我试过去联系汤姆。		I've tried to contact Tom.
			如果你加热冰它就会融化。		If you heat ice, it melts.
			汤姆要甩了玛丽吗？		Is Tom going to dump Mary?
			汤姆还在打电话吗？		Is Tom still on the phone?
			有什么事让你烦心吗？		Is anything bothering you?
			死是唯一的解脱吗？		Is death the only way out?
			离这里还远吗？		Is it still far from here?
			汤姆真的不会游泳吗？		Is it true Tom can't swim?
			这是一只钢笔还是铅笔？		Is this a pen or a pencil?
			你的家人好么？		Is your family doing well?
			这要看情况。		It depends on the context.
			这得看情况。		It depends on the context.
			它变得越来越大。		It grew larger and larger.
			这根本不是确定的。		It is by no means certain.
			做个赢家很好。		It is good to be a winner.
			这可能是真的，可能不是。		It may or may not be true.
			這可能是真的，也可能不是。		It may or may not be true.
			昨晚雨下得很大。		It rained hard last night.
			它似乎很有趣。		It seems very interesting.
			去年下了很多雪。		It snowed a lot last year.
			这是个很艰难的斗争。		It was an uphill struggle.
			做那事是我的责任。		It was my duty to do that.
			那是唯一的出路。		It was the only way to go.
			美丽的一天，不是吗？		It's a nice day, isn't it?
			现在是八点一刻。		It's a quarter past eight.
			這裡已經是午夜了。		It's almost midnight here.
			這是朵人造花。		It's an artificial flower.
			那麼做很難。		It's difficult to do that.
			很容易感冒。		It's easy to catch a cold.
			波士頓這裡霧很大。		It's foggy here in Boston.
			戒烟难。		It's hard to quit smoking.
			不过是一个文字游戏罢了。		It's just a play on words.
			它正是我所期待的。		It's just what I expected.
			这方便得多了。		It's much more convenient.
			有朋友真好。		It's nice to have friends.
			这不关你的事。		It's none of your concern.
			这种尝试很荒谬。		It's nonsense to try that.
			这对任何人都不好。		It's not good for anybody.
			真的不重要。		It's really not important.
			她确实死了。		It's true that she's dead.
			让我想想。		Let me think for a minute.
			让我们在一点见面。		Let's meet at one o'clock.
			我们去坐四点十分的火车吧。		Let's take the 4:10 train.
			很多人都参加了他的葬礼。		Many attended his funeral.
			玛丽是个了不起的女人。		Mary is a wonderful woman.
			我能问一些问题吗？		May I ask a few questions?
			请问您老人家高寿？		May I ask how old you are?
			他们可能有点什么。		Maybe they have something.
			钱买不到幸福。		Money can't buy happiness.
			大自然很慷慨。		Mother Nature is generous.
			妈妈给我做了一个洋娃娃。		Mother made a doll for me.
			我的公寓在這附近。		My apartment is near here.
			我哥哥是教授。		My brother is a professor.
			我弟弟在看电视。		My brother is watching TV.
			我的車子很耗油。		My car burns a lot of gas.
			我的女儿感冒了。		My daughter caught a cold.
			我女儿想要架钢琴。		My daughter wants a piano.
			我爸爸在花园里。		My father's in the garden.
			我的房子绝对保险。		My house is fully insured.
			妈妈煮了十只蛋。		My mother boiled ten eggs.
			我鄰居的狗死了。		My neighbor's dog is dead.
			我父母还不老。		My parents aren't old yet.
			根本就没实施过逮捕行动。		No arrests were ever made.
			没有什么比战争更糟的了。		Nothing is worse than war.
			你的轮胎爆了一个。		One of your tires is flat.
			一加二等于三。		One plus two equals three.
			我们的火车准时来到。		Our train arrived on time.
			眼不见，心不烦。		Out of sight, out of mind.
			他的故事一部分是真的。		Part of his story is true.
			屋頂有一部分被刮走了。		Part of the roof blew off.
			人们正在依赖着我们。		People are counting on us.
			请回答我的问题。		Please answer my question.
			千万别误会我的意思。		Please don't get me wrong.
			请不要打断我。		Please don't interrupt me.
			請借我你的刀。		Please lend me your knife.
			请把黄油递给我。		Please pass me the butter.
			请说得更清楚些。		Please speak more clearly.
			请深吸一口气。		Please take a deep breath.
			請脫下您的外套。		Please take off your coat.
			請告訴我該怎麼做。		Please tell me what to do.
			请在这儿等一会儿。		Please wait here a moment.
			請再讀一次。		Read it once more, please.
			房租很可能会上涨。		Rents are likely to go up.
			下周一开学。		School starts next Monday.
			看看你能跳多高。		See how high you can jump.
			下週一再見。		See you again next Monday.
			立即送醫。		Send for a doctor at once.
			她叫了我很多次。		She called me many a time.
			她否認見過他。		She denied having met him.
			她给了她父亲一条领带。		She gave her father a tie.
			她周末病倒了。		She got sick this weekend.
			她有一雙美麗的眼睛。		She has an eye for beauty.
			她不怕死。		She isn't afraid of death.
			她非常喜欢音乐。		She likes music very much.
			她说她病了。		She said that she was ill.
			她每天早上都冲澡。		She showers every morning.
			她睡了几小时。		She slept for a few hours.
			她说话相当快。		She speaks fairly quickly.
			她教我如何游泳。		She taught me how to swim.
			她环游了日本。		She traveled around Japan.
			她降低了收音机的音量。		She turned down the radio.
			她以前和他住一起。		She used to live with him.
			她通常很早起床。		She usually gets up early.
			她小心翼翼地走。		She walked very carefully.
			她摔伤了。		She was injured in a fall.
			我给她打电话的时候她不在。		She was out when I called.
			她被車子輾過了。		She was run over by a car.
			她化着浓妆。		She wears a lot of makeup.
			她一整晚都在哭。		She wept the entire night.
			她擅长针线活。		She's handy with a needle.
			你不应该在学习吗？		Shouldn't you be studying?
			有些人永远也长不大。		Some people never grow up.
			对不起，我情不自禁。		Sorry, I couldn't help it.
			说法语很有趣。		Speaking in French is fun.
			待在這里，放鬆。		Stay right here and relax.
			突然開始下雨。		Suddenly it began to rain.
			把平底鍋離火。		Take the pan off the fire.
			走左邊的道路。		Take the road on the left.
			謝謝你邀請我。		Thank you for inviting me.
			感谢你的劳碌。		Thanks for your hard work.
			这真是很意外。		That is rather unexpected.
			那件紅色的洋裝適合她。		That red dress suited her.
			真是奇怪的问题。		That's a strange question.
			那就是我的感受。		That's exactly how I feel.
			那不全是錯的。		That's not entirely wrong.
			瓶子掉下来摔碎了。		The bottle fell and broke.
			车往前走。		The car was going forward.
			椅子是木质的。		The chair is made of wood.
			公司破产了。		The company went bankrupt.
			醫生把它給了她。		The doctor gave it to her.
			狗追兔子。		The dog chased the rabbit.
			经济在复苏之中。		The economy is picking up.
			著名的钢琴家露出了微笑。		The famous pianist smiled.
			葬禮是昨天。		The funeral was yesterday.
			那个男人最终供认了他的罪行。		The man finally confessed.
			这条消息是法语写的。		The message was in French.
			这部电影真的很好看。		The movie was really good.
			北极熊正在死去。		The polar bears are dying.
			这个池塘有三米深。		The pond is 3 meters deep.
			肉价下跌了。		The price of meat dropped.
			该手术无痛。		The procedure is painless.
			学校在小丘上面。		The school is on the hill.
			警告被忽视。		The warnings were ignored.
			工人罢工。		The workers are on strike.
			这个年轻人是医生。		The young man is a doctor.
			没有任何干净的盘子。		There are no clean plates.
			有三个幸存者。		There are three survivors.
			书桌上有食物。		There is food on the desk.
			有很多人。		There were lots of people.
			那里人好多。		There were so many people.
			那里也有个公园。		There's also a park there.
			有人在那里。		There's somebody in there.
			这些苹果很大。		These apples are very big.
			这双鞋子太小了。		These shoes are too small.
			他们俩都在房间里。		They are both in the room.
			他们抵达了酒店。		They arrived at the hotel.
			他们造了座桥。		They constructed a bridge.
			他们让我很生气。		They made me really angry.
			他们惊得目瞪口呆。		They were left speechless.
			这本书很易读。		This book is easy to read.
			这张书桌是木制的。		This desk is made of wood.
			这家伙像个狐狸。		This guy looks like a fox.
			這是常有的事。		This happens all the time.
			这房子不出售。		This house isn't for sale.
			這是給你的禮物。		This is a present for you.
			这只是个假设。		This is just a hypothesis.
			这是我最喜欢的颜色。		This is my favorite color.
			这个比那个更小。		This is smaller than that.
			这是日本国旗。		This is the flag of Japan.
			這不是我點的食物。		This isn't what I ordered.
			这工作报酬很高。		This job pays pretty well.
			这个老房子闹鬼。		This old house is haunted.
			这种威士忌太烈了。		This whisky is too strong.
			那些女人是加拿大人。		Those women are Canadians.
			现在有票。		Tickets are available now.
			精通英語是困難的。		To master English is hard.
			今天也是我的生日。		Today is my birthday, too.
			汤姆投票弃权。		Tom abstained from voting.
			汤姆承认他杀死了玛丽。		Tom admitted killing Mary.
			汤姆和玛丽正微笑着。		Tom and Mary were smiling.
			汤姆和玛丽在说话。		Tom and Mary were talking.
			汤姆小心地接近。		Tom approached cautiously.
			汤姆买了一打甜甜圈。		Tom bought a dozen donuts.
			汤姆买了新笔记本。		Tom bought a new notebook.
			汤姆应当被责备。		Tom deserves to be blamed.
			汤姆不同意做。		Tom didn't agree to do it.
			汤姆最终没来。		Tom didn't come after all.
			汤姆没怎么睡。		Tom didn't get much sleep.
			汤姆似乎不同意。		Tom doesn't seem to agree.
			汤姆每天喝啤酒。		Tom drinks beer every day.
			汤姆最终明白了。		Tom finally understood it.
			汤姆在波士顿找了份工作。		Tom found a job in Boston.
			汤姆有心脏病。		Tom has a heart condition.
			汤姆非常谨慎。		Tom has been very careful.
			汤姆有点沮丧。		Tom is a little depressed.
			汤姆是个寡欲的人。		Tom is a man of few wants.
			汤姆是个很好的歌手。		Tom is a very good singer.
			汤姆非常的浪漫。		Tom is extremely romantic.
			汤姆在起居室里。		Tom is in the living room.
			汤姆又孤单又不幸。		Tom is lonely and unhappy.
			汤姆永远不会哭。		Tom is never going to cry.
			汤姆不在你的联盟里。		Tom is out of your league.
			汤姆参加了讨论。		Tom joined the discussion.
			汤姆熟人多。		Tom knows a lot of people.
			汤姆交际广。		Tom knows a lot of people.
			汤姆知道所有答案。		Tom knows all the answers.
			汤姆看了看照片。		Tom looked at the picture.
			汤姆可能已经走了。		Tom may have left already.
			汤姆经常步行去学校。		Tom often walks to school.
			汤姆下棋下得很好。		Tom plays chess very well.
			汤姆拉小提琴拉得很好。		Tom plays the violin well.
			汤姆说它是钻石。		Tom said it was a diamond.
			汤姆教了我很多东西。		Tom taught me many things.
			汤姆试着交朋友。		Tom tried to make friends.
			汤姆想说声再见。		Tom wanted to say goodbye.
			汤姆一整天都在学校。		Tom was at school all day.
			汤姆会听从我的建议。		Tom will follow my advice.
			汤姆的汽车被偷了。		Tom's car has been stolen.
			汤姆没有什么可隐藏。		Tom's got nothing to hide.
			会有训练。		Training will be provided.
			麻烦说来就来。		Trouble began immediately.
			真理必胜。		Truth will always prevail.
			避免太夸张。		Try to avoid overdoing it.
			在车里等一下。		Wait for a bit in the car.
			服务生，我要点菜。		Waiter, I'd like to order.
			我们都非常想你。		We all miss you very much.
			我们不怕死。		We aren't afraid of death.
			我们不能让他们那么做。		We can't let them do that.
			我们什么都不能承诺。		We can't promise anything.
			我们不常做。		We don't do it very often.
			我们时间不多了。		We don't have enough time.
			我们什么也没有得到。		We got absolutely nothing.
			我们只须保持冷静。		We just need to stay calm.
			我们必须现在走。		We must leave immediately.
			我们需要称职的领导人。		We need competent leaders.
			我们该报警。		We should call the police.
			我们怀疑他说谎了。		We suspected him of lying.
			我们通常步行去学校。		We usually walk to school.
			我们想知道真相。		We want to know the facts.
			我们被暴风雨袭击了。		We were caught in a storm.
			我们最好快点走。		We'd better get a move on.
			我们还是在这里坐下吧。		We'd better sit down here.
			我们会给你留个位置。		We'll save a seat for you.
			我们是隔着墙的邻居。		We're next-door neighbors.
			我们不再像汤姆那样年轻。		We're not as young as Tom.
			时间快来不及了。		We're running out of time.
			你打算赢吗？		Were you expecting to win?
			你在读哪本书？		What book are you reading?
			你是从哪个国家来的？		What country are you from?
			你用什么打开的？		What did you open it with?
			你星期天都做什麼？		What do you do on Sundays?
			这钥匙能打开什么？		What does this key unlock?
			是什么风把你吹来了啊？		What has brought you here?
			今天你吃的什么？		What have you eaten today?
			汇率是多少？		What is the exchange rate?
			我们应该走出什么样的步伐。		What steps should we take?
			你什么时候走？		What time are you leaving?
			波士顿现在几点？		What time is it in Boston?
			你要对汤姆说些什么？		What would you say to Tom?
			你的狗怎麼了？		What's become of your dog?
			今天晚饭吃什么。		What's for dinner tonight?
			什么事这么开心？		What's the happy occasion?
			我的腿有什么毛病？		What's wrong with my legs?
			你堂兄叫什么名字？		What's your cousin's name?
			你最喜欢的歌是什么？		What's your favorite song?
			你的母语是什么？		What's your mother tongue?
			她说的每句话都是事实。		Whatever she says is true.
			随遇而安。		Whatever will be, will be.
			你最后一次看到汤姆是什么时候？		When did you last see Tom?
			电影什么时间开始？		When does the movie start?
			在哪里可以买到车票？		Where can you get tickets?
			我在哪裡坐地鐵？		Where do I get the subway?
			谁买这种艺术品？		Who buys this type of art?
			这从谁那儿拿的？		Who did you get this from?
			谁想要来一块蛋糕？		Who wants a piece of cake?
			你为什么对我这么小气？		Why are you so mean to me?
			为什么我要帮汤姆？		Why do I have to help Tom?
			为什么汤姆叫我玛丽？		Why does Tom call me Mary?
			你怎么不睡觉呢？		Why don't you go to sleep?
			你到底为什么在这里？		Why on earth are you here?
			为什么我应该去上学？		Why should I go to school?
			为什么你对于这个有这样的想法？		Why should you think that?
			六点您行吗？		Will six o'clock suit you?
			你明天在这里吗？		Will you be here tomorrow?
			木质家具沉甸甸的。		Wooden furniture is heavy.
			昨天是我的生日。		Yesterday was my birthday.
			你不再能伤害到我了。		You can no longer hurt me.
			你可以用我的字典。		You can use my dictionary.
			你不用帮我。		You don't have to help me.
			你不必打电话给我。		You don't need to call me.
			你不需要做这事。		You don't need to do this.
			你咖啡喝得太多了。		You drink too much coffee.
			你最好馬上走。		You had better go at once.
			你对女人有一套。		You have a way with women.
			你可知道那是你的責任。		You know that's your duty.
			你必須控制自己。		You must control yourself.
			你不该吃太多。		You must not eat too much.
			你不該大聲說話。		You must not speak loudly.
			你肯定认为我傻。		You must think I'm stupid.
			你需要更有进取心。		You need to be aggressive.
			你需要戴安全帽。你需要戴頭盔。		You need to wear a helmet.
			你只有两个选项。		You only have two options.
			你得吃蔬菜。		You should eat vegetables.
			你该把事实说出来。		You should tell the truth.
			您本应左转的。		You should've turned left.
			找到它是你撞大運了。		You were lucky to find it.
			你最好親自去。		You'd better go in person.
			你今天最好不要去。		You'd better not go today.
			你还是去看病吧。		You'd better see a doctor.
			你最好放松。		You'd better take it easy.
			如果你尝试的话，你会成功的。		You'll succeed if you try.
			你没有我聪明。		You're not as smart as me.
			你就没在听。		You're not even listening.
			你在正確的軌道上。		You're on the right track.
			你酒喝得太醉了不能開車。		You're too drunk to drive.
			你做了一项完美的工作。		You've done a perfect job.
			你的英語正在進步。		Your English is improving.
			几乎没人相信她。		Almost no one believes her.
			桌上有个苹果。		An apple sits on the table.
			动物怕火。		Animals are afraid of fire.
			谁都会犯错。		Anybody can make a mistake.
			你觉得好些了吗？		Are you feeling better now?
			你们要在这里唱歌吗？		Are you going to sing here?
			您会待很久吗？		Are you going to stay long?
			你是不是想暗示什么？		Are you implying something?
			您决定好要下订单了吗？		Are you ready to order now?
			银行九点开门。		Banks open at nine o'clock.
			銀行九點開門		Banks open at nine o'clock.
			篮球可真是有意思。		Basketball is a lot of fun.
			我们所有人都祝福你。		Best wishes from all of us.
			波士顿是一座非常好的城市。		Boston is a wonderful city.
			給我一桶水。		Bring me a bucket of water.
			我能借用你的剪刀吗？		Can I borrow your scissors?
			我可以多来点牛奶吗？		Can I have a bit more milk?
			能给我打个折么？		Can you give me a discount?
			你能不能给我打折？		Can you give me a discount?
			能不能给我打折？		Can you give me a discount?
			你可以给我举个例子吗？		Can you give me an example?
			可以在地图上展示给我看吗？		Can you show me on the map?
			能麻烦您等一个小时左右吗？		Can you wait about an hour?
			胡萝卜要三美元。		Carrots cost three dollars.
			出来，我需要帮助。		Come out here. I need help.
			你能借我这本书吗？		Could you lend me the book?
			你去看过医生了吗？		Did you go to see a doctor?
			您隶属哪家俱乐部吗？		Do you belong to any clubs?
			你喝很多牛奶吗？		Do you drink a lot of milk?
			你必须做晚饭吗？		Do you have to make dinner?
			你知道怎么做吗？		Do you know how to do that?
			你喜欢我的新发型吗？		Do you like my new haircut?
			你经常去国外旅行吗？		Do you often travel abroad?
			你经常出国吗？		Do you often travel abroad?
			你每天早上都刮胡子吗？		Do you shave every morning?
			你认为那公平吗？		Do you think that was fair?
			有谁有铅笔吗？		Does anybody have a pencil?
			这样做很有趣。		Doing this is a lot of fun.
			不要相信他说的话。		Don't believe what he says.
			不要相信他說的話。		Don't believe what he says.
			不要站在我前面。		Don't stand in front of me.
			不要这样对我讲话。		Don't talk to me like that.
			不要把我们的计划告诉任何人。		Don't tell anyone our plan.
			别想吓唬我。		Don't try to intimidate me.
			不要担心过去。		Don't worry about the past.
			不要担心，我会帮你的。		Don't worry, I'll help you.
			你不想知道为什么吗？		Don't you want to know why?
			蛋是按打卖的。		Eggs are sold by the dozen.
			电很有用。		Electricity is very useful.
			大象鼻子長。		Elephants have long trunks.
			這裡的人不說英語。		English is not spoken here.
			不好意思，但我有点恶心。		Excuse me, but I feel sick.
			秋天是我最喜爱的季节。		Fall is my favorite season.
			时装不是我的天分。		Fashion isn't my specialty.
			很少学生知道他的名字。		Few students knew his name.
			请填好这张表格。		Fill out this form, please.
			芬兰是小国。		Finland is a small country.
			法语是我的母语。		French is my mother tongue.
			给我点喝的。		Give me something to drink.
			你去过监狱吗？		Have you ever been in jail?
			你有看见过汤姆生气的时候吗？		Have you ever seen Tom mad?
			您曾经见过考拉吗？		Have you ever seen a koala?
			你见过鲸鱼吗？		Have you ever seen a whale?
			他得知了他的错误。		He acknowledged his faults.
			他吃了一盒巧克力。		He ate a box of chocolates.
			他今天带了午饭。		He brought his lunch today.
			他计算费用。		He calculated the expenses.
			他能轻松地读英语。		He can read English easily.
			他抓住了绳子。		He caught hold of the rope.
			他一周来这儿两次。		He comes here twice a week.
			他供认了杀人的罪行。		He confessed to the murder.
			他没有举起他的手。		He did not put up his hand.
			他不知道该干什么。		He doesn't know what to do.
			他梦想着成为一名英雄。		He dreamed of being a hero.
			他甚至骂我傻瓜。		He even called me an idiot.
			他在工作中出了意外。		He had an accident at work.
			他已經去睡覺了。		He has already gone to bed.
			他对古董很有鉴赏力。		He has an eye for antiques.
			他去过很多地方。		He has been to many places.
			他没有房子住。		He has no house to live in.
			他有三个姐姐。		He has three older sisters.
			他讨厌打扫自己的房间。		He hates cleaning his room.
			他侵犯了她的隐私。		He intruded on her privacy.
			他邀请我去他家。		He invited me to his house.
			他是个网球高手。		He is a good tennis player.
			他是个咄咄逼人的的人。		He is an aggressive person.
			他是个钓鱼专家。		He is an expert at fishing.
			他是个捕鱼好手。		He is an expert at fishing.
			他是捕鱼达人。		He is an expert at fishing.
			他不關心錢。		He is careless about money.
			他全速驾驶着。		He is driving at top speed.
			他吃过午餐就出去了。		He left after he had lunch.
			他喜欢数学，但我不喜欢。		He likes math, but I don't.
			他偶尔会来拜访我。		He occasionally visited me.
			他把他的自行车刷成红色。		He painted his bicycle red.
			他跑得能有多快就有多快。		He ran as fast as he could.
			他携款潜逃。		He ran away with the money.
			他说：“我是加拿大来的。”		"He said, ""I'm from Canada."""
			他在門附近看到了一隻狗。		He saw a dog near the door.
			他刮了他的胡子。		He shaved his mustache off.
			他学了英国历史。		He studied English history.
			他也学习汉语。		He studies Chinese as well.
			他叫我洗脸。		He told me to wash my face.
			他告诉我什么时候该说是。		He told me when to say yes.
			他开车送我们回来的。		He took us back in his car.
			他在点名时缺席。		He was absent at roll call.
			他坐直了。		He was sitting up straight.
			他呆在他阿姨家。		He's staying at his aunt's.
			他在看奥运会。		He's watching the Olympics.
			他写长信。		He's writing a long letter.
			他的講座很長。		His lectures are very long.
			他的来信让我不安。		His letter makes me uneasy.
			是怎麼變糟的？		How could things get worse?
			这汤怎么做的？		How did you make this soup?
			你的旅行是怎么开始的？		How did your journey begin?
			我怎么去警察局？		How do I get to the police?
			你怎麼拼你的名字的？		How do you spell your name?
			你的生意进展如何？		How is your business going?
			有多少人在那里工作？		How many people work there?
			手续费是多少？		How much is the commission?
			你有多少钱？		How much money do you have?
			你有多少錢？		How much money do you have?
			你要多少钱？		How much money do you need?
			你需要多少錢？		How much money do you need?
			公共汽车多久发车一次？		How often does the bus run?
			这个问题有多严重？		How serious is the problem?
			我实际并不知道。		I actually never knew that.
			我对英语感兴趣。		I am interested in English.
			我只是去散散步。		I am just going for a walk.
			我和一位朋友住在一起。		I am staying with a friend.
			中午，我抵达东京。		I arrived in Tokyo at noon.
			我比平常晚到。		I arrived later than usual.
			我问了他忙不忙。		I asked him if he was busy.
			如果你想要的话，我可以打电话给汤姆。		I can call Tom if you want.
			我可以轻而易举地碰到我的脚趾。		I can easily touch my toes.
			没眼镜我可以读。		I can read without glasses.
			我不能吃這麼多。		I can't eat this much food.
			我跟不上汤姆的逻辑。		I can't follow Tom's logic.
			我不能借你任何錢。		I can't lend you any money.
			我对这些都没有印象。		I can't remember any of it.
			我从一个大家庭来。		I come from a large family.
			我全靠自己。		I did everything by myself.
			我昨天没回家。		I didn't go home yesterday.
			我不那么在意。		I don't care all that much.
			我没有强烈的欲望去学习。		I don't feel like studying.
			我不认识任何一个盲人。		I don't know any blind men.
			我不知道如何使用它。		I don't know how to use it.
			我不知道能不能帮上忙。		I don't know if I can help.
			我不知道我们将会做什么。		I don't know what we'll do.
			我不懂你什么意思。		I don't know what you mean.
			我不知道该选谁。		I don't know who to choose.
			我不喜欢吃纳豆。		I don't like to eat nattō.
			我不记得你的名字了。		I don't remember your name.
			我看不出有什么差别。		I don't see any difference.
			我觉得她不开心。		I don't think she is happy.
			我不认为是你做的。		I don't think you did this.
			我不再相信他了。		I don't trust him any more.
			我不想谈论这件事。		I don't want to discuss it.
			我不想玩紙牌。		I don't want to play cards.
			我昨天喝多了		I drank too much yesterday.
			我和他谈得很愉快。		I enjoyed talking with him.
			我忘记他叫什么名字了。		I forgot what his name was.
			我觉得这个测试很难。		I found the test difficult.
			我大致上同意她。		I generally agree with her.
			我睡了个好觉。		I got a good night's sleep.
			我和大家相處。		I got along with everybody.
			我讓他修理我的車子。		I got him to repair my car.
			我出身贫寒。		I grew up in a poor family.
			我睡了一整夜的好觉。		I had a good night's sleep.
			我和她有一段長談。		I had a long talk with her.
			我和她聊得很愉快。		I had a nice chat with her.
			我讨厌姜味。		I hate the taste of ginger.
			我有箇在波士頓的兄弟。		I have a brother in Boston.
			我有一双红鞋子。		I have a pair of red shoes.
			我有高血压。		I have high blood pressure.
			我比汤姆有钱。		I have more money than Tom.
			我有一些非常好的消息。		I have some very good news.
			保险箱的钥匙在我这儿。		I have the key to the safe.
			我要上厕所。		I have to go to the toilet.
			我聽到她唱歌。		I heard her singing a song.
			我希望汤姆能明白。		I hope Tom will understand.
			我知道她是西班牙人。		I know that she is Spanish.
			我知道你要干什么。		I know what you want to do.
			我知道他来自哪里。		I know where he comes from.
			我爱听有关动物的笑话。		I love jokes about animals.
			我讓他刷房子。		I made him paint the house.
			我想明天做那件事。		I mean to do that tomorrow.
			我去东京站见他。		I met him at Tokyo Station.
			我需要一双新鞋。		I need a new pair of shoes.
			我要去方便一下。		I need to go to the toilet.
			我常对自己这么说。		I often say that to myself.
			我常常访问我的亲戚。		I often visit my relatives.
			我只花了三美元。		I only spent three dollars.
			我花了大約五十美元。		I paid about fifty dollars.
			相对于橙子，我更喜欢苹果。		I prefer apples to oranges.
			我确实喜欢我的同事。		I really like my coworkers.
			我把他的书还给了他。		I returned his book to him.
			我撕开了信封。		I ripped the envelope open.
			我坐在汤姆和约翰中间。		I sat between Tom and John.
			我看到他在打棒球。		I saw him playing baseball.
			我看见书桌上有朵花。		I see a flower on the desk.
			我講法語和英語。		I speak French and English.
			我还是不会说法语。		I still can't speak French.
			我支持政治改革。		I support political reform.
			我重視自身的健康。		I take my health seriously.
			我觉得汤姆听说过我们。		I thought Tom had heard us.
			我觉得它真的很不错。		I thought it was very good.
			上週我休了一天的假。		I took a day off last week.
			我想辦法不讓你醒。		I tried not to wake you up.
			我要一打奶油泡芙。		I want a dozen cream puffs.
			我要一些空的玻璃杯。		I want a few empty glasses.
			我想要有我自己的房间。		I want to have my own room.
			我想在这里再待一会。		I want to stay here longer.
			我想写篇文章。		I want to write an article.
			我想您马上来。		I want you to come at once.
			我想讓你歇歇。		I want you to take a break.
			我就想看看汤姆的房间。		I wanted to see Tom's room.
			我想把它給你看。		I wanted to show it to you.
			我有点紧张。		I was a little bit nervous.
			我被蚊子叮了。		I was bitten by a mosquito.
			我一整天都觉得很消沉。		I was feeling blue all day.
			这件事让我真的很感动。		I was really moved by this.
			这件事真的感动到我了。		I was really moved by this.
			我难受三周了。		I was sore for three weeks.
			我电视看腻了。		I was tired of watching TV.
			上个周一我去钓鱼了。		I went fishing last Monday.
			我曾经在波士顿上学。		I went to school in Boston.
			我昨天去学校。		I went to school yesterday.
			我昨天去了学校。		I went to school yesterday.
			我有朝一日会成为一名医生。		I will be a doctor someday.
			我非常希望能够去日本。		I wish I could go to Japan.
			要是能去日本就好了。		I wish I could go to Japan.
			我希望能跟你走。		I wish I could go with you.
			我希望能与你谈话。		I wish I could talk to you.
			我希望我賺更多的錢。		I wish I earned more money.
			但願我知道他在哪裡。		I wish I knew where he was!
			我不会在这里呆很久。		I won't stay here for long.
			我还不知道你明不明白。		I wonder if you understand.
			我永远不会让你失望。		I would never let you down.
			我很乐意这么做。		I'd be thrilled to do that.
			我這就該做。		I'd better do it right now.
			我想要成为吉他手。		I'd like to be a guitarist.
			我想睡点觉。		I'd like to get some sleep.
			我想去商场。		I'd like to go to the mall.
			我更願意自己做。		I'd rather do it by myself.
			我会在三天后回来。		I'll be back in three days.
			我会给你些提示。		I'll give you a little tip.
			我把窗户打开一点。		I'll open the window a bit.
			我要为你演奏一首奏鸣曲。		I'll play a sonata for you.
			我会给汤姆发信息。		I'll send a message to Tom.
			明天我会呆在家里。		I'll stay at home tomorrow.
			我是世界公民。		I'm a citizen of the world.
			我是个二流子。		I'm a good-for-nothing bum.
			我有点担心。		I'm a little bit concerned.
			我的右眼瞎了。		I'm blind in the right eye.
			我餵我的孩子母乳。		I'm breast-feeding my baby.
			我迫切需要冷饮。		I'm dying for a cold drink.
			我很高兴你们都在。		I'm glad you guys are here.
			我跟他去钓鱼。		I'm going fishing with him.
			我要买辆新车。		I'm going to buy a new car.
			我对游泳很感兴趣。		I'm interested in swimming.
			我什么都不怕。		I'm not afraid of anything.
			我已經不做了。		I'm not doing that anymore.
			我不可能亲汤姆。		I'm not likely to kiss Tom.
			我现在在打排球。		I'm playing volleyball now.
			我怕野兽。		I'm scared of wild animals.
			我还是为那生气。		I'm still angry about that.
			我确定它将会很有趣。		I'm sure that it'll be fun.
			认识您很高兴。		I'm very happy to meet you.
			这活儿我干了一辈子。		I've done this all my life.
			我找到了箇住的地方。		I've found a place to live.
			我又失去了一次机会。		I've missed another chance.
			困了的话就说哦。		If you get sleepy, tell me.
			如果你高興，我就高興。		If you're happy, I'm happy.
			汤姆是不是麻烦事很多？		Is Tom in a lot of trouble?
			那是一只鹳还是一只苍鹭？		Is that a stork or a heron?
			这些都是你不得不做的吗？		Is that all you have to do?
			公园里有动物园吗？		Is there a zoo in the park?
			有什么事我可以做吗？		Is there anything I can do?
			这是你要的吗？		Is this something you want?
			你家人还在那里吗？		Is your family still there?
			那条裙子是不是太短了？		Isn't that skirt too short?
			乘巴士更省钱。		It is cheaper to go by bus.
			很有可能还会下雨。		It is likely to rain again.
			總是在下雨。		It is raining all the time.
			今天又下暴雨了。		It poured down again today.
			真是烦死了。		It really is very annoying.
			在我看来很有意思！		It seems interesting to me.
			聽著不錯。		It sounds like a good idea.
			那是一见钟情。		It was love at first sight.
			这是你所能做的一切了。		It's all you can really do.
			那只是你的想象。		It's just your imagination.
			这只是你的想象。		It's just your imagination.
			这仅是你的想像而已。		It's just your imagination.
			下次该轮到我开车了。		It's my turn to drive next.
			這不關你的事。		It's none of your business.
			它不是猫。它是狗。		It's not a cat. It's a dog.
			不值得去記。		It's not worth remembering.
			又开始下雨了。		It's started raining again.
			還有十分鐘就十一點。		It's ten minutes to eleven.
			這是正確的事情。		It's the right thing to do.
			现在道歉也迟了。		It's too late to apologize.
			就在那时，公交车停住了。		Just then, the bus stopped.
			就在那时，巴士停住了。		Just then, the bus stopped.
			正好那个时候，公交车停下来了。		Just then, the bus stopped.
			语言不是他的强项。		Languages aren't his forte.
			学法语不难。		Learning French isn't hard.
			馬上離開房間。		Leave the room immediately.
			我给你再买一个吧。		Let me buy you another one.
			让我来拿你的行李。		Let me carry your suitcase.
			让我来给你举个例子吧。		Let me give you an example.
			一起吃晚饭吧。		Let's have dinner together.
			在日本生活消费很高。		Life in Japan is expensive.
			玛丽打扮成一个女巫。		Mary dressed up as a witch.
			材料将被提供。		Materials will be provided.
			我能和你谈谈吗？		May I have a talk with you?
			金钱不能买到所有的东西。		Money can't buy everything.
			金钱改变了他的生活。		Money has changed his life.
			你可以随便用我的车。		My car is at your disposal.
			我爸爸不喜欢足球。		My dad doesn't like soccer.
			我父亲以前是磨坊主。		My dad used to be a miller.
			我的梦想是成为医生。		My dream is to be a doctor.
			我父亲有家餐馆。		My father has a restaurant.
			我最喜欢的颜色是棕色。		My favorite color is brown.
			我祖母很老了。		My grandmother is very old.
			我的心跳得那么快！		My heart's beating so fast!
			我的家乡非常漂亮。		My hometown is very pretty.
			我的母親在做蛋糕。		My mother is making a cake.
			我母亲是个酒鬼。		My mother was an alcoholic.
			我妹妹有架漂亮的钢琴。		My sister has a nice piano.
			我妹妹嫁给了一个医生。		My sister married a doctor.
			汤姆和我都没有那么做。		Neither Tom nor I did that.
			没人听汤姆说话。		No one is listening to Tom.
			活到老，学到老。		No one is too old to learn.
			没有人相信我说的话。		Nobody believes what I say.
			這些錢都不是你的。		None of the money is yours.
			這些都不是你的錢。		None of this is your money.
			一个是新的，另一个是旧的。		One's new. The other's old.
			其他人不那么乐观。		Others are less optimistic.
			我们的饭店是最好的。		Our restaurant is the best.
			我们的火车突然停了下来。		Our train stopped suddenly.
			此处禁止停车。		Parking is prohibited here.
			請把奶油遞給我。		Pass me the butter, please.
			人们需要止住仇恨。		People need to stop hating.
			我们可能要帮汤姆。		Perhaps we should help Tom.
			你想放在哪裡就放在哪裡。		Place it wherever you like.
			请大家都保持安静。		Please be quiet, everybody.
			请自带食物。		Please bring your own food.
			请不要说得那么快。		Please don't speak so fast.
			請不要說得這麼快。		Please don't speak so fast.
			請不要說得那麼快。		Please don't speak so fast.
			请给我看看另一个。		Please show me another one.
			请即刻停止。		Please stop that right now.
			请看看这里。		Please take a look at this.
			請脫掉你的鞋子。		Please take off your shoes.
			请把音乐声调小！		Please turn down the music.
			猪肉不适合我。		Pork doesn't agree with me.
			多放一點糖。		Put in a little more sugar.
			把胡萝卜放在锅里。		Put the carrots in the pot.
			读书很重要。		Reading books is important.
			罗马不是一天建成的。		Rome wasn't built in a day.
			冰冻三尺，非一日之寒。		Rome wasn't built in a day.
			她抛弃了她的孩子。		She abandoned her children.
			她跟我同年。		She and I are the same age.
			她招呼我进来。		She beckoned me to come in.
			她死于胃癌。		She died of stomach cancer.
			她奇怪地看了我一眼。		She gave me a strange look.
			她的手提包被偷了。		She had her handbag stolen.
			她该接受她的命运。		She had to accept her fate.
			她有一只狗和六只猫。		She has a dog and six cats.
			她酷爱蛋糕。		She has a passion for cake.
			她手里拿着一朵玫瑰。		She has a rose in her hand.
			她达到了目标。		She has achieved her goals.
			她的声音令人愉快。		She has an agreeable voice.
			她是个非常好的老师。		She is a very good teacher.
			她住在他的隔壁。		She lives next door to him.
			她成功地開車了。		She managed to drive a car.
			她嫁给了个有钱老头。		She married a rich old man.
			她每天都打网球。		She plays tennis every day.
			她領他到他的座位上。		She showed him to his seat.
			她说一点阿拉伯语。		She speaks a little Arabic.
			她突然出名了。		She suddenly became famous.
			她把我认作我弟弟了。		She took me for my brother.
			她把我的玩笑当真了。		She took my joke seriously.
			她听着音乐。		She was listening to music.
			她穿着长靴。		She was wearing long boots.
			她穿著漂亮的洋裝。		She wore a beautiful dress.
			这里不允许抽烟。		Smoking isn't allowed here.
			有人跟我說這件事。		Someone told me about that.
			正有什么奇怪的事情发生着。		Something weird's going on.
			说英语很有用。		Speaking English is useful.
			待在原地，直到我找到你。		Stay put till I get to you.
			突然，我听到了一声喊叫。		Suddenly, I heard shouting.
			請深呼吸。		Take a deep breath, please.
			照顾好你自己。		Take good care of yourself.
			走右邊的道路。		Take the road on the right.
			告訴我你的感受。		Tell me how you're feeling.
			告诉我正确的答案。		Tell me the correct answer.
			告诉我拿它做什么。		Tell me what to do with it.
			你确定没有这么做吧？		Tell me you didn't do this.
			告诉我你没有这么做。		Tell me you didn't do this.
			謝謝你，我吃飽了。		Thank you, I've had enough.
			那对我不重要。		That isn't important to me.
			那部電影是給小孩看的。		That movie is for children.
			那部电影有看的价值。		That movie is worth seeing.
			那部电影值得一看。		That movie is worth seeing.
			那该让你高兴。		That should make you happy.
			那个茶壶很脏啊！		That teapot's pretty dirty.
			当然，这只是个玩笑。		That was a joke, of course.
			那把白色阳伞是她的。		That white parasol is hers.
			这个年轻女孩是护士。		That young lady is a nurse.
			那是箇有趣的主意。		That's an interesting idea.
			这是您的义务。		That's your responsibility.
			空气有点冷。		The air felt a little cold.
			射手打死了鹿。		The archer killed the deer.
			還能看到那船。		The boat can still be seen.
			这个男孩很有前途。		The boy is full of promise.
			大楼看上去那么寒酸。		The buildings look so tiny.
			猫在桌子底下。		The cat is under the table.
			医生把他叫了回来。		The doctor called him back.
			狗向着我跑了过来。		The dog came running to me.
			狗被卡車撞了。		The dog was hit by a truck.
			鸡蛋在篮子里。		The eggs are in the basket.
			展览现在已经开放。		The exhibition is now open.
			這份工作錄取仍然有效。		The job offer still stands.
			那女士容忍了那男人。		The lady tolerated the man.
			信号灯变绿了哟。		The light has turned green.
			会议取消了。		The meeting was called off.
			月光真美。		The moonlight is beautiful.
			电影快要开演了。		The movie's about to start.
			这个价格不合理。		The price isn't reasonable.
			屋里挤满了人。		The room is full of people.
			这个屋子里满是烟雾。		The room was full of smoke.
			船起了火。		The ship went up in flames.
			情况很棘手。		The situation is difficult.
			学生们回来了。		The students have returned.
			燕子在迁移。		The swallows are migrating.
			列车已经出发。		The train has already gone.
			世界上都是白痴。		The world is full of fools.
			这个房间里有个电视机。		There is a TV in this room.
			书桌上有一个包。		There is a bag on the desk.
			墙上有张地图。		There is a map on the wall.
			一片寂静无声。		There was complete silence.
			没时间解释。		There's no time to explain.
			没什么可原谅的。		There's nothing to forgive.
			这些数字总数不符。		These figures don't add up.
			他们都羡慕我的新车。		They all envied my new car.
			他们把我当小孩。		They treat me like a child.
			他们给果树浇水。		They water the fruit trees.
			他们是典型的年轻人。		They're typical youngsters.
			他们已经换了系统。		They've changed the system.
			这辆自行车属于我。		This bicycle belongs to me.
			这本书二十美元。		This book costs 20 dollars.
			这张椅子需要修理。		This chair has to be fixed.
			这与你有直接关系。		This directly concerns you.
			这一点也不重要。		This doesn't matter at all.
			這種飲料是免費招待的。		This drink is on the house.
			这是一朵美丽的花。		This is a beautiful flower.
			这是一本关于星星的书。		This is a book about stars.
			这是本关于星星的书。		This is a book about stars.
			這是一部低成本的電影。		This is a low-budget movie.
			这是一个可怕的错误。		This is a terrible mistake.
			这是个重要事件。		This is an important event.
			这将永远继续下去。		This is never going to end.
			这不是件困难的差事。		This isn't a difficult job.
			这不是一件开玩笑的事。		This isn't a joking matter.
			這件事非常緊急。		This matter is very urgent.
			這鋼琴真便宜。		This piano is really cheap.
			此句有歧義		This sentence is ambiguous.
			这张桌子是木制的。		This table is made of wood.
			這箇詞源於拉丁語。		This word comes from Latin.
			这个词有两种含义。		This word has two meanings.
			那些郁金香很美丽。		Those tulips are beautiful.
			汤姆不加思索地行动。		Tom acted without thinking.
			汤姆也喜欢吃鱼。		Tom also likes to eat fish.
			汤姆老是发牢骚。		Tom complains all the time.
			汤姆决定留下。		Tom decided to stay behind.
			汤姆看来不高兴。		Tom didn't seem that happy.
			汤姆感觉手机震荡了。		Tom felt his phone vibrate.
			汤姆给了玛丽一把手电筒。		Tom gave Mary a flashlight.
			汤姆把它重新粘了起来。		Tom glued it back together.
			汤姆是一个大嘴巴。		Tom has a pretty big mouth.
			汤姆有低血压。		Tom has low blood pressure.
			汤姆犯了个大失误。		Tom has made a big mistake.
			汤姆从来都没有准时过。		Tom has never been on time.
			汤姆得保护自己。		Tom has to protect himself.
			汤姆帮我修好了我的手表。		Tom helped me fix my watch.
			汤姆是玛丽的前男友。		Tom is Mary's ex-boyfriend.
			汤姆是个杰出的爸爸。		Tom is an excellent father.
			汤姆在长沙发上睡着了。		Tom is asleep on the couch.
			汤姆在做他喜欢做的事。		Tom is doing what he loves.
			汤姆在喝点水。		Tom is drinking some water.
			汤姆在和我的狗一起玩。		Tom is playing with my dog.
			汤姆是容易相处的类型。		Tom is the easy-going sort.
			汤姆傻得难以置信。		Tom is unbelievably stupid.
			汤姆穿着他的制服。		Tom is wearing his uniform.
			汤姆在开小差。		Tom isn't paying attention.
			汤姆知道我们在做什么。		Tom knows what we're doing.
			汤姆大多一个人独处。		Tom mostly kept to himself.
			汤姆在昨晚去世了。		Tom passed away last night.
			汤姆应该更清楚。		Tom should've known better.
			汤姆刚好准时到了。		Tom showed up just in time.
			汤姆鬼鬼祟祟地遛近了玛丽身后。		Tom sneaked up behind Mary.
			汤姆会说一点法语。		Tom speaks French a little.
			我走了后汤姆接手了。		Tom took over after I left.
			汤姆拒绝了我的请求。		Tom turned down my request.
			汤姆以前跟玛丽住得近。		Tom used to live near Mary.
			汤姆想让玛丽回家。		Tom wanted Mary to go home.
			汤姆想要一杯水。		Tom wants a glass of water.
			汤姆是奥运会游泳运动员。		Tom was an Olympic swimmer.
			汤姆是我第一个男朋友。		Tom was my first boyfriend.
			汤姆早上去过那里。		Tom was there this morning.
			汤姆今天不在学校。		Tom wasn't at school today.
			汤姆没戴眼镜。		Tom wasn't wearing glasses.
			汤姆再也不做了。		Tom will never do it again.
			尽量别忘掉任何事。		Try not to forget anything.
			排球很有意思。		Volleyball is a lot of fun.
			洗衣服是我的工作。		Washing clothes is my work.
			水是生命所不可缺少的。		Water is essential to life.
			水沸腾后变为蒸汽。		Water steams when it boils.
			我们也去了庙里。		We also went to the temple.
			我们谈得不错。		We had a good conversation.
			我们住在三楼。		We live on the third floor.
			我们必须执行他的命令。		We must execute his orders.
			我们昨天踢了足球。		We played soccer yesterday.
			我们看见汤姆跟玛丽说话。		We saw Tom talking to Mary.
			我们总要遵守法律。		We should always obey laws.
			有时我们会犯错。		We sometimes make mistakes.
			我们在公园里散步。		We took a walk in the park.
			我们希望世界和平。		We want peace in the world.
			我们曾一起上学的。		We went to school together.
			我们都很震惊。		We were all pretty shocked.
			我们被逼得走投无路了。		We were driven to the wall.
			我们也不得不做		We'll have to do that, too.
			你得等一等看。		We'll have to wait and see.
			你今晚在做什麼？		What are you doing tonight?
			你说的是什么？		What are you talking about?
			你用什么浏览器？		What browser are you using?
			你的新車是甚麼顏色的？		What color is your new car?
			你昨晚做了什麼？		What did you do last night?
			你们午饭吃了什么？		What did you eat for lunch?
			你给你儿子起什么名字？		What did you name your son?
			你要我们做什么？		What did you want us to do?
			关于那个你有什么看法？		What do you think about it?
			你们两个做了什么有趣的事情呢？		What do you two do for fun?
			如果汤姆还活着呢？		What if Tom is still alive?
			你的生日是几号？		What is your date of birth?
			她是怎样的人呢？		What kind of person is she?
			这是什么石头？		What kind of stone is this?
			您想吃什么？		What would you like to eat?
			你们想吃什么？		What would you like to eat?
			你在想啥呢？		What're you thinking about?
			往返票多少钱？		What's the round-trip fare?
			你最喜欢的颜色是什么？		What's your favorite color?
			你最喜欢的饮料是什么？		What's your favorite drink?
			你最喜爱的水果是什么？		What's your favorite fruit?
			你丈夫叫什么？		What's your husband's name?
			什么时候去购物？		When are we going shopping?
			你什么时候学会游泳的？		When did you learn to swim?
			这个寺庙是何时造的？		When was this temple built?
			草莓在哪裡？		Where are the strawberries?
			这些是你从哪里买的？		Where did you buy all this?
			你哪儿来的主意？		Where did you get the idea?
			你昨天去哪裡了？		Where did you go yesterday?
			我该在哪儿付煤气费？		Where do I pay for the gas?
			你叔叔住在什麼地方？		Where does your uncle live?
			售票窗口在哪裡？		Where is the ticket window?
			婚礼在哪儿举行？		Where is the wedding to be?
			最近的教堂在哪里？		Where's the nearest church?
			音量調節在哪裡？		Where's the volume control?
			哪把是我的牙刷？		Which one is my toothbrush?
			说谁笨蛋呢？！		Who are you calling stupid?
			你认为他们是谁？		Who do you think they were?
			你想跟誰說話？		Who do you want to talk to?
			究竟谁要负责？		Who exactly is responsible?
			谁发明了电话？		Who invented the telephone?
			谁组织了这次会议？		Who organized that meeting?
			谁将当选主席呢？		Who'll be elected chairman?
			在门口的女孩是谁？		Who's the girl at the door?
			你为啥还不结婚？		Why aren't you married yet?
			为什么他会做这样的事呢？		Why did he do such a thing?
			你要这钱干嘛？		Why do you need this money?
			为什么你每天都学习呢？		Why do you study every day?
			为什么没有人相信我？		Why does no one believe me?
			做点什么吧！		Why don't you do something?
			桌子为什么这么晃？		Why is the table so wobbly?
			为什么它应该要变得不一样？		Why should it be different?
			为什么它是必要的？		Why should it be necessary?
			汤姆脾气为什么总这么坏？		Why's Tom always so grumpy?
			能借我支铅笔吗？		Would you lend me a pencil?
			你要喝咖啡吗？		Would you like some coffee?
			你和我是好朋友。		You and I are good friends.
			你和我同龄。		You and I are the same age.
			你總是在抱怨。		You are always complaining.
			你總是在看電視。		You are always watching TV.
			你比她要高。		You are taller than she is.
			你问题太多了		You ask too many questions.
			你不能成为献血者。		You can't be a blood donor.
			您不能成为献血者。		You can't be a blood donor.
			你不能在這附近停車。		You can't park around here.
			你做了必要的事。		You did what was necessary.
			你不必去那裡。		You don't need to be there.
			你有副好嗓音。		You have a wonderful voice.
			你有资格知道。		You have the right to know.
			你没听。		You haven't been listening.
			你一点都没变。		You haven't changed at all.
			你真的一点没变。		You haven't changed at all.
			你讓生命值得活下去。		You make life worth living.
			你没必要马上去做。		You need not do it at once.
			你应该用一下除臭剂。		You should use a deodorant.
			你们两个应该结婚。		You two should get married.
			你差不多猜对了。		You very nearly guessed it.
			你受伤了，不是吗？		You were hurt, weren't you?
			你受伤了，是吧？		You were hurt, weren't you?
			你最好吃点东西		You'd better eat something.
			你最好不要在這裡等。		You'd better not wait here.
			你百分百正確。		You're 100 percent correct.
			你有义务还债。		You're liable for the debt.
			你太年輕，不能退休。		You're too young to retire.
			你的梦想实现了。		Your dreams have come true.
			您差不多猜对了。		Your guess is almost right.
			您记性不太好。		Your memory isn't too good.
			你毛衣穿反了哟。		Your sweater is inside out.
			“你感觉怎么样？”他问。		"""How do you feel?"" he asked."
			“还要咖啡吗？”“不了，谢谢。”		"""More coffee?"" ""No, thanks."""
			一天有二十四个小时。		A day has twenty-four hours.
			老鼠是胆小的生物。		A mouse is a timid creature.
			出现了新困难。		A new difficulty has arisen.
			屋顶上有只白鸽。		A white dove is on the roof.
			所有的牛奶都溢出去了。		All of the milk was spilled.
			这些书都是我的。		All of these books are mine.
			大象有長鼻子。		An elephant has a long nose.
			週年紀念很重要。		Anniversaries are important.
			你们在听我说吗？		Are you all listening to me?
			你们今天下午有空吗？		Are you free this afternoon?
			你擅长书法吗？		Are you good at calligraphy?
			你对音乐感不感兴趣？		Are you interested in music?
			你还在找工作吗？		Aren't you looking for work?
			等她回来的时候问问她。		Ask her when she comes back.
			小心點，它很锋利。		Be careful. It's very sharp.
			桦树有白树皮。		Birch trees have white bark.
			两兄弟都是音乐家。		Both brothers are musicians.
			能不能请你重复一下？		Can you repeat that, please?
			从中选一个。		Choose one from among these.
			鳄鱼有尖利的牙齿。		Crocodiles have sharp teeth.
			你在家吃过了吗？		Did you already eat at home?
			你昨天喝茶了吗？		Did you drink tea yesterday?
			你没有把你的车上锁吗？		Didn't you lock up your car?
			你关心他们在想什么吗？		Do you care what they think?
			你有东西吃吗？		Do you have anything to eat?
			你在听我说吗？		Do you hear what I'm saying?
			你知道怎么使用吗？		Do you know how to use this?
			你知道汤姆住哪儿吗？		Do you know where Tom lives?
			你有什么需要买的吗？		Do you need to buy anything?
			你现在还爱你的妻子吗？		Do you still love your wife?
			来杯咖啡吗？		Do you want a cup of coffee?
			您想吃点什么吗？		Do you want anything to eat?
			你想不想要這工作？		Do you want this job or not?
			你打算去什么地方吗？		Do you want to go somewhere?
			您想学法语吗？		Do you want to learn French?
			你想跟汤姆说话吗？		Do you want to speak to Tom?
			汤姆知道你在这里工作吗？		Does Tom know you work here?
			不要相信她說的話。		Don't believe what she says.
			不要再让这种事发生了！		Don't let that happen again!
			别再让我做那事了。		Don't make me do that again.
			在加拿大的人說英語。		English is spoken in Canada.
			每箇人都向往幸福。		Everybody desires happiness.
			所有人都喜欢偷懒。		Everybody likes to goof off.
			每个人都向我们冲来。		Everybody rushed towards us.
			我认识的每个人都用谷歌。		Everyone I know uses Google.
			来摸摸这个感觉一下。真的很柔软啊。		Feel this. It's really soft.
			在他们控制我们之前，我们先制服他们。		Get them before they get us.
			先下手为强，后下手遭殃。		Get them before they get us.
			早上要早起。		Get up early in the morning.
			把手举起来！这是抢劫。		Hands up! This is a robbery.
			你已经给汤姆打过电话了？		Have you already called Tom?
			你选好专业了吗		Have you chosen a major yet?
			你完成你的工作了吗？		Have you finished your work?
			你决定好了吗？		Have you made your decision?
			他完成了他的使命。		He accomplished his mission.
			我走之后他到达了。		He arrived after I had left.
			他能为你暗箱操作。		He can pull strings for you.
			他尽力帮她了。		He did his best to help her.
			他不知道说什么好。		He did not know what to say.
			他和他兄弟不一样。		He differs from his brother.
			他不是总来晚。		He doesn't always come late.
			他没有任何朋友。		He doesn't have any friends.
			他没有朋友。		He doesn't have any friends.
			他不会游泳。		He doesn't know how to swim.
			他在入学考试中失败了。		He failed the entrance exam.
			他和他的儿子放风筝了。		He flew a kite with his son.
			他和我的堂姊妹订婚了。		He got engaged to my cousin.
			他仅有够糊口的吃的。		He had barely enough to eat.
			他每天早上洗澡。		He has a bath every morning.
			他病了一星期。		He has been sick for a week.
			他拥有的书比我的多。		He has more books than I do.
			他迟到没有理由。		He has no reason to be late.
			他有点像他的父亲。		He is a bit like his father.
			他比我高一个头。		He is a head taller than me.
			他和他爸爸一样高。		He is as tall as his father.
			他跟我過不去。		He is giving me a hard time.
			他只是跟你開玩笑。		He is just pulling your leg.
			他缺乏經驗。		He is lacking in experience.
			他可能很快就到了。		He is likely to arrive soon.
			他对此很期待。		He is looking forward to it.
			他不可能成功。		He is not likely to succeed.
			他很少心情很好。		He is rarely in a good mood.
			他依旧充满活力。		He is still very much alive.
			他不适合当老师。		He is unfit to be a teacher.
			他喜欢看报纸。		He likes to read newspapers.
			他看起来忠厚老实。		He looks like an honest man.
			他走進了房間。		He made his way to the room.
			他可能在下一班火車上。		He may be on the next train.
			他把天花板刷成了蓝色。		He painted the ceiling blue.
			他每天都打垒球。		He plays baseball every day.
			他假裝是一名醫生。		He pretended to be a doctor.
			他真的很热爱音乐。		He really likes music a lot.
			他真的想見你。		He really wants to meet you.
			他急忙出了办公室。		He rushed out of the office.
			他这么说就是为了开玩笑。		He said it merely as a joke.
			他有时候会来看我。		He sometimes drops in on me.
			他开始说英语了。		He started to speak English.
			他朝着狗扔了块石头。		He threw a stone at the dog.
			他跟我讲了他的人生故事。		He told me his life's story.
			他发誓要戒烟。		He vowed to give up smoking.
			他被逐出了学校。		He was expelled from school.
			他在众人面前被嘲笑。		He was laughed at in public.
			他坐在地上。		He was sitting on the floor.
			他站在了门口。		He was standing at the door.
			他十年前去了那裡。		He went there ten years ago.
			他明天会在家。		He will be at home tomorrow.
			他很快就会回来。		He will be back in a second.
			昨天他写好了信。		He wrote a letter yesterday.
			他宁愿不吃这个。		He'd prefer not to eat that.
			他的职业是医生。		He's a doctor by profession.
			他总是对我很亲切。		He's always been kind to me.
			他是个天文学专家。		He's an expert in astronomy.
			他病了，所以脸色显得苍白。		He's pale because he's sick.
			他在他舅舅那裏過夜。		He's staying with his uncle.
			“喂，哪一位啊？”		Hello, who am I speaking to?
			她的梦想是参观巴黎。		Her dream is to visit Paris.
			她的花园是一件艺术作品。		Her garden is a work of art.
			这儿有张德国的大地图。		Here's a big map of Germany.
			他的忠告没起到太大的作用。		His advice didn't help much.
			他的村屋在海岸上。		His cottage is on the coast.
			他的房子又小又旧。		His house was small and old.
			他的名字不在名单里。		His name is not on the list.
			握住你的馬，年輕人。		Hold your horses, young man.
			今晚出去怎么样？		How about going out tonight?
			汤姆是如何出狱的？		How did Tom get out of jail?
			你是怎麼完成的？		How did you accomplish this?
			关于那件事你之前怎么想的？		How did you feel about that?
			你是怎么认识他的？		How did you get to know him?
			你怎么知道我喜欢汤姆？		How did you know I like Tom?
			你怎么解释那个？		How do you account for that?
			你怎样作出的解释？		How do you account for that?
			你觉得这威士忌怎么样？		How do you like this whisky?
			到机场有多远？		How far away is the airport?
			你的学校有多远？		How far away is your school?
			他不在这有多久了？		How long has he been absent?
			你在這裡多久了？		How long have you been here?
			你认识她多久了？		How long have you known her?
			你会在这儿待多久？		How long will you stay here?
			他有多少册图书？		How many books does he have?
			有多少人能做？		How many people can do that?
			我该买多少蜂蜜？		How much honey should I buy?
			我欠你多少錢？		How much money do I owe you?
			你觉得汤姆有多大？		How old do you think Tom is?
			你认为她多大？		How old do you think she is?
			我陪她散步。		I accompanied her on a walk.
			我完全赞同你。		I agree with you absolutely.
			我差点被卡车撞到。		I almost got hit by a truck.
			我也过得很愉快。		I also had a very good time.
			我一直住这家酒店的哦。		I always stay at this hotel.
			今天我要去看他。		I am going to see him today.
			我是你的，而你是我的。		I am yours and you are mine.
			我按时到了学校。		I arrived at school on time.
			我问了汤姆几个问题。		I asked Tom a few questions.
			我在這家商店買了一頂帽子。		I bought a hat at the store.
			这本书我昨天买了。		I bought the book yesterday.
			我买了两条裤子。		I bought two pairs of pants.
			我只能代表我自己講話。		I can only speak for myself.
			我能游泳過河。		I can swim across the river.
			我能教你怎样游泳。		I can teach you how to swim.
			我不能相信他做到了。		I can't believe he did that.
			我抵抗不了甜食的诱惑。		I can't resist sweet things.
			我受不了他的傲慢。		I can't stand his arrogance.
			我不能忍受他的傲慢。		I can't stand his arrogance.
			我可以聽見門砰砰作響。		I could hear doors slamming.
			我无法遏制住我的怒火。		I couldn't control my anger.
			我在任何地方都没能找到。		I couldn't find it anywhere.
			我乘船过了河。		I crossed the river by boat.
			我没听懂他说的话。		I didn't catch what he said.
			我没有期望得到这样的结果。		I didn't expect that result.
			自私不是我的本意。		I didn't mean to be selfish.
			我很希望你会再来。		I do hope you'll come again.
			我一点咖啡也不喝。		I don't drink coffee at all.
			我甚至不想试试。		I don't even want to try it.
			我不乘公交去学校。		I don't go to school by bus.
			我什么经验都没有。		I don't have any experience.
			我不知道我能不能做。		I don't know if I can do it.
			我不知道確切的日期。		I don't know the exact date.
			我不知道我在做甚麼。		I don't know what I'm doing.
			我不知道他住在哪裡。		I don't know where he lives.
			我不知道，也不想知道。		I don't know, nor do I care.
			我一点都不喜欢阅读。		I don't like reading at all.
			我什么都不用做。		I don't need to do anything.
			我不看报纸。		I don't read the newspapers.
			我不觉得他很诚实。		I don't think he is sincere.
			我不相信他是真心的。		I don't think he is sincere.
			它们中没有我要的。		I don't want either of them.
			我不想跟你说！		I don't want to talk to you.
			最后我还是习惯了。		I eventually got used to it.
			我今天想出門。		I feel like going out today.
			我看书的时候睡着了。		I fell asleep while reading.
			我忘了我把我的帽子放在哪裡了。		I forget where I put my hat.
			我忘记锁上抽屉了。		I forgot to lock the drawer.
			我忘记给抽屉上锁了。		I forgot to lock the drawer.
			我发觉男孩儿酣然入睡了。		I found the boy fast asleep.
			我讓他修理了我的腳踏車。		I got him to fix my bicycle.
			我昨天收到了你的信。		I got your letter yesterday.
			我猜这是我们的运气坏。		I guess it was our bad luck.
			我没有权利干涉。		I had no right to interfere.
			我不得不这么做以维生。		I had to do that to survive.
			我几乎不去博物馆。		I hardly ever go to museums.
			今天我头痛欲裂。		I have a bad headache today.
			我的手指頭有一根刺。		I have a thorn in my finger.
			我去了理发店。		I have been to the barber's.
			我刚刚吃完。		I have just finished eating.
			我不知道要穿什麼。		I have no idea what to wear.
			我没有其他更好的事情去做。		I have nothing better to do.
			我已经看过这部电影了。		I have seen the film before.
			我得问你点事。		I have to ask you something.
			我今天要准备晚饭。		I have to cook dinner today.
			我没去过澳大利亚。		I haven't been to Australia.
			我一次也没见过他。		I haven't met him even once.
			我聽到了敲門聲。		I heard a knock at the door.
			我屏住了呼吸等待着。		I held my breath and waited.
			我希望万事如意。		I hope everything goes well.
			希望下次能够有效。		I hope it'll work next time.
			我希望人们满意。		I hope people are satisfied.
			祝你旅途愉快。		I hope you have a good trip.
			祝您一路顺风。		I hope you have a good trip.
			祝你一路顺风。		I hope you have a good trip.
			我希望您快就会好起来。		I hope you'll get well soon.
			祝你早日康复。		I hope you'll get well soon.
			我有志成为一名律师。		I intend to become a lawyer.
			我突然想到一件事。		I just remembered something.
			我知道，我做了很可怕的事。		I know I did an awful thing.
			我知道，要相信这件事很难。		I know it's hard to believe.
			我知道我做错了。		I know what I did was wrong.
			我知道这里会发生什么。		I know what can happen here.
			我借给了朋友一些钱。		I lent my friend some money.
			昨天我見到了你父親。		I met your father yesterday.
			我或许可以修好它。		I might be able to fix that.
			我必须不惜一切代价帮助她。		I must help her at any cost.
			我必须弥补损失。		I must make up for the loss.
			我差点从悬崖上掉下去。		I nearly fell off the cliff.
			我得查找一下我的笔。		I need to search for my pen.
			我仅仅吃了口面包。		I only took a bite of bread.
			我打算與她分手。		I plan to break up with her.
			我打算絕不再喝酒。		I plan to never drink again.
			我每天打一小时网球。		I play tennis an hour a day.
			我更愿意走路，而不是骑自行车。		I prefer walking to cycling.
			我非常享受你的陪伴。		I really enjoy your company.
			我昨晚真盡興。		I really enjoyed last night.
			我录下了我们的谈话。		I recorded our conversation.
			我記得鎖門了。		I remember locking the door.
			我看见一个长头发的女生。		I saw a girl with long hair.
			我看见那儿有个奇怪的女人。		I saw a strange woman there.
			我看见一位陌生女人在那儿。		I saw a strange woman there.
			我看见她在打扫房间。		I see her sweeping the room.
			我不该说那个。		I should not have said that.
			我不该退出的。		I shouldn't have logged off.
			我悄悄把信给了他。		I slipped the letter to him.
			我很想相信。		I so wanted to believe that.
			我好想相信。		I so wanted to believe that.
			我有时候打破规矩。		I sometimes break the rules.
			我昨晚待在家裡。		I stayed at home last night.
			我又熬夜了。		I stayed up all night again.
			我昨晚睡得晚。		I stayed up late last night.
			我还有话要对您说。		I still need to talk to you.
			我当然希望这是一个梦。		I sure hope this is a dream.
			我对玛丽的帮助表示了感谢。		I thanked Mary for her help.
			我认为他是位伟大的作家。		I think he's a great writer.
			我觉得没问题。		I think it'll turn out fine.
			我和他们意见一致。		I think the same as they do.
			我觉得我们需要一个打包盒。		I think we need a doggy bag.
			我觉得汤姆听起来很生气。		I thought Tom sounded angry.
			我以为他是我弟弟。		I thought he was my brother.
			我觉得会更糟。		I thought it would be worse.
			我扔了块石头打向鸟儿。		I threw a stone at the bird.
			我搭了計程車到車站。		I took a cab to the station.
			我試著不去想了。		I try not to think about it.
			我每隔一天拜訪他。		I visit him every other day.
			我今晚想吃些批萨。		I want to eat pizza tonight.
			将来我要去国外旅游。		I want to go abroad someday.
			我想把我的車停放在那裡。		I want to keep my car there.
			我想学习如何游泳。		I want to learn how to swim.
			我非常想见她		I want to see her very much.
			我非常想见到他。		I want to see him very much.
			我想跟你老板谈。		I want to talk to your boss.
			我泡了个澡身体暖和起来了。		I warmed myself in the bath.
			我警告了他不要遲到。		I warned him not to be late.
			他的演讲让我很无聊。		I was bored with his speech.
			我在这家医院出生。		I was born in this hospital.
			除了我没有人離開。		I was the only one to leave.
			我昨晚很累了。		I was very tired last night.
			我昨天去了动物园。		I went to the zoo yesterday.
			我将不出席派对。		I will not attend the party.
			我会给你看图片。		I will show you the picture.
			我会等到她来。		I will wait until she comes.
			但愿我是一个好歌手。		I wish I were a good singer.
			我要是个独子就好了。		I wish I were an only child.
			我祝你生日快乐。		I wish you a happy birthday.
			但願你告訴過我就好了。		I wish you had told me that.
			要是你告訴過我就好了。		I wish you had told me that.
			祝你好運。		I wish you the best of luck.
			我希望你在我身边。		I wish you were close to me.
			我下周日不在家。		I won't be home next Sunday.
			今天我不加班。		I won't work overtime today.
			不知道为什么没有人告诉过我。		I wonder why nobody told me.
			除了星期天我每一天都工作。		I work every day but Sunday.
			我除了星期天外每天都上班。		I work every day but Sunday.
			我想要一間後面的房間。		I'd like a room in the back.
			我想喝点什么。		I'd like something to drink.
			我想买半个蛋糕。		I'd like to buy half a cake.
			我想加入你们的团对。		I'd like to join your group.
			我想賺更多錢。		I'd like to make more money.
			我想去看你的父親。		I'd like to see your father.
			我想见你的姐姐。		I'd like to see your sister.
			我想見你姐姐。		I'd like to see your sister.
			我为你充当导游。		I'll act as a guide for you.
			我聖誕節不在。		I'll be away till Christmas.
			我在本周日上班。		I'll be on duty this Sunday.
			我将给儿子买块手表。		I'll buy a watch for my son.
			我会给点你好东西。		I'll get you something nice.
			我将考虑考虑。		I'll have to think about it.
			我下週去還你錢。		I'll pay you back next week.
			我给你剥橙子。		I'll peel an orange for you.
			我下星期三见你。		I'll see you next Wednesday.
			今天我也会努力的。		I'll try my best today, too.
			恐怕我现在得走了。		I'm afraid I have to go now.
			我已经吃饱了，谢谢。		I'm already full, thank you.
			我已经很饱了，谢谢。		I'm already full, thank you.
			我对你的厚颜无耻感到惊讶。		I'm amazed at your audacity.
			我是演员，不是模特。		I'm an actress, not a model.
			我很高兴玛丽不是我的妻子。		I'm glad Mary isn't my wife.
			我很高兴汤姆在我们队里。		I'm glad Tom is on our team.
			我打算向她求婚。		I'm going to propose to her.
			我要每天去游泳。		I'm going to swim every day.
			我在阅读他的报告。		I'm looking over his report.
			我对国际象棋不感兴趣。		I'm not interested in chess.
			我不是这种人。		I'm not that kind of person.
			我现在正忙于写一本书。		I'm now busy writing a book.
			你能来我真高兴。		I'm really glad you're here.
			我打算今晚和她约会。		I'm seeing her this evening.
			我开始不喜欢她了。		I'm starting to dislike her.
			我正在图书馆学习。		I'm studying in the library.
			我很肯定她是正確的。		I'm sure that she's correct.
			我在談我的朋友。		I'm talking about my friend.
			我是這房子的主人。		I'm the owner of this house.
			我习惯晚睡。		I'm used to staying up late.
			我担心我的体重。		I'm worried about my weight.
			我得了一種可怕的感冒。		I've caught a terrible cold.
			我有好消息要告訴你。		I've got great news for you.
			我以前聽過這笑話。		I've heard this joke before.
			我听说你病了。		I've heard you've been sick.
			我丢了我的一个文件夹。		I've lost one of my folders.
			我对汤姆失去了耐心。		I've lost patience with Tom.
			我还有点事。		I've still got things to do.
			我把襪子穿破了。		I've worn holes in my socks.
			要是雨停了该多好！		If only the rain would stop.
			在我看来，你错了。		In my opinion, you're wrong.
			桌子上有只猫吗？		Is there a cat on the table?
			屋里有人吗？		Is there anyone in the room?
			有什么事是我该做的吗？		Is there anything I must do?
			你的学校在这个城市吗？		Is your school in this town?
			这对于我来说没任何意义。		It doesn't make sense to me.
			这事发生在很多年以前。		It happened a long time ago.
			从这儿看景色很美。		It is a nice view from here.
			这是一个濒临灭绝的物种。		It is an endangered species.
			这是一个濒临消失的物种。		It is an endangered species.
			它比我想的容易。		It is easier than I thought.
			不難理解。		It isn't hard to understand.
			真是太妙了。		It was absolutely brilliant.
			很快就要三點鐘了。		It'll soon be three o'clock.
			这是很严重的病。		It's a very serious illness.
			雪下了一整夜。		It's been snowing all night.
			呆在家里很无聊。		It's boring to stay at home.
			就在转角处。		It's just around the corner.
			讓油遠離火。		Keep oil away from the fire.
			把书放在原处。		Leave the book where it was.
			讓我給你一些建議。		Let me give you some advice.
			讓我把你介紹給他。		Let me introduce you to him.
			稍微随意一点。		Let your hair down a little.
			让我们来澄清一下这个问题。		Let's clear up this problem.
			把问题澄清一下。		Let's clear up this problem.
			咱们吃吧！我饿死了。		Let's eat now. I'm starving.
			我们从第十课开始吧。		Let's start with Lesson Ten.
			林肯釋放了奴隸。		Lincoln set the slaves free.
			聽，仔細聽。		Listen and listen carefully.
			很多书被盗了。		Many books have been stolen.
			玛丽怀了双胞胎。		Mary is pregnant with twins.
			我的法语说得不够好。		My French isn't good enough.
			我女儿喜欢蛋黄。		My daughter likes egg yolks.
			我爸爸吸烟很厉害。		My father is a heavy smoker.
			我父亲身体很健康。		My father is in good health.
			我父親讓我知道了我自己是誰。		My father made me what I am.
			我的成績高於平均水平。		My grades are above average.
			我的字迹难以辨别。		My handwriting is illegible.
			我的家离学校很近。		My house is near the school.
			我的左眼皮在跳。		My left eyelid is twitching.
			我妈不会开车。		My mother can't drive a car.
			我父母想见你。		My parents want to meet you.
			我叔叔把他的車給我。		My uncle gave his car to me.
			我的叔叔有三个孩子。		My uncle has three children.
			我的假期一下就過完了。		My vacation went by quickly.
			自然充满了神秘。		Nature is full of mysteries.
			没人知道等待我们的是什么。		No one knew what awaited us.
			没有其他人伸出援手。		Nobody else offered to help.
			从没有人听说过这件事。		Nobody had ever heard of it.
			没人想要你那样做。		Nobody wants you to do that.
			现在握个手和解吧。		Now shake hands and make up.
			现在，我把钥匙放哪里了？		Now where did I put the key?
			哦，不！我的房子着火了！		Oh, no! My house is on fire!
			我们的厨师今天很忙。		Our chef is very busy today.
			我们的教室非常小。		Our classroom is very small.
			父母爱自己的孩子。		Parents love their children.
			人们应该被鼓励。		People should be encouraged.
			他可能错过了火车。		Perhaps he missed the train.
			拜托，别留我一个人。		Please don't leave me alone.
			我法語說得不好，請見諒。		Please excuse my bad French.
			請介紹自己。		Please introduce yourselves.
			请把它传真给我。		Please send it to me by fax.
			请告诉我你的地址。		Please tell me your address.
			請把它放在桌上。		Put it on the table, please.
			记住我的级别在你的之上。		Remember that I outrank you.
			安全是最重要的事情。		Safety is what matters most.
			他感覺到危險就逃跑了。		Sensing danger, he ran away.
			他一嗅到风声不对，就逃之夭夭了。		Sensing danger, he ran away.
			她總是隨心所欲。		She always gets her own way.
			一个小时后，她返回了。		She came back an hour later.
			她永远也做不到保守秘密。		She can never keep a secret.
			她一支铅笔也没有。		She didn't have any pencils.
			她穿得像个演员。		She dressed like an actress.
			她想去散步。		She felt like taking a walk.
			她给了他很多钱。		She gave him a lot of money.
			她抓住他的手。		She grabbed him by the hand.
			她用一个微笑迎接了我。		She greeted me with a smile.
			她有预言的能力。		She has a gift for prophecy.
			她有很多事要做。		She has a lot of work to do.
			她看古董的眼光很好。		She has an eye for antiques.
			她埋葬了她的独生子。		She has buried her only son.
			她忽視了我所有的警告。		She ignored all my warnings.
			她陶醉在幸福裡。		She is drunk with happiness.
			她对谁都很和蔼可亲。		She is gracious to everyone.
			她精通法语。		She is proficient in French.
			她精通法語。		She is proficient in French.
			她是个合格的护士。		She is qualified as a nurse.
			她亲吻他的脸颊。		She kissed him on the cheek.
			她在他的脸颊上吻了一下。		She kissed him on the cheek.
			她喜欢爵士乐，我也是。		She likes jazz, and so do I.
			她做了一套新衣服給他。		She made a new suit for him.
			她取笑了她的丈夫。		She made fun of her husband.
			她盡可能地快跑。		She ran as fast as possible.
			她一整天都沉默不语。		She remained silent all day.
			她骑摩托车的技术不错！		She rides a motorcycle well.
			好像她病了。		She seemed to have been ill.
			她在他的背上戳了一下。		She stabbed him in the back.
			她很想要一条新的连衣裙。		She wants a new dress badly.
			她被哈佛錄取了。		She was accepted by Harvard.
			她握着一把伞。		She was holding an umbrella.
			她赶上了巴士。		She was in time for the bus.
			她是我的初恋女友。		She was my first girlfriend.
			她穿了一件蓝色大衣。		She was wearing a blue coat.
			她不能够见他。		She wasn't able to meet him.
			唱歌是她的强项。		Singing is her strong point.
			六除以二得三。		Six divided by two is three.
			吸烟有害健康。		Smoking affects your health.
			那么，这次发生了什么？		So, what happened this time?
			足球是我最喜欢的运动。		Soccer is my favorite sport.
			有些食物令人口渴。		Some foods make you thirsty.
			口香糖粘到他的鞋子上了。		Some gum stuck to his shoes.
			有些人不知道那件事。		Some people don't know that.
			一些学生留下了。		Some students stayed behind.
			某人把我的杯形蛋糕吃完了。		Someone ate all my cupcakes.
			說英語不容易。		Speaking English isn't easy.
			說英語是不容易的。		Speaking English isn't easy.
			很奇怪，他失败了。		Strangely enough, he failed.
			物尽其用		Take it for what it's worth.
			請脫下你的襪子。		Take off your socks, please.
			老师也会犯错。		Teachers also make mistakes.
			泪水沿着我的面颊流了下来。		Tears rolled down my cheeks.
			告诉他该去哪儿。		Tell him where he should go.
			告诉我汤姆的邮箱地址吧。		Tell me Tom's email address.
			告诉我人生的意义。		Tell me the meaning of life.
			网球是我最喜欢的运动。		Tennis is my favorite sport.
			谢谢你的耐心。		Thank you for your patience.
			谢谢您答应到来。		Thanks for agreeing to come.
			谢谢你答应到来。		Thanks for agreeing to come.
			谢谢你的解释。		Thanks for your explanation.
			那件事情使他一舉成名。		That affair made him famous.
			那幢房子看起来被遗弃了。		That house appears deserted.
			那是箇美好的瞬間。		That was a beautiful moment.
			那不难，是吧？		That wasn't so hard, was it?
			这个女人很漂亮。		That woman's very beautiful.
			这就是他所说的。		That's exactly what he said.
			那不重要，不是么？		That's not important, is it?
			这倒是事实。		That’s actually the truth.
			撒哈拉沙漠广袤无垠。		The Sahara is a vast desert.
			酸性腐蚀了金属。		The acid ate into the metal.
			回答偏了。		The answer misses the point.
			观众人数庞大。		The audience was very large.
			群鸟南翔。		The birds flew to the south.
			公交车迟到了。		The bus was behind schedule.
			小丑做了个鬼脸。		The clown made a funny face.
			期限近了。		The deadline is approaching.
			医生立刻就到了。		The doctor came immediately.
			醫生可能說過。		The doctor may have said so.
			医生也许这么说过。		The doctor may have said so.
			這隻狗的一隻眼睛瞎了。		The dog is blind in one eye.
			那狗一只眼是瞎的。		The dog is blind in one eye.
			這魚吃著像三文魚。		The fish tasted like salmon.
			幽靈突然消失了。		The ghost vanished suddenly.
			货物毫无损坏地到达了。		The goods arrived undamaged.
			灯突然灭了。		The light suddenly went out.
			这药创造了奇迹。		The medicine worked marvels.
			這隻老鼠跑進洞裡。		The mouse ran into the hole.
			這位老人下了公車。		The old man got off the bus.
			牧师在教堂里。		The pastor is in the church.
			这份报告完全错误。		The report is utterly false.
			房間裡家具齊全。		The room is fully furnished.
			房里有股烟味。		The room smelled of tobacco.
			房里闻起来有股烟味。		The room smelled of tobacco.
			经过证实，谣言是真的。		The rumor proved to be true.
			秘书被炒了。		The secretary was dismissed.
			天空完全变黑了。		The sky was completely dark.
			商店周一关门。		The store is closed Mondays.
			电视机坏了。		The television doesn't work.
			火车应当准点到。		The train should be on time.
			今晚天公作美。		The weather is nice tonight.
			今晚的天气不错。		The weather is nice tonight.
			这没什么好担心的。		There is no cause for worry.
			金窩銀窩不如自己的狗窩。		There is no place like home.
			杯子里面有水。		There is water in the glass.
			杯子里有水。		There is water in the glass.
			今晚月亮很圆。		There's a full moon tonight.
			這些洋裝太大。		These dresses are too large.
			這些橘子很酸。		These oranges are very sour.
			他们都哈哈大笑起来。		They all burst out laughing.
			他们年龄相仿。		They are about the same age.
			他们不怕死。		They aren't afraid of death.
			他们一个接着一个地离开了。		They left one after another.
			他们住在出租屋里。		They live in a rented house.
			他们在乡村安定了下来。		They settled in the country.
			他们不会再见面了。		They would never meet again.
			放眼全球，立足本土。		Think globally, act locally.
			这篇文章没有价值。		This article is of no value.
			这只猫不抓老鼠。		This cat doesn't chase mice.
			这个椅子坐着不舒服。		This chair is uncomfortable.
			这给了我新的希望。		This gives me renewed hopes.
			这是张舒服的椅子。		This is a comfortable chair.
			这正是我需要的东西。		This is exactly what I need.
			這有點意思。		This is kind of interesting.
			这是我的公司地址。		This is my business address.
			这是我最喜欢的项目。		This is my favorite project.
			他砸坏的是这扇窗。		This is the window he broke.
			這不是雞毛蒜皮的事。		This isn't a trivial matter.
			這不是雞毛蒜皮。		This isn't a trivial matter.
			这支笔不太好用。		This pen doesn't write well.
			这首歌让我想家了。		This song makes me homesick.
			这块手表产自日本。		This watch is made in Japan.
			这个网站很有用。		This website is very useful.
			那些都是好迹象。		Those are encouraging signs.
			他们俩又在吵架了。		Those two are arguing again.
			三个灯泡烧坏了。		Three bulbs have burned out.
			三的立方是二十七。		Three cubed is twenty-seven.
			汤姆给玛丽买了个房子。		Tom bought a house for Mary.
			汤姆什么都记不住。		Tom can't remember anything.
			汤姆要求有人解释。		Tom demanded an explanation.
			汤姆不企图回应。		Tom didn't attempt to reply.
			汤姆没有否认他做的事情。		Tom didn't deny he did that.
			汤姆不必谢我。		Tom didn't have to thank me.
			汤姆不喜欢这种颜色。		Tom doesn't like this color.
			汤姆预料这会发生。		Tom expected this to happen.
			汤姆没能说服玛丽。		Tom failed to persuade Mary.
			汤姆忘记签名了。		Tom forgot to sign his name.
			汤姆给玛丽起的外号。		Tom gave Mary that nickname.
			汤姆天亮前就到这了。		Tom got here before sunrise.
			汤姆手里拿着饮料。		Tom had a drink in his hand.
			汤姆站立困难。		Tom had trouble standing up.
			汤姆已经喂过狗了。		Tom has already fed the dog.
			汤姆已经睡了。		Tom has already gone to bed.
			汤姆有高血压。		Tom has high blood pressure.
			汤姆有三个姐姐。		Tom has three older sisters.
			汤姆帮我搬了家。		Tom helped me with the move.
			汤姆已经习惯了。		Tom is already used to that.
			汤姆是个不寻常的人。		Tom is an extraordinary man.
			汤姆对每个人都很友好。		Tom is friendly to everyone.
			汤姆现在住在波士顿。		Tom is living in Boston now.
			汤姆既彬彬有礼又善解人意。		Tom is polite and sensitive.
			汤姆真瘦，不是么？		Tom is quite thin, isn't he?
			汤姆坐在草地上。		Tom is sitting on the grass.
			汤姆对我来说很重要。		Tom is very important to me.
			汤姆就是不懂。		Tom just doesn't understand.
			汤姆知道许多法语歌。		Tom knows many French songs.
			汤姆看着我笑了。		Tom looked at me and smiled.
			汤姆一定很不高兴。		Tom must've been displeased.
			汤姆从来不告诉我们任何事情。		Tom never tells us anything.
			汤姆可能知道我是谁。		Tom probably knew who I was.
			汤姆真的不喜欢你。		Tom really doesn't like you.
			汤姆回到了他的卧室。		Tom returned to his bedroom.
			汤姆说玛丽喜欢驾车。		Tom said Mary likes driving.
			汤姆两点半左右到的。		Tom showed up at about 2:30.
			汤姆穿着鞋睡了。		Tom slept with his shoes on.
			汤姆不假思索脱口而出。		Tom speaks without thinking.
			汤姆从椅子上站了起来。		Tom stood up from his chair.
			汤姆感谢玛丽的光临。		Tom thanked Mary for coming.
			汤姆被送回了波士顿		Tom was sent back to Boston.
			汤姆现在会以我为傲。		Tom will now be proud of me.
			汤姆的上司真的非常生气。		Tom's boss was really angry.
			汤姆的狗咬他玩。		Tom's dog bit him playfully.
			汤姆，我想跟玛丽谈话。		Tom, I want to talk to Mary.
			明天是晴天。		Tomorrow will be a fine day.
			已經過去二十年了。		Twenty years already passed.
			如果我们想，我们就能变。		We can change if we want to.
			我们没有太多时间。		We don't have too much time.
			我们认为这不严肃。		We don't think it's serious.
			我们很高兴接受你的提议。		We gladly accept your offer.
			我们要渡過難關。		We have to get through this.
			我们总得找点乐子。		We have to have fun somehow.
			我们试图让手指互相交错。		We kept our fingers crossed.
			我们本该更加努力学习。		We should've studied harder.
			我们过去常在公园玩。		We used to play in the park.
			我们想要更多信息。		We want further information.
			我们去了公园玩。		We went to the park to play.
			我们想买张沙发。		We would like to buy a sofa.
			我们尽力而为。		We're doing the best we can.
			我们不去度假。		We're not going on vacation.
			我们谁都不怕。		We're not scared of anybody.
			你昨晚在工作吗？		Were you working last night?
			你的强项是什么？		What are your strong points?
			你午饭吃的什么？		What did you have for lunch?
			你跟你的老板说什么了？		What did you tell your boss?
			您建议我做什么？		What do you advise me to do?
			你放学以后干什么？		What do you do after school?
			你想对我说什么？		What do you want to tell me?
			你想跟我说什么？		What do you want to tell me?
			您想告诉我什么？		What do you want to tell me?
			汤姆知道我的什么？		What does Tom know about me?
			什么赋予了人生意义？		What gives life its meaning?
			有起必有落。		What goes up must come down.
			汤姆的头怎么了？		What happened to Tom's head?
			你为什么来这儿？		What have you come here for?
			你们来这儿干嘛？		What have you come here for?
			您来这儿干嘛？		What have you come here for?
			到底怎么了？		What on earth is the matter?
			你做什么类型的工作？		What sort of work do you do?
			您几点钟上班？		What time do you go to work?
			你在计划什么出游吗？		What trips are you planning?
			那场会议主题是什么？		What was that meeting about?
			你刚说了什么？		What was that you just said?
			会议怎么样？		What were the meetings like?
			汤姆有什么很与众不同的地方吗？		What's so special about Tom?
			那背后是什么意思？		What's the idea behind that?
			现在的天气怎么样了？		What's the weather like now?
			汤姆什么时候吃早饭？		When does Tom eat breakfast?
			那些人从哪来的？		Where are those people from?
			那些海报现在都到哪里去了？		Where are those posters now?
			在哪儿我能找到牙膏？		Where can I find toothpaste?
			那天晚上你在哪裡？		Where did you go that night?
			失物招领处在哪儿？		Where is the lost and found?
			警察局在哪里？		Where is the police station?
			我们以后往哪走？		Where will we go afterwards?
			你明天在哪裡吃？		Where will you eat tomorrow?
			最近的車站在哪裡？		Where's the nearest station?
			谁能说清不同点？		Who can tell the difference?
			谁朝我的狗扔的石子？		Who threw a stone at my dog?
			他们在讨论谁？		Who were they talking about?
			谁会信呢？		Who's going to believe that?
			谁是你最喜爱的电视明星？		Who's your favorite TV star?
			您为什么指责我儿子？		Why are you accusing my son?
			你给我看这个干嘛？		Why are you showing me this?
			你为什么还在学校？		Why are you still at school?
			你为什么做了这种事儿？		Why did you do such a thing?
			为什么你企图逃走？		Why did you try to run away?
			你为什么觉得我们在这？		Why do you think we're here?
			为什么你不来看我们？		Why don't you come visit us?
			今年将会不同以往吗？		Will this year be different?
			您明天回来吗？		Will you come back tomorrow?
			写下你名字的大写字母。		Write your name in capitals.
			把你的名字用大写写下来。		Write your name in capitals.
			有你的電話。		You are wanted on the phone.
			你不能跟我们进来。		You can't come in with this.
			既要马好，又要马不吃草。		You can't have it both ways.
			你有个温馨的家庭。		You have a very nice family.
			你只要问就好了。		You have only to ask for it.
			你该打扫你的房间。		You have to clean your room.
			你必须得自信。		You have to have confidence.
			你必须有一个出发点。		You have to start somewhere.
			你必须扫地。		You have to sweep the floor.
			你看起来和以前一样健康。		You look as healthy as ever.
			你看著像箇小女孩。		You look like a little girl.
			您可以回答问题。		You may answer the question.
			你可以把你的袋子留在這裡。		You may leave your bag here.
			你需要两个才能凑成一对。		You need two to make a pair.
			你看起来什么都知道。		You seem to know everything.
			你不该抽那么多烟。		You shouldn't smoke so much.
			你说话像个当官的。		You sound like a politician.
			你最好检查一下这个。		You'd better check this out.
			你永远不会知道真相。		You'll never know the truth.
			你以后再也不会看到它了。		You'll never see that again.
			你真是个努力的工人。		You're really a hard worker.
			你是你自己最大的敌人。		You're your own worst enemy.
			你給了我很好的建議。		You've given me good advice.
			你有个死脑筋。		You've got a one-track mind.
			你家很容易发现。		Your house was easy to find.
			你的预言成真了。		Your prophecy has come true.
			你的问题没有答案。		Your question has no answer.
			你的三腳架在我的辦公室裏。		Your tripod is in my office.
			“她喜欢音乐。”“我也是。”		"""She likes music."" ""So do I."""
			“你说得太多了，”他说道。		"""You talk too much,"" he said."
			狗会对陌生人叫。		A dog will bark at strangers.
			很多树被砍倒。		A lot of trees were cut down.
			我所有的朋友都会到那儿。		All my friends will be there.
			我们所有的努力都白费了。		All our efforts were in vain.
			世界各地都說英語。		All the world speaks English.
			我们三个都是学生。		All three of us are students.
			仔细回答我的问题。		Answer my question carefully.
			你在这里是要见谁吧？		Are you meeting someone here?
			终于不下雨了。		At last it's stopped raining.
			此處禁止烤肉。		Barbecuing is forbidden here.
			需要什麼就給我打電話。		Call me if you need anything.
			我能和老师说话吗？		Can I speak with the teacher?
			你能把你的自行车借给我吗？		Can you lend me your bicycle?
			刚才的话，你可以再说一遍吗？		Can you repeat what you said?
			你们能看到那个小房子吗？		Can you see that small house?
			您能看到那栋小房子吗？		Can you see that small house?
			您能好好给我们照一张相吗？		Can you take a picture of us?
			你能告诉我这是什么吗？		Can you tell me what this is?
			我可以借用您的眼线笔吗？		Could I borrow your eyeliner?
			劳驾，来一杯咖啡。		Could I have a cup of coffee?
			你等一会然后再给我打电话，可以吗？		Could you call me back later?
			你能重复一遍吗？		Could you please repeat that?
			十二月有三十一天。		December has thirty-one days.
			民主支持自由。		Democracy encourages freedom.
			你是不是刚认识他？		Did you just get to know him?
			我必须去医院吗？		Do I have to be hospitalized?
			你真信吗？		Do you actually believe that?
			你有喜欢的颜色吗？		Do you have a favorite color?
			你有什么事要说吗？		Do you have something to say?
			您有什么事要说吗？		Do you have something to say?
			你每天读法语吗？		Do you read French every day?
			你想看房子吗？		Do you want to see the house?
			汤姆在厨房里工作吗？		Does Tom work in the kitchen?
			汤姆没有朋友吗？		Doesn't Tom have any friends?
			不要超速。		Don't exceed the speed limit.
			别放弃梦想。		Don't give up on your dreams.
			不要侵犯她的隐私。		Don't intrude on her privacy.
			不要流露你的感情。		Don't let your feelings show.
			不要捉弄老人家。		Don't make fun of old people.
			請不要打開此門。		Don't open this door, please.
			不要小看我的力量。		Don't underestimate my power.
			不要低估我的力量。		Don't underestimate my power.
			在美国说英语。		English is spoken in America.
			欧洲人喜欢喝酒。		Europeans like to drink wine.
			大家需要冷静下来。		Everybody needs to calm down.
			很少有人知道怎么做。		Few people know how to do it.
			流利的英語是必須的。		Fluency in English is a must.
			对我来说这就不是个问题。		For me, this isn't a problem.
			坦率地说，他错了。		Frankly speaking, he's wrong.
			别那么趾高气扬，汤姆。		Get off your high horse, Tom.
			請給我你的意見。		Give me your opinion, please.
			已经取得巨大进展。		Great progress has been made.
			来看看世界地图。		Have a look at the world map.
			你写过博客吗？		Have you ever written a blog?
			他总是带着黑色眼镜。		He always wears dark glasses.
			他昨晚上电视了。		He appeared on TV last night.
			他叫那个男人帮助他。		He asked the man to help him.
			他十分鐘前到這裡。		He came here ten minutes ago.
			他昨晚很晚回家。		He came home late last night.
			他网球打得很好。		He can play tennis very well.
			他还会说俄语。		He can speak Russian as well.
			去年他转校了。		He changed schools last year.
			去年他换了学校。		He changed schools last year.
			他繼續工作了一整天。		He continued working all day.
			他一个朋友都没有。		He does not have any friends.
			他開卡車到達拉斯。		He drove the truck to Dallas.
			他的工资是我的两倍。		He earns twice as much as me.
			他送给我一份漂亮的礼物。		He gave a nice present to me.
			他免費把它給了我。		He gave it to me for nothing.
			他開車去辦公室。		He goes to the office by car.
			他这么做，没有任何不安。		He had no qualms in doing so.
			他为他的失败感到羞耻。		He is ashamed of his failure.
			他有可能赢得比赛。		He is likely to win the game.
			他正在听收音机。		He is listening to the radio.
			他不再是以前的那个他了。		He is not what he used to be.
			他有几分像学者。		He is something of a scholar.
			他是家里的宝贝。		He is the baby of the family.
			他的年龄是她的两倍。		He is twice as old as she is.
			他浑身是债。		He is up to his ears in debt.
			他对纽约了如指掌。		He knows New York inside out.
			他知道如何做收音机。		He knows how to make a radio.
			他看得懂中文。		He knows how to read Chinese.
			他明天出发去中国。		He leaves for China tomorrow.
			他在森林中迷了路。		He lost his way in the woods.
			他让我做他的助理。		He made me his own assistant.
			他讓我在舞台上唱歌。		He made me sing on the stage.
			他拍拍我的肩膀。		He patted me on the shoulder.
			他扮演哈姆雷特的角色。		He played the part of Hamlet.
			他每天祈祷好几次。		He prays several times a day.
			他把书放在了书架上。		He put the book on the shelf.
			他很像他外公。		He resembles his grandfather.
			他说，“九点了”。		"He said, ""It's nine o'clock."""
			他很少食言。		He seldom breaks his promise.
			他放火烧了自己的房子。		He set fire to his own house.
			他射了鹿一箭。		He shot an arrow at the deer.
			他本应该成为一个律师。		He should have been a lawyer.
			他有时会来看我。		He sometimes comes to see me.
			他误认为我是一个英国人。		He took me for an Englishman.
			他周遊世界各地。		He traveled around the world.
			他想还清贷款。		He wants to pay off his loan.
			他嫉妒我的成功。		He was jealous of my success.
			他反对垄断。		He was opposed to monopolies.
			他曾经反对垄断。		He was opposed to monopolies.
			他明天不回来。		He will not be back tomorrow.
			他不肯给我涨工资。		He would not raise my salary.
			他比我大两岁。		He's two years older than me.
			她很容易受到感情上的伤害。		Her feelings are easily hurt.
			她的皮肤白得像雪。		Her skin is as white as snow.
			她的皮肤比雪还白。		Her skin is whiter than snow.
			嘿，你在這做什麼？		Hey, what are you doing here?
			他的衣服總是很臭。		His clothes always smell bad.
			他的援助真是雪中送炭。		His help has been invaluable.
			他儿子想当律师。		His son wants to be a lawyer.
			我们今晚出去吃怎么样？		How about dining out tonight?
			你怎么会不知道？		How come you don't know this?
			你怎么敢这样说话？		How dare you speak like that!
			您怎么敢这样说话？		How dare you speak like that!
			你想怎麼處理？		How do you want this handled?
			到火車站有多遠？		How far is it to the station?
			你准备待多久？		How long do you plan to stay?
			你会待多长时间？		How long will you be staying?
			你有多少朋友？		How many friends do you have?
			你多久买一次花？		How often do you buy flowers?
			暑假過得如何？		How was your summer vacation?
			请问鸡蛋要什么做法？		How would you like your eggs?
			我把我的手枪指向了目标。		I aimed my gun at the target.
			我也听过一个类似的故事。		I also heard a similar story.
			我对你的大胆感到很惊讶。		I am amazed at your audacity.
			我向我父親求助。		I asked for my father's help.
			我让她等了一分钟。		I asked her to wait a minute.
			我請他開車送我回家。		I asked him to drive me home.
			我請他修理我的鞋子。		I asked him to mend my shoes.
			我买了往返的票。		I bought a round-trip ticket.
			我会教你怎么开车。		I can teach you how to drive.
			我去不了，也不想去。		I can't go, nor do I want to.
			我不能让汤姆这么轻易杀了我。		I can't just let Tom kill me.
			我一点英文都不会说。		I can't speak English at all.
			我挑不出他的毛病。		I cannot find fault with him.
			我的中文說得不好。		I cannot speak Mandarin well.
			我在哪儿都找不到她。		I couldn't find her anywhere.
			我还没觉得有那么糟糕。		I didn't think it was so bad.
			我不知道有没有时间。		I don't know if there's time.
			我不知道他什么时候来。		I don't know when he'll come.
			我不知道她住在哪裡。		I don't know where she lives.
			我不喜欢上学。		I don't like going to school.
			我不喜欢你的女朋友。		I don't like your girlfriend.
			我不太同意你的看法。		I don't quite agree with you.
			我不太看报纸。		I don't read newspapers much.
			我没看见什么弹孔。		I don't see any bullet holes.
			我觉得我没有下命令。		I don't think I ordered that.
			我完全不要牛奶。		I don't want any milk at all.
			我不想被他感动。		I don't want him to touch me.
			我不想晒黑。		I don't want to get a suntan.
			我不想去学校。		I don't want to go to school.
			我不想再玩了。		I don't want to play anymore.
			我不担心风险。		I don't worry about the risk.
			我跟着鹿的踪迹。		I followed the deer's tracks.
			我觉得这本书很有意思。		I found the book interesting.
			我每周末都会去市区。		I go into town every weekend.
			我收到了朋友的一封信。		I got a letter from a friend.
			我要他擦亮我的皮鞋。		I got him to polish my shoes.
			我簡直不用花錢就買到了。		I got it for next to nothing.
			我两个脸颊都被打了。		I got slapped on both cheeks.
			我今天早上六點起床。		I got up at six this morning.
			我今天玩得很開心。		I had a very good time today.
			第二天我的腿很酸。		I had sore legs the next day.
			我不得不一整天都呆在床上。		I had to stay in bed all day.
			现在我有些许头痛。		I have a slight headache now.
			我胃痛，醫生。		I have a stomachache, doctor.
			医生，我胃痛。		I have a stomachache, doctor.
			我百分之百相信你。		I have absolute faith in you.
			我的车里有伞。		I have an umbrella in my car.
			我没朋友帮我。		I have no friends to help me.
			我不知道该怎么办。		I have no idea of what to do.
			我有些东西要给你。		I have something to give you.
			我有事要告訴你。		I have something to tell you.
			我明天有必须要做的事。		I have things to do tomorrow.
			我需要去醫院。		I have to go to the hospital.
			我还没有取得那么大的进展。		I haven't made much progress.
			我有些年没见过他了。		I haven't seen him for years.
			我听说他打麻将很厉害。		I hear he is good at mahjong.
			我聽見有人叫我的名字。		I heard someone call my name.
			昨天我帮了我爸爸。		I helped my father yesterday.
			我希望他很快就能好起来。		I hope he'll get better soon.
			希望你没有很生气。		I hope you're not too miffed.
			我真的受不了了。		I just can't take it anymore.
			我知道汤姆是这里的一个老师。		I know Tom is a teacher here.
			我认识汤姆的两姐妹。		I know both of Tom's sisters.
			我很瞭解這地方。		I know this area pretty well.
			我对汤姆知道得很少。		I know very little about Tom.
			我知道汤姆为什么遇上麻烦了。		I know why Tom is in trouble.
			我知道你比我有錢。		I know you're richer than me.
			科学和数学我都喜欢。		I like both science and math.
			我爱看足球。		I love watching soccer games.
			昨天我遇到你父母了。		I met your parents yesterday.
			我可能把钥匙忘了。		I might've forgotten my keys.
			我必须赶上头班火车。		I must catch the first train.
			我需要知道你知道的事。		I need to know what you know.
			我只会说一点法语。		I only speak a little French.
			我打电话订了个披萨。		I ordered pizza by telephone.
			我的成功要归功于他。		I owe my success to his help.
			我昨天去见他了。		I paid him a visit yesterday.
			我在建築物後面停車。		I parked behind the building.
			放学后我打了网球。		I played tennis after school.
			我马上就认出了他。		I recognized him immediately.
			我看見一匹馬拉著一架馬車。		I saw a horse pulling a cart.
			我看到有箇男人被車撞了。		I saw a man get hit by a car.
			我应该多穿点衣服了。		I should put on more clothes.
			我开始想起汤姆。		I started thinking about Tom.
			我发誓我什么也没做。		I swear I didn't do anything.
			我说服他放弃了这个主意。		I talked him out of the idea.
			我认为汤姆准备好了。		I think Tom is getting ready.
			我认为考试破坏教育。		I think exams ruin education.
			我觉得今天会很热。		I think it will be hot today.
			我猜想你可能是对的。		I think perhaps you're right.
			我觉得你说的是真的。		I think what you say is true.
			我相信你说的是真的。		I think what you say is true.
			我覺得你說了什麼。		I thought you said something.
			我以为你在听。		I thought you were listening.
			我以为你是我的朋友。		I thought you were my friend.
			我告诉过你汤姆会来。		I told you Tom would be here.
			我以前是護林人。		I used to be a forest ranger.
			我以前常說法語。		I used to speak French a lot.
			我想要冰激淋作甜点。		I want ice cream for dessert.
			我想給肉加點鹽。		I want some salt for my meat.
			我想再去那裡一次。		I want to go there once more.
			我想去洗手間。		I want to go to the bathroom.
			我想收聽新聞。		I want to listen to the news.
			我想跟你叔叔談談。		I want to talk to your uncle.
			我想和你的舅舅谈一谈。		I want to talk to your uncle.
			我想让你读这本书。		I want you to read this book.
			我要你想一想。		I want you to think about it.
			我当时是学生。		I was a student at that time.
			我怕我可能遲到了。		I was afraid I might be late.
			我独自待在教室里。		I was alone in the classroom.
			我一直都擅長英文。		I was always good at English.
			我的英文一直都不錯。		I was always good at English.
			我对自己的行为感到羞愧。		I was ashamed of my behavior.
			我去河裡游泳。		I went swimming in the river.
			我希望我不必工作。		I wish I didn't have to work.
			祝你圣诞节快乐。		I wish you a Merry Christmas.
			我想知道汤姆还要别的什么。		I wonder what else Tom wants.
			我想要一間前面的房間。		I'd like a room in the front.
			我想要出席派对。		I'd like to attend the party.
			我想在五點前到家。		I'd like to get home by five.
			我想去看電影。		I'd like to go to the movies.
			我想住在紐約。		I'd like to live in New York.
			明天我想见你。		I'd like to see you tomorrow.
			我更愿意贫穷而不是富裕。		I'd rather be poor than rich.
			我会参加下次的会议。		I'll attend the next meeting.
			我会给你开个药方。		I'll give you a prescription.
			我明天把它寄给你。		I'll send it to you tomorrow.
			我会给我的母亲寄封信。		I'll send my mother a letter.
			我比你高一点。		I'm a little taller than you.
			我怕我冒犯了你。		I'm afraid I've offended you.
			我累得不能再累了。		I'm as tired as tired can be.
			我开始记起来了。		I'm beginning to remember it.
			上帝賜予我健康的身體。		I'm blessed with good health.
			我很幸運有健康的身體。		I'm blessed with good health.
			我受够了这天气。		I'm fed up with this weather.
			我很高興你見了他。		I'm glad you got to meet him.
			我要睡了。晚安。		I'm going to bed. Good night.
			我要睡觉了，晚安。		I'm going to bed. Good night.
			我處在絕境。		I'm in a desperate situation.
			我周日从不在家。		I'm never at home on Sundays.
			我不再是你的助手了。		I'm no longer your assistant.
			我不是这个俱乐部的会员。		I'm not a member of the club.
			我不像你那么乐观。		I'm not as optimistic as you.
			我没有你那么乐观。		I'm not as optimistic as you.
			我没有反对你。		I'm not disagreeing with you.
			我不确定他什么时候来。		I'm not sure when he'll come.
			我在回波士顿。		I'm on my way back to Boston.
			我真怕蜘蛛。		I'm really scared of spiders.
			我明天要去看我叔叔。		I'm seeing my uncle tomorrow.
			我受够吃快餐了。		I'm sick of eating fast food.
			对不起，我不能待很久。		I'm sorry, I can't stay long.
			我是這船的船長。		I'm the captain of this ship.
			我是最后一个见过汤姆的人。		I'm the last one who saw Tom.
			我在班里是最高的。		I'm the tallest in our class.
			我已经吃过早饭了。		I've already eaten breakfast.
			我一直想试一试。		I've always wanted to try it.
			我最近真的很忙。		I've been really busy lately.
			我一直想見你。		I've been wanting to see you.
			我要学很多。		I've got a lot more to learn.
			我的腳起水泡了。		I've got blisters on my feet.
			我聽過這箇故事。		I've heard this story before.
			我从没见过汤姆那么生气。		I've never seen Tom so angry.
			我从没见过你这么高兴。		I've never seen you so happy.
			萬一下雨，我就不去。		In case it rains, I won't go.
			在我看来，他是有道理的。		In my opinion, he is correct.
			利率還是低。		Interest rates are still low.
			我休息一会没问题吧？		Is it okay if I take a break?
			她是个女程序员吗？		Is she a computer programmer?
			她是个程序媛吗？		Is she a computer programmer?
			这是火车站吗？		Is that the railroad station?
			顾客永远是正确的吗？		Is the customer always right?
			附近有酒店吗？		Is there a hotel around here?
			有什么事是你能做的吗？		Is there anything you can do?
			你的学校离这儿远吗？		Is your school far from here?
			这不关我的事。		It has nothing to do with me.
			它跟我没关系。		It has nothing to do with me.
			读这本书很容易。		It is easy to read this book.
			訓練狗是不容易的。		It is not easy to train dogs.
			你到了该去理发的时候了。		It is time you had a haircut!
			无论如何说不通。		It makes no sense whatsoever.
			这片区域很少下雪。		It rarely snows in this area.
			这是个静谧的冬夜。		It was a calm winter evening.
			这是场有趣的辩论。		It was an interesting debate.
			病房里很冷。		It was cold in the infirmary.
			地面附近有霧。		It was foggy near the ground.
			这只是时间上的问题。		It was just a matter of time.
			在这里见到您真是太好了。		It was nice meeting you here.
			一点也不好玩。		It wasn't interesting at all.
			幸会。		It's a privilege to meet you.
			已经是时候回去了。		It's already time to go home.
			很明顯地你錯了。		It's clear that you're wrong.
			要下雨了，我敢肯定。		It's going to rain, for sure.
			这尽够汤姆的。		It's just big enough for Tom.
			跟他吵没用。		It's no use arguing with him.
			顯然地她生病了。		It's obvious that she's sick.
			它在我的舌尖上。		It's on the tip of my tongue.
			礼轻情意重。		It's the thought that counts.
			很貴吧？		It’s expensive, isn’t it?
			日本以富士山聞名。		Japan is famous for Mt. Fuji.
			日本比加拿大小。		Japan is smaller than Canada.
			我来问个有点傻的问题。		Let me ask a stupid question.
			我们现在就去医院吧。		Let's go to the hospital now.
			希望你用不著它。		Let's hope you don't need it.
			我们再也别这样做了。		Let's not ever do this again.
			马力很可爱，不是么？		Mary is very cute, isn't she?
			玛丽让我想起我母亲。		Mary reminds me of my mother.
			请问你的名字是？		May I have your name, please?
			我能用信用卡支付吗？		May I pay with a credit card?
			大多数学生步行去学校。		Most students walk to school.
			我的电脑好诡异。		My computer's acting strange.
			我的字典非常有用。		My dictionary is very useful.
			我的视力正慢慢下降。		My eyesight is getting worse.
			我父亲五十岁了。		My father is fifty years old.
			我父亲在工厂工作。		My father works at a factory.
			我爸在工厂工作。		My father works at a factory.
			我父親的嗜好是釣魚。		My father's hobby is fishing.
			我的朋友不打網球。		My friends don't play tennis.
			我的祖父早起。		My grandfather gets up early.
			我爷爷喜欢步行。		My grandfather likes to walk.
			我的嗜好是集郵。		My hobby is stamp collecting.
			我家离这里五个街区远。		My house is five blocks away.
			我家离火车站很近。		My house is near the station.
			我丈夫也是老师。		My husband is a teacher, too.
			洗碗是我的工作。		My job is to wash the dishes.
			我的父母住在澳大利亚。		My parents live in Australia.
			我父母不让我和男生约会。		My parents won't let me date.
			我儿子在刷牙。		My son is brushing his teeth.
			我的儿子在刷牙。		My son is brushing his teeth.
			我的钱包是皮制的。		My wallet is made of leather.
			我太太很容易就会着凉。		My wife catches colds easily.
			我妻子正在做饭。		My wife is cooking right now.
			没有人可以共侍二主。		No man can serve two masters.
			不，谢谢，我饱了。		No more, thank you. I'm full.
			没有学生去参加派对。		No student went to the party.
			没人系安全带。		None were wearing seat belts.
			不是每一个孩子都喜欢吃苹果。		Not every child likes apples.
			油是从橄榄中提炼出来的。		Oil is extracted from olives.
			我们的花园布满了杂草。		Our garden was full of weeds.
			我们的供给要用完了。		Our supplies are running out.
			人们可能不记得那件事了。		People may not remember that.
			人要爱他人。		People must love one another.
			请允许我为你做。		Permit me to do that for you.
			塑料不易燃烧。		Plastic does not burn easily.
			请帮我叫宾馆保安。		Please get me hotel security.
			请继续讲你的故事。		Please go on with your story.
			进来之前请敲门。		Please knock before entering.
			請穿這雙拖鞋。		Please put on these slippers.
			請把那些椅子放好。		Please put those chairs away.
			請給我看一下你的筆記本電腦。		Please show me your notebook.
			爆米花是我最喜欢的零食。		Popcorn is my favorite snack.
			在花瓶裡裝些水。		Put some water into the vase.
			看书很有意思。		Reading books is interesting.
			别忘了刷牙。		Remember to brush your teeth.
			記得要去寄這封信。		Remember to mail this letter.
			她爱慕她哥哥。		She adores her older brother.
			她一个朋友都没有。		She doesn't have any friends.
			她給了我一些很好的建議。		She gave me some good advice.
			她一天比一天漂亮。		She gets prettier day by day.
			她十七岁结婚。		She got married at seventeen.
			她在海边有一间小屋。		She has a cottage by the sea.
			她在海边有一个度假屋。		She has a cottage by the sea.
			她手上有一朵花。		She has a flower in her hand.
			她有很强的个性。		She has a strong personality.
			她是程序员。		She is a computer programmer.
			她昨天自杀了。		She killed herself yesterday.
			她喜欢去桑拿。		She likes to go to the sauna.
			她喜欢听音乐。		She likes to listen to music.
			她看了窗外。		She looked out of the window.
			她可能比你高。		She might be taller than you.
			她每周末都打高尔夫球。		She plays golf every weekend.
			她戴上了帽子准备出去。		She put on her hat to go out.
			她确实喜欢动物。		She really does like animals.
			她昨天看见一个高大的男人。		She saw a tall man yesterday.
			她咬了一口蘋果。		She took a bite of the apple.
			她在一棵树下坐着。		She was sitting under a tree.
			她易患感冒。		She was susceptible to colds.
			她没有让我们帮忙。		She wouldn't let us help her.
			她还没听到这个消息。		She's not yet heard the news.
			滑冰是我的嗜好之一。		Skating is one of my hobbies.
			溜冰是我的嗜好之一。		Skating is one of my hobbies.
			有些人反对汤姆的意见。		Some object to Tom's opinion.
			一部分钱被偷了。		Some of the money was stolen.
			一些人通过阅读来放松。		Some people relax by reading.
			春天是我最喜爱的季节。		Spring is my favorite season.
			不要再这么盯着我了。		Stop staring at me like that.
			再跟我說一次，你住哪？		Tell me again where you live.
			告诉我怎么玩游戏。		Tell me how to play the game.
			谢谢您的关注。		Thank you for your attention.
			感謝您的回電。		Thanks for returning my call.
			感谢澄清。		Thanks for the clarification.
			谢谢您的迅速回复。		Thanks for your quick answer.
			那辆汽车真的很贵。		That car is really expensive.
			那条连衣裙很适合您。		That dress looks good on you.
			这就是我关于他知道的一切。		That is all I know about him.
			那家店有很多客人。		That shop has many customers.
			这应证了我的想法。		That thought crossed my mind.
			这只是幻想而已。		That's just your imagination.
			那不關你的事。		That's none of your business.
			那不是猫。那是狗。		That's not a cat. It's a dog.
			事故耽誤了交通。		The accident held up traffic.
			助手拿了钱。		The assistant took the money.
			瓶子摔成了碎片。		The bottle smashed to pieces.
			这个男孩把收音机折散架了。		The boy took the radio apart.
			桥处于修理中。		The bridge is being repaired.
			这桶装满了水。		The bucket was full of water.
			公车晚了十分钟。		The bus was ten minutes late.
			這座城堡很值得去看一看。		The castle is worth visiting.
			猫看着鱼。		The cat is watching the fish.
			猫喜欢鱼多过肉。		The cat prefers fish to meat.
			生活費升高了。		The cost of living has risen.
			生活費提高了。		The cost of living has risen.
			咖哩非常好吃。		The curry was very delicious.
			这条裙子你穿着很合身。		The dress fits you very well.
			早起的鸟儿有虫吃。		The early bird gets the worm.
			房子现在没被占住。		The house isn't occupied now.
			这个想法仍然在我心中。		The idea is still in my mind.
			树叶掉在地上。		The leaves fell to the earth.
			闪电照亮了天空。		The lightning lit up the sky.
			会议接近了尾声。		The meeting has almost ended.
			猴子爬上了树。		The monkey climbed up a tree.
			昨晚是满月。		The moon was full last night.
			這位老人死於飢餓。		The old man died from hunger.
			老人独自生活。		The old man lived by himself.
			這位老人餓死了。		The old man starved to death.
			米价下跌了。		The price of rice has fallen.
			这条路挺险恶。		The road is very treacherous.
			样本不够纯净。		The sample isn't pure enough.
			这艘船的目的地是孟买		The ship set sail for Bombay.
			士兵給了我水。		The soldier gave water to me.
			老师给我们布置了家庭作业。		The teacher gave us homework.
			这个视频很快火了。		The video quickly went viral.
			今天天气好像不错。		The weather looks good today.
			我对这个单词不熟。		The word is unfamiliar to me.
			你的袜子上有个洞。		There is a hole in your sock.
			你的袜子破了一个洞呀。		There is a hole in your sock.
			我的房间里没有时钟。		There is no clock in my room.
			燃料短缺。		There was a shortage of fuel.
			书桌下有一只猫。		There's a cat under the desk.
			无需仁慈。		There's no need to be gentle.
			这些苹果看起来很新鲜。		These apples look very fresh.
			他们收养了那个小女孩。		They adopted the little girl.
			他们是热爱和平的人。		They are peace-loving people.
			他们在谈音乐。		They are talking about music.
			他们买了一盒曲奇。		They bought a box of cookies.
			他们忘了锁门。		They forgot to lock the door.
			他们有他们自己的问题。		They have their own troubles.
			他们说天气会很热。		They say it will be very hot.
			这本书很难读。		This book is quite difficult.
			这种面包很美味。		This bread is very delicious.
			这车容易开。		This car handles very easily.
			这辆车是最新款。		This car is the latest model.
			这辆车靠天然气驱动。		This car runs on natural gas.
			這件大衣十分適合你。		This coat fits you perfectly.
			这会打击我们的生意。		This could hurt our business.
			这条连衣裙很便宜。		This dress is a good bargain.
			这是家中国餐厅。		This is a Chinese restaurant.
			这是一种西瓜。		This is a kind of watermelon.
			这是我仅有的一本书。		This is the only book I have.
			这封信没署名。		This letter has no signature.
			这个机器出故障了。		This machine is out of order.
			我今晨看见一位天使。		This morning, I saw an angel.
			这首曲子是大调。		This piece is in a major key.
			这个问题很简单。		This question is very simple.
			这真是个杰作。		This really is a masterpiece.
			這隻腕表需要修理。		This watch needs to be fixed.
			这永远不会再发生了。		This will never happen again.
			汤姆唱歌总跑调。		Tom always sings out of tune.
			汤姆和玛丽很饿。		Tom and Mary are very hungry.
			汤姆换上制服。		Tom changed into his uniform.
			汤姆不能自已。		Tom couldn't control himself.
			汤姆拒绝提供详细信息。		Tom declined to give details.
			汤姆竭尽全力追赶。		Tom did his best to catch up.
			汤姆看起来一点也不开心。		Tom didn't look happy at all.
			汤姆不关心钱。		Tom doesn't care about money.
			汤姆不是真的爱玛丽。		Tom doesn't really love Mary.
			汤姆似乎不这么认为。		Tom doesn't seem to think so.
			汤姆不想一个人走。		Tom doesn't want to go alone.
			汤姆扔掉了他的旧书。		Tom got rid of his old books.
			汤姆无处可归。		Tom had nowhere to return to.
			汤姆声音尖。		Tom has a high-pitched voice.
			汤姆整天都在开车。		Tom has been driving all day.
			汤姆肩膀很宽。		Tom has very broad shoulders.
			汤姆搭便车去波士顿了。		Tom hitched a ride to Boston.
			汤姆是一名教授，不是吗？		Tom is a professor, isn't he?
			汤姆因为工作现在在波士顿。		Tom is in Boston on business.
			汤姆就是有点紧张。		Tom is just a little nervous.
			汤姆在读短篇小说。		Tom is reading a short story.
			汤姆现在在休息。		Tom is resting at the moment.
			汤姆正在清扫人行道。		Tom is sweeping the sidewalk.
			汤姆亲了玛丽脸颊。		Tom kissed Mary on the cheek.
			汤姆知道玛丽不高兴。		Tom knew that Mary was upset.
			汤姆把他的大衣忘在楼下了。		Tom left his coat downstairs.
			汤姆绝不会忘记那样做。		Tom never forgets to do that.
			汤姆不知道我是谁		Tom no longer knows who I am.
			汤姆有一辆黄色跑车。		Tom owns a yellow sports car.
			汤姆给车盖上套。		Tom put a cover over his car.
			汤姆突然戒烟了。		Tom quit smoking cold turkey.
			汤姆说他们需要更多时间。		Tom says they need more time.
			汤姆拿枪射自己的头。		Tom shot himself in the head.
			汤姆应该等到星期一。		Tom should wait until Monday.
			汤姆和我说玛丽是他喜欢的类型。		Tom told me Mary is his type.
			汤姆告诉了我玛丽住哪儿。		Tom told me where Mary lives.
			汤姆以前和我女儿约会。		Tom used to date my daughter.
			汤姆在爆炸中受伤。		Tom was injured in the blast.
			汤姆在说梦话。		Tom was talking in his sleep.
			汤姆将提前毕业。		Tom will be graduating early.
			汤姆以后再也不会见你了。		Tom will never see you again.
			汤姆永远也不会见你了。		Tom will never see you again.
			汤姆再也不会见你了。		Tom will never see you again.
			当电话铃响的时候，汤姆醒了。		Tom woke when the phone rang.
			汤姆的生日是昨天。		Tom's birthday was yesterday.
			汤姆的笑声很有感染力。		Tom's laughter is infectious.
			事儿被汤姆说中了。		Tom's prediction was correct.
			汤姆，你吃过东西了吗？		Tom, have you eaten anything?
			明天是星期一吧？		Tomorrow is Monday, isn't it?
			下一个街角左转。		Turn left at the next corner.
			未满年龄饮酒是罪行。		Underage drinking is a crime.
			不幸的是，她不在。		Unfortunately, she is absent.
			在这儿等到他回来为止。		Wait here till he comes back.
			饭前要洗手。		Wash your hands before meals.
			我们大家住在同一个宿舍。		We all live in the same dorm.
			我们非常需要食物。		We are badly in need of food.
			我们在沙滩上起了火。		We built a fire on the beach.
			我们没有别的选择。		We don't have another choice.
			汤姆，我们必须要做点什么。		We have to do something, Tom.
			我们设了个陷阱来抓狐狸。		We set a trap to catch a fox.
			我们谈这事谈了一整夜。		We talked about it all night.
			我们看着这孩子玩耍。		We watched the children play.
			我们是两个通情达理的人。		We're both reasonable people.
			我们待在舅舅家。		We're staying at our uncle's.
			那么，女孩们，是时候出发了。		Well, girls, it's time to go.
			我的责任是什么？		What are my responsibilities?
			你在担心什么呢？		What are you concerned about?
			她在店裡買了什麼？		What did she buy at the shop?
			你的袋子裡有什麼？		What do you have in your bag?
			我们去滑雪怎么样？		What do you say we go skiing?
			你怎么看待这件事？		What do you think about this?
			我对汤姆做了什么？		What have I ever done to Tom?
			汤姆是个什么样的人？		What kind of a person is Tom?
			你想喝什么？		What would you like to drink?
			您想喝什么？		What would you like to drink?
			你们想喝什么？		What would you like to drink?
			你看到什麼拿什麼。		What you see is what you get.
			是什么让你这么紧张？		What're you so nervous about?
			玛丽的丈夫叫什么名字？		What's Mary's husband's name?
			這首曲子叫什麼名字？		What's the name of this tune?
			这歌叫什么名字？		What's the name of this tune?
			這該是什麼意思？		What's this supposed to mean?
			你什么时候能来我家？		When can you come to my home?
			你什么时候试着抱过汤姆？		When did you try hugging Tom?
			你从哪儿买的这些蛋？		Where did you buy these eggs?
			上周日你去哪儿了？		Where did you go last Sunday?
			上周日您去哪儿了？		Where did you go last Sunday?
			你去年住在哪儿？		Where did you live last year?
			这张照片在哪儿照的？		Where was this picture taken?
			下一列火車去哪裡？		Where's the next train going?
			你去哪我都跟。		Wherever you go, I'll follow.
			我可以用哪些信用卡？		Which credit cards can I use?
			白鸽是种美丽的鸟类。		White doves are pretty birds.
			谁照顾孩子？		Who looks after the children?
			誰要照顧你的狗？		Who will look after your dog?
			你为什么这么含糊其辞？		Why are you being so evasive?
			为什么你不等等我就开始了？		Why did you begin without me?
			你们为什么老打架？		Why do you guys always fight?
			我们为什么不离开这里？		Why don't we get out of here?
			为什么你不吃蔬菜？		Why don't you eat vegetables?
			价格还会继续涨吗？		Will the price keep going up?
			从海洋吹来的风感觉湿漉漉的。		Winds from the sea are moist.
			冬天是我最喜欢的季节。		Winter is my favorite season.
			您不想再喝点茶吗？		Won't you have some more tea?
			还有什么想要的吗？		Would you like anything else?
			您想要茶还是咖啡？		Would you like tea or coffee?
			你和我有相同的想法。		You and I have the same idea.
			你可以去任何你想去的地方。		You can go anywhere you want.
			你想去哪里都可以。		You can go wherever you want.
			你只給了我五十美分。		You gave me only fifty cents.
			你找錯了零錢給我。		You gave me the wrong change.
			你必须遵守规则。		You have to follow the rules.
			你知道我想聽甚麼。		You know what I want to hear.
			今天你看起来很迷人啊。		You look very charming today.
			你喜欢去哪儿就可以去哪儿。		You may go anywhere you like.
			你必须在两点半之前完成它。		You must finish this by 2:30.
			你得留意一下。		You must keep your eyes open.
			你需要甩掉几磅。		You need to shed some pounds.
			你们这帮人真没意思。		You people are no fun at all.
			你看起来像个老实人。		You seem to be an honest man.
			您看起来像个老实人。		You seem to be an honest man.
			对其他人你应该和善一点。		You should be kind to others.
			你该剪头发了。		You should get your hair cut.
			你该理发了。		You should get your hair cut.
			你本应该来得更早的。		You should have come earlier.
			你该听你父母的话。		You should obey your parents.
			你早就該開始了。		You should've started by now.
			你不该违背你的诺言。		You shouldn't break promises.
			你想保持匿名身份。		You want to remain anonymous.
			你最好立刻回家。		You'd better go home at once.
			你总是批评我！		You're always criticizing me.
			您比我更高。		You're even taller than I am.
			你会做得很好的。		You're going to do just fine.
			你就是荒唐。		You're just being ridiculous.
			你一直在制造麻烦。		You've been causing problems.
			你把我的头发剪得太短了。		You've cut my hair too short.
			你告诉汤姆了，没有吗？		You've told Tom, haven't you?
			你的行为让人无法忍受。		Your behavior is intolerable.
			你的笔比我的好。		Your pen is better than mine.
			“我喜欢旅游。“”我也是。“		"""I like traveling."" ""So do I."""
			“谁在车里？”“汤姆。”		"""Who is in the car?"" ""Tom is."""
			一群人聚集在现场。		A crowd gathered at the scene.
			一条狗被卡车碾过。		A dog was run over by a truck.
			蒼蠅能在天花板上走。		A fly can walk on the ceiling.
			他们都是好老师。		All of them are good teachers.
			已展開調查。		An investigation was launched.
			你害怕被解雇吗？		Are you afraid of being fired?
			你害怕被炒鱿鱼吗？		Are you afraid of being fired?
			你在找什么吗？		Are you looking for something?
			您在找什么吗？		Are you looking for something?
			你确定他们可以干这个吗？		Are you sure they can do this?
			算数处理数字。		Arithmetic deals with numbers.
			你如果有疑问，就问汤姆吧。		Ask Tom if you have any doubt.
			在家里，我们只说法语。		At home, we speak only French.
			观察鸟类是个很好的业余爱好。		Bird watching is a nice hobby.
			我今晚可以借一下你的车吗？		Can I borrow your car tonight?
			我能把这个东西带到飞机上吗？		Can I carry this on the plane?
			小孩和酒鬼不撒谎。		Children and drunks don't lie.
			出去的时候把门关上。		Close the door when you leave.
			我可以借你的灰色西装吗？		Could I borrow your gray suit?
			能给我带一点水来吗？		Could you bring me some water?
			您能把收音机开小声一点吗？		Could you turn down the radio?
			把错误的单词划掉。		Cross out the incorrect words.
			划掉错误的单词。		Cross out the incorrect words.
			汤姆又弄坏了什么东西吗？		Did Tom break something again?
			你去过超市了吗？		Did you go to the supermarket?
			你昨天打网球了吗？		Did you play tennis yesterday?
			您参观过东京塔吗？		Did you visit the Tokyo Tower?
			汤姆和玛丽一起工作吗？		Do Tom and Mary work together?
			你在私立学校读书吗？		Do you go to a private school?
			您有日本啤酒吗？		Do you have any Japanese beer?
			你知道去哪找汤姆吗？		Do you know where to find Tom?
			你觉得汤姆是不是太嫩了？		Do you think Tom is too young?
			你觉着有外星人存在吗？		Do you think there are aliens?
			你要蘋果還是桃子？		Do you want apples or peaches?
			你想吃点午饭吗？		Do you want to get some lunch?
			别犯傻。我做不到。		Don't be silly. I can't do it.
			别麻烦保安了。		Don't bother calling security.
			永远别再提它了。		Don't ever mention that again.
			别忘了带个相机。		Don't forget to take a camera.
			不要忘記你放在哪裡。		Don't forget where you put it.
			不要插手我的事。		Don't interfere in my affairs.
			不要讓水一直流。		Don't leave the water running.
			别老依赖别人。		Don't rely too much on others.
			别跟我说你不知道。		Don't tell me you didn't know.
			英格兰为她的诗人感到自豪。		England is proud of her poets.
			所有人除了汤姆都吃了比萨。		Everyone except Tom ate pizza.
			请问，你在做什么？		Excuse me, what are you doing?
			请问鸡蛋在哪里？		Excuse me, where are the eggs?
			不好意思，请问鸡蛋在哪儿？		Excuse me. Where are the eggs?
			填上你的姓名和地址。		Fill in your name and address.
			鱼类是冷血动物。		Fish are cold-blooded animals.
			放風箏可以是危險的。		Flying kites can be dangerous.
			开始很难。		Getting started was difficult.
			把那幅画挂到墙上。		Hang that picture on the wall.
			你已经吃晚饭了吗？		Have you already eaten supper?
			你喝完咖啡了吗？		Have you finished your coffee?
			你全都给汤姆了吗？		Have you given Tom everything?
			他昨天到了东京。		He arrived in Tokyo yesterday.
			他要了水喝。		He asked for a drink of water.
			他问我买了什么。		He asked me what I had bought.
			他開始吃他的早餐了。		He began to eat his breakfast.
			他買給我一本新字典。		He bought me a new dictionary.
			他可以为自己的父亲而骄傲。		He can be proud of his father.
			他入住了一間很好的旅館。		He checked in at a good hotel.
			他选每个词都深思熟虑。		He chose every word with care.
			他没给我多少建议。		He didn't give me much advice.
			他不再住在這裡了。		He doesn't live there anymore.
			他用毛巾弄干自己。		He dried himself with a towel.
			他給這隻狗一些肉。		He gives some meat to the dog.
			他得到了比我们还高的分数。		He got a better score than us.
			他刚好准时到校。		He got to school just in time.
			他银行里有点钱。		He has some money in the bank.
			他是一位专职牙医。		He is a dentist by profession.
			他是我太太认识的一个人。		He is acquainted with my wife.
			他總是要錢。		He is always asking for money.
			他比任何人都好。		He is better than anyone else.
			他可能又遲到了。		He is likely to be late again.
			他明显在撒谎。		He is lying through his teeth.
			他敲了敲緊閉的門。		He knocked on the closed door.
			他知道怎么玩棒球。		He knows how to play baseball.
			自那以后他便过起了艰难的生活。		He led a hard life after that.
			他喜欢旅行。我也是。		He likes to travel. I do, too.
			他使他儿子成了个有钱人。		He made his son a wealthy man.
			他讓我違背了我的意願。		He made me go against my will.
			他搬到了我家附近。		He moved into my neighborhood.
			他一定是錯過了這班火車。		He must have missed the train.
			他再也没见过他爸。		He never saw his father again.
			他常常在那裡吃早餐。		He often eats breakfast there.
			他晚飯經常吃魚。		He often eats fish for dinner.
			他常常載我去兜風。		He often takes me for a drive.
			他参加辩论		He participated in the debate.
			他停下来抽根烟。		He paused to have a cigarette.
			他整天打網球。		He played tennis all day long.
			他小提琴拉得很好。		He plays the violin very well.
			他摆出一副无辜的样子。		He put on an air of innocence.
			他每天都在公园中跑步。		He runs in the park every day.
			现在他应该已经到了。		He should have arrived by now.
			他看到我的时候和我说话。		He spoke to me when he saw me.
			他住在他舅妈家。		He stayed at his aunt's house.
			他在大学修读历史。		He studies history at college.
			子承父业。		He substituted for his father.
			他突然變得非常開心。		He suddenly became very happy.
			他每天早上都散步。		He takes a walk every morning.
			他以为什么都知道。		He thinks he knows everything.
			他打了个车去车站。		He took a taxi to the station.
			他被那个女人吸引住了。		He was attracted to the woman.
			他忙於做功課。		He was busy with his homework.
			他当时一个人在家。		He was home alone at the time.
			他出席了会议。		He was present at the meeting.
			他昨晚在看電視。		He was watching TV last night.
			他星期一去了紐約。		He went to New York on Monday.
			他六点左右要给我打电话。		He will call for me about six.
			他会继承王位。		He will succeed to the throne.
			他是我哥哥的朋友。		He's a friend of my brother's.
			他对什么都感好奇。		He's curious about everything.
			虽然他很有钱，但他不幸福。		He's rich, but he's not happy.
			他很有钱，但不幸福。		He's rich, but he's not happy.
			他穿着上很不讲究。		He's very sloppy in his dress.
			她的房子在河的另一边。		Her house is across the river.
			她的想法比你的好。		Her idea is better than yours.
			她的演说感动了听众。		Her speech moved the audience.
			这是个没有柄的平锅。		Here is a pan without handles.
			他的建議不算什麼。		His advice counted for little.
			他的建议完全没用。		His advice didn't help at all.
			他的脸上满是泥。		His face was covered with mud.
			他的演讲持续了三个小时。		His speech lasted three hours.
			他的叔叔五年前去世了。		His uncle died five years ago.
			马比鹿强。		Horses are stronger than deer.
			我们去电影院怎么样？		How about going to the movies?
			你打算怎麼回家？		How are you going to get home?
			你怎么画这幅画？		How did you draw this picture?
			你想怎麼剪你的頭髮？		How do you want your hair cut?
			你的姓氏怎么写？		How is your last name written?
			那持续了多久了？		How long has it been going on?
			雨会下多久？		How long will this rain go on?
			你有多少兄弟？		How many brothers do you have?
			你跟多少人说了？		How many people have you told?
			這副眼鏡多少錢？		How much did the glasses cost?
			你投资多少？		How much do you have invested?
			请问这个手帕多少钱？		How much is this handkerchief?
			明年你会是几岁？		How old will you be next year?
			昨天的会议怎么样？		How was the meeting yesterday?
			您的牛排要几分熟？		How would you like your steak?
			没有空气，人无法存在。		Humans can't live without air.
			我是这个学校的学生。		I am a student of this school.
			我很高興有她的陪伴。		I am glad to have her company.
			我周日从来都不在家。		I am never at home on Sundays.
			我感謝您的合作。		I appreciate your cooperation.
			我穿著我的睡衣吃早餐。		I ate breakfast in my pajamas.
			我穿著睡衣吃早飯。		I ate breakfast in my pajamas.
			我在陽臺上吃的早飯。		I ate breakfast on my balcony.
			我买了一支钢笔，但我把它丢了。		I bought a pen, but I lost it.
			我弄断了我吉他的一根弦。		I broke a string on my guitar.
			除了洋葱我什么都可以吃。		I can eat anything but onions.
			我看你擅长做这事。		I can see you're good at this.
			我付不起這麼多錢。		I can't afford to pay so much.
			我受不了他的視線。		I can't bear the sight of him.
			我不敢相信汤姆亲了我。		I can't believe Tom kissed me.
			我到處找不到鑰匙。		I can't find my keys anywhere.
			我網球打的不是很好。		I can't play tennis very well.
			我决定不去欧洲了。		I decided not to go to Europe.
			我做了很蠢的事。		I did something really stupid.
			我没让汤姆来这里。		I didn't ask Tom to come here.
			起初我不相信他。		I didn't believe him at first.
			我没听到您的姓。		I didn't catch your last name.
			我不知道她结婚了。		I didn't know she was married.
			我不想很早起床。		I didn't want to get up early.
			我没想吓唬你。		I didn't want to surprise you.
			我再也不相信他了。		I do not trust him any longer.
			我没有总是这样做。		I don't always do it that way.
			我对此毫不怀疑。		I don't doubt it in the least.
			我在這裡感到不舒服。		I don't feel comfortable here.
			我不高兴看电视。		I don't feel like watching TV.
			我不用打扫房间。		I don't have to clean my room.
			我人生地不熟的。		I don't know many people here.
			不知道他什么时候来。		I don't know when he's coming.
			我一点都不喜欢这个城市。		I don't like this city at all.
			我不需要談論它。		I don't need to talk about it.
			我特别不喜欢她。		I don't particularly like her.
			我网球打得不那么好。		I don't play tennis that well.
			我觉得这不是真的。		I don't think this is correct.
			我一点法语都不懂。		I don't understand any French.
			我现在不想吃午饭。		I don't want to eat lunch now.
			我不想不通过考试。		I don't want to fail my exams.
			我不想挂科。		I don't want to fail my exams.
			我不想不及格。		I don't want to fail my exams.
			我不想落榜。		I don't want to fail my exams.
			我不想考试失败。		I don't want to fail my exams.
			我不想错过我的火车。		I don't want to miss my train.
			我不想错过考试。		I don't want to miss the exam.
			我不想辞去这份工作。		I don't want to quit this job.
			我不想谈论这个问题。		I don't want to talk about it.
			我明天不想上班。		I don't want to work tomorrow.
			我不再写信了。		I don't write letters anymore.
			我每天早上吃早餐。		I eat breakfast every morning.
			我每周吃肉三次。		I eat meat three times a week.
			我给他解释了这件事。		I explained the matter to him.
			我把剩下的东西给我的狗吃。		I fed the leftovers to my dog.
			我給了我妹妹一本字典。		I gave my sister a dictionary.
			我下一站下车。		I get off at the next station.
			我每天都从那座教堂前经过。		I go by that church every day.
			我每隔一天去購物。		I go shopping every other day.
			我每周都去看电影。		I go to the movies every week.
			我的英文成績很好。		I got a good grade in English.
			我的英文得到了好成績。		I got a good grade in English.
			我今天收到了她的信。		I got a letter from her today.
			我被很多的蚊子叮了。		I got a lot of mosquito bites.
			我拿到了他還給我的錢。		I got the money back from him.
			那天早上我五點起床。		I got up at five that morning.
			我早上很早起床。		I got up early in the morning.
			昨晚，我做了个好梦。		I had a good dream last night.
			我昨晚睡得很好。		I had a good sleep last night.
			我曾希望在那裡遇見你。		I had hoped to meet you there.
			我学日語有困難。		I have difficulty in Japanese.
			我有些事。		I have things to take care of.
			我必须要买圣诞礼物了。		I have to buy Christmas gifts.
			我得去医院。		I have to get to the hospital.
			我现在必须去开会。		I have to go to a meeting now.
			我不得不一整天都待在床上。		I have to stay in bed all day.
			我必須再考一次試。		I have to take the test again.
			我聽說他賣掉了房子。		I hear that he sold his house.
			我听到电话响了。		I heard the telephone ringing.
			我希望没打扰到你吧？		I hope I'm not disturbing you.
			我希望你很健康。		I hope that you are very well.
			我想你快点好。		I hope you'll get better soon.
			我希望你弟弟好点了。		I hope your brother is better.
			我只是不想失去你。		I just don't want to lose you.
			我只想跟汤姆说话。		I just wanted to speak to Tom.
			我知道汤姆是什么意思。		I knew exactly what Tom meant.
			我知道她一直很忙。		I know that she has been busy.
			我知道你盡力了。		I know that you did your best.
			我知道你要說不。		I know you're going to say no.
			我知道你不舒服。		I know you're not comfortable.
			我和你哥哥很熟。		I know your brother very well.
			我学会了不靠她生活。		I learned to live without her.
			我比我的妹妹早離開。		I left earlier than my sister.
			他有他的缺点，但是我爱他。		I love him despite his faults.
			我要他提行李箱。		I made him carry the suitcase.
			我自己做了决定。		I made the decision by myself.
			我决定去那里。		I made up my mind to go there.
			我在深夜遇見了她。		I met her late in the evening.
			我可能要迟到几分钟。		I might be a few minutes late.
			我一定是打錯號碼了。		I must've mistyped the number.
			我需要更经常地锻炼。		I need to exercise more often.
			我要知道你怎麼想。		I need to know what you think.
			我常常星期日去市中心。		I often go downtown on Sunday.
			我星期天经常去市中心。		I often go downtown on Sunday.
			我常常在週日打網球。		I often play tennis on Sunday.
			我經常和他去釣魚。		I often went fishing with him.
			我只想知道事实。		I only want to know the facts.
			我只想做好事。		I only wanted to do some good.
			我和我爸爸玩接球。		I played catch with my father.
			我在我的咖啡裡放了一些奶油。		I put some cream in my coffee.
			我真的搞不懂为什么。		I really can't figure out why.
			我後悔吃了那些牡蠣。		I regret eating those oysters.
			我記得寄了信。		I remember mailing the letter.
			我記得以前見到你。		I remember meeting you before.
			我说我会让她幸福的。		I said I would make her happy.
			我看见远处有灯光。		I saw a light in the distance.
			我看见他们胳膊挽着胳膊地走路。		I saw them walking arm in arm.
			我做事该果断。		I should stop procrastinating.
			我該早點回家。		I should've gone home earlier.
			我建议我们星期五出去玩。		I suggest we go out on Friday.
			我全心全意地支持你。		I support you whole-heartedly.
			我衷心感谢您。		I thank you with all my heart.
			我想我找到答案了。		I think I've found the answer.
			我觉得明天会很热。		I think it'll be hot tomorrow.
			我认为她是一个诚实的女人。		I think she's an honest woman.
			我觉得你真是让人大吃一惊。		I think you're really amazing.
			我去年上了一堂藝術課。		I took an art class last year.
			我相信他的执行能力。		I trust his executive ability.
			我以前每天在這裡游泳。		I used to swim here every day.
			我等了他一整天。		I waited for him all day long.
			我盡可能的走慢一點。		I walked as slowly as I could.
			我希望汤姆让玛丽完成。		I want Tom to let Mary finish.
			我要另一片面包。		I want another slice of bread.
			我想買這本字典。		I want to buy this dictionary.
			我想先吃點蛋糕。		I want to eat some cake first.
			我想乘地铁去。		I want to get there by subway.
			我想知道她去哪儿了。		I want to know where she went.
			我想知道他们在哪里。		I want to know where they are.
			我想知道他们在哪。		I want to know where they are.
			我要你離我遠一點		I want you to get off my back.
			我想讓你見見我的父母。		I want you to meet my parents.
			我本想去参加音乐会的。		I wanted to go to the concert.
			我被这情景吓到了。		I was frightened by the sight.
			她的作品給我留下了深刻印象。		I was impressed with her work.
			我出城度假了。		I was out of town on vacation.
			我是见汤姆的最后一个。		I was the last one to see Tom.
			我去公园散了步。		I went for a walk in the park.
			上週六我去購物。		I went shopping last Saturday.
			我搭公車和火車去那裡。		I went there by bus and train.
			今天早上我去了公园。		I went to a park this morning.
			我十分钟后有空。		I will be free in ten minutes.
			我希望我能停止打嗝。		I wish I could stop hiccuping.
			但願我長高一點。		I wish I were a little taller.
			我希望汤姆走开。		I wish Tom would just go away.
			我希望有一天去埃及。		I wish to visit Egypt someday.
			我不知道我能不能再做一次。		I wonder if I can do it again.
			我想知道她发生什么事了。		I wonder what happened to her.
			我想知道她的名字。		I would like to know her name.
			我記下了他的電話號碼。		I wrote down his phone number.
			我一周前已經買了。		I'd bought it the week before.
			我想有一天去国外。		I'd like to go abroad one day.
			我想和汤姆单独谈一谈。		I'd like to talk to Tom alone.
			我想試穿這件衣服。		I'd like to try on this dress.
			明天我一整天都有空。		I'll be free all day tomorrow.
			我明天带给你。		I'll bring it to you tomorrow.
			我明天把它带给你。		I'll bring it to you tomorrow.
			我晚点再来拿。		I'll come to pick it up later.
			我会开车送你去机场。		I'll drive you to the airport.
			我会开车送你们去机场。		I'll drive you to the airport.
			我再也不会跟你说话了。		I'll never speak to you again.
			我会去你家接你。		I'll pick you up at your home.
			我会带你到公交车站。		I'll take you to the bus stop.
			我会努力帮你找到他们。		I'll try to find them for you.
			我对这气候习惯了。		I'm accustomed to the climate.
			恐怕我必須說再見了。		I'm afraid I must say goodbye.
			我问你你在想什么。		I'm asking you what you think.
			我正在用手机打电话。		I'm calling from a cell phone.
			我今天早晨感觉良好。		I'm feeling good this morning.
			抓到小偷真是太好了。		I'm glad the thief was caught.
			我就要成为百万富翁了。		I'm going to be a millionaire.
			我要去拿一些牛奶。		I'm going to go get some milk.
			我去弄飲料給你。		I'm going to make you a drink.
			我会很想汤姆。		I'm going to miss Tom so much.
			我很感激汤姆所做的。		I'm grateful for what Tom did.
			我最近听说了不少。		I'm hearing that a lot lately.
			我不会再说这句话了。		I'm not going to say it again.
			我不是很擅長游泳。		I'm not very good at swimming.
			听到这样的消息我真的很难过。		I'm really sorry to hear that.
			我对你刮目相看了。		I'm seeing you in a new light.
			我很抱歉误会了您。		I'm sorry I misunderstood you.
			我在学习计算机科学。		I'm studying computer science.
			我患上了重感冒。		I'm suffering from a bad cold.
			我確定我以前見過他。		I'm sure I've seen him before.
			我确定汤姆会尽力去做。		I'm sure Tom will do his best.
			我很惊讶你竟然那么天真。		I'm surprised you're so naive.
			我一月份要参加考试。		I'm taking an exam in January.
			我厌倦吃快餐了。		I'm tired of eating fast food.
			我已經完成了這項工作。		I've already finished the job.
			我一直以您为荣。		I've always been proud of you.
			我一直为您骄傲。		I've always been proud of you.
			我一直都想去做。		I've always wanted to do that.
			我已经决定把我的头发剃了。		I've decided to shave my head.
			我控制住了。		I've got things under control.
			我听够你的谎话了。		I've had enough of your lying.
			我以前从没去过国外。		I've never been abroad before.
			我从没低估汤姆。		I've never underestimated Tom.
			我已经读过很多种类的书了。		I've read many kinds of books.
			如果我有钱了，我就出国。		If I were rich, I'd go abroad.
			如果您想知道，直接问就是了。		If you want to know, just ask.
			从某种意义上来说，她也是对的。		In a sense, she is right, too.
			印度是发展中国家。		India is a developing country.
			吃蟑螂安全吗？		Is it safe to eat cockroaches?
			这里附近有超市吗？		Is there a supermarket nearby?
			哪里有电话机？		Is there a telephone anywhere?
			您的孩子是男是女？		Is your child a boy or a girl?
			你做什么都无所谓。		It doesn't matter what you do.
			不關你的事。		It has nothing to do with you.
			和你无关。		It has nothing to do with you.
			说英语很有趣。		It is fun to speak in English.
			很快就要下雨了。		It is going to rain very soon.
			和她争辩是没用的。		It is no use arguing with her.
			再问他也没用。		It is no use asking him again.
			玩牌作弊是錯誤的。		It is wrong to cheat at cards.
			那个没你想象的那么难。		It isn't as hard as you think.
			这是一个十分愚蠢的决定。		It was a very stupid decision.
			以前比較好。		It was better in the old days.
			那只是部分的成功。		It was only a partial success.
			今天早上很冷。		It was very cold this morning.
			不久就要吃正餐了。		It'll soon be time for dinner.
			它的大小就像雞蛋。		It's about the size of an egg.
			大概三平方英里。		It's about three square miles.
			已經過了十點鐘了。		It's already past ten o'clock.
			調查進行中。		It's an ongoing investigation.
			騎摩托車很有趣。		It's fun to ride a motorcycle.
			每天都在變暖。		It's getting warmer every day.
			它对你的眼睛有害。		It's really bad for your eyes.
			现在很晚了，没法电联汤姆。		It's too late to call Tom now.
			日本不像加拿大那么大。		Japan is not as big as Canada.
			从这个问题开始吧。		Let's begin with this problem.
			让我们回到第三课。		Let's go back to lesson three.
			我们休息一会儿吧。		Let's take a rest for a while.
			去纽约旅行吧！		Let's take a trip to New York.
			去纽约吧！		Let's take a trip to New York.
			等到他回来吧。		Let's wait till he comes back.
			骗子们必须有好记性。		Liars must have a good memory.
			我跟你说话的时候看着我！		Look at me when I talk to you!
			查查你的字典。		Look it up in your dictionary.
			爱让世界转动。		Love makes the world go round.
			很多人依旧失踪。		Many people are still missing.
			玛丽的褐色眼睛很美。		Mary has beautiful brown eyes.
			玛丽在研究上成功了。		Mary succeeded in her studies.
			玛丽处理了膝盖的伤口。		Mary treated her wounded knee.
			願上帝保佑你的孩子。		May God protect your children.
			可能你应该放弃。		Maybe you should just give up.
			可能你工作得太拼命？		Maybe you're working too hard.
			大多数男生喜欢电脑游戏。		Most boys like computer games.
			昨晚我的自行车被偷了。		My bike was stolen last night.
			我的老闆要我加班。		My boss made me work overtime.
			我出生前，我父亲就死了。		My dad died before I was born.
			我的梦想是成为一名飞行员。		My dream is to become a pilot.
			我父亲给我买了一辆自行车。		My father bought me a bicycle.
			我的父親四年前去世了。		My father died four years ago.
			我的父親死於肺癌。		My father died of lung cancer.
			父亲让我洗汽车。		My father had me wash the car.
			我爸爸告诉我去哪儿。		My father told me where to go.
			我的手和腳都腫了。		My hands and legs are swollen.
			我的腿被那隻狗咬了。		My leg was bitten by that dog.
			我的看法跟你的不同。		My opinion differs from yours.
			我的想法和你的不一样。		My opinion differs from yours.
			我的钢笔不像你那支那么好。		My pen isn't as good as yours.
			我妹妹比你矮。		My sister is shorter than you.
			我妹妹很像我妈妈。		My sister resembles my mother.
			我儿子现在和我一样高了。		My son is now as tall as I am.
			我儿子在雨里玩。		My son is playing in the rain.
			没有人能逃过衰老。		No one can escape growing old.
			没人解得了这个谜题。		No one could solve the puzzle.
			没有人住在这栋楼里。		No one lives in that building.
			没有，我没有女朋友。		No, I don't have a girlfriend.
			老的犬可以学新的诡计。		Old dogs can learn new tricks.
			只有和平能够拯救世界。		Only peace can save the world.
			請安靜地關門。		Please close the door quietly.
			请每天喂一下狗。		Please feed the dog every day.
			请你给我一杯水。		Please give me a cup of water.
			請給我一杯水。		Please give me a cup of water.
			請告訴我你的想法。		Please tell me what you think.
			跑到山里躲起来。		Run and hide in the mountains.
			今年销售会翻番。		Sales should double this year.
			她相信他說的任何事。		She believes whatever he says.
			她向我们大声求助。		She called out to us for help.
			她離不開她的車。		She cannot do without her car.
			她自己煮晚餐了。		She cooked the dinner herself.
			她終於到達了酒店。		She finally reached the hotel.
			她忘了寄信。		She forgot to mail the letter.
			她把她所有的洋裝都送人。		She gave away all her dresses.
			她屈服於誘惑了。		She gave in to the temptation.
			她意味深長地看了我一眼。		She gave me a meaningful look.
			她搭上了去原宿的巴士。		She got on a bus for Harajuku.
			她在我到達之前去世了。		She had died before I arrived.
			她脾气有点坏。		She has a bit of a bad temper.
			她一直住在小樽。		She has always lived in Otaru.
			她沉迷于摇滚乐。		She is absorbed in rock music.
			她中文有进步。		She is progressing in Chinese.
			她知道怎麼游自由式。		She knows how to do the crawl.
			她清晨離開了。		She left early in the morning.
			她十分鐘前離家。		She left home ten minutes ago.
			她照顧孩子。		She looked after the children.
			她的衣服全部都是她自己做的。		She makes all her own clothes.
			她为了他的钱嫁给了他。		She married him for his money.
			她很快地打開了信。		She opened the letter quickly.
			她昨天来见我了。		She paid me a visit yesterday.
			她每天都弹钢琴。		She plays the piano every day.
			她假装是学生。		She pretended to be a student.
			她把他从烂泥中拽出来了。		She pulled him out of the mud.
			她把他推出窗户。		She pushed him out the window.
			她把鑰匙放在她的口袋裡。		She put the key in her pocket.
			她把錢存在銀行裡。		She put the money in the bank.
			她說他很英俊。		She said that he was handsome.
			她看到鏡子裡的自己。		She saw herself in the mirror.
			她照顧我的孩子。		She takes care of my children.
			她搭計程車到博物館。		She took a taxi to the museum.
			她翻了一页书。		She turned a page of her book.
			她迷上了视频。		She was absorbed in the video.
			她覺得有點累了。		She was feeling kind of tired.
			她昨天臥病在床。		She was sick in bed yesterday.
			她穿着一条很难看的裙子。		She was wearing an ugly dress.
			她出去買些食物了。		She went out to buy some food.
			她独自一人去了墨西哥。		She went to Mexico by herself.
			她是坐火車去上海的。		She went to Shanghai by train.
			她去了高須診所。		She went to the Takasu clinic.
			她会是他的好妻子。		She will make him a good wife.
			她一个月写一次信给我。		She writes to me once a month.
			她喜欢拍照片。		She's fond of taking pictures.
			她既没钱，也不出名。		She's neither rich nor famous.
			她真的很聪明，不是吗？		She's really smart, isn't she?
			周日她通常在家。		She's usually home on Sundays.
			請給我看看便宜一點的。		Show me a cheaper one, please.
			请把您的护照给我看一下。		Show me your passport, please.
			请给我看看您的护照。		Show me your passport, please.
			坐下来休息一会儿。		Sit down and rest for a while.
			斯拉夫语让我着迷。		Slavic languages fascinate me.
			有些人相信鬼。		Some people believe in ghosts.
			有人抓住了我的手臂。		Somebody caught me by the arm.
			有人把我鎖在這房間裡。		Someone locked me in the room.
			這裡有些事真怪。		Something's really weird here.
			抱歉，我没钱。		Sorry, I don't have any money.
			說英語很難。		Speaking English is difficult.
			留下来和我们一起喝酒吧。		Stay and have a drink with us.
			把郵票貼在信封上。		Stick a stamp on the envelope.
			游泳使腿部强健。		Swimming strengthens the legs.
			小心不要着凉。		Take care not to catch a cold.
			謝謝你一起和我跳舞。		Thank you for dancing with me.
			感謝您的邀請。		Thank you for your invitation.
			這起事件使他一舉成名。		That incident made him famous.
			我就是这么学会英语的。		That is how I learned English.
			那很開胃。		That really whets my appetite.
			那是场精彩的会议。		That was an excellent meeting.
			那时是那时，现在是现在。		That was then and this is now.
			问题就在这里。		That's where the problem lies.
			国会将在周二开会。		The Diet will meet on Tuesday.
			塞纳河穿越了巴黎。		The Seine flows through Paris.
			讨论最后变成了打架。		The argument ended in a fight.
			军队强迫他辞职。		The army forced him to resign.
			最好的理发师是同性恋。		The best hairdressers are gay.
			蜡烛自己灭了。		The candle went out by itself.
			日本的首都是东京。		The capital of Japan is Tokyo.
			這車不值得修了。		The car isn't worth repairing.
			布被染成鲜红。		The cloth was dyed bright red.
			这条裙子很适合你。		The dress suits you very well.
			萬事開頭難。		The first step is the hardest.
			這裡的食物不是很好。		The food isn't very good here.
			前途一片阴暗。		The future looked very gloomy.
			客人们在厨房。		The guests are in the kitchen.
			狮子在跟踪它的猎物。		The lion is stalking its prey.
			這頓飯讓他充饑解餓了。		The meal satisfied his hunger.
			会议明天就结束了。		The meeting will end tomorrow.
			老人咽下了最后一口气。		The old man breathed his last.
			這位老先生立了他的遗嘱。		The old man made out his will.
			患者现在处于深度昏迷状态。		The patient is in a deep coma.
			土壤被雨水冲走了。		The rain washed away the soil.
			羞怯的男孩呢喃地说出自己的名字。		The shy boy murmured his name.
			這名士兵痛苦地呻吟。		The soldier groaned with pain.
			学生们表演哈姆雷特。		The students performed Hamlet.
			太陽升出了地平線。		The sun rose over the horizon.
			這是值得探討的話題。		The topic is worth discussing.
			小镇充满了活力。		The town was full of activity.
			天气异常寒冷。		The weather is unusually cold.
			书桌上有一个苹果。		There is an apple on the desk.
			没有更多免费座位了。		There were no more free seats.
			桌子下面有一隻貓。		There's a cat under the table.
			借口是没用的。		There's no use making excuses.
			一刻也不浪費。		There's not a moment to waste.
			還是看不見盡頭。		There's still no end in sight.
			这些是我吃的药。		These are the medicines I use.
			這些容器是密封的。		These containers are airtight.
			这把剪刀剪不好。		These scissors don't cut well.
			这把剪刀不好使。		These scissors don't cut well.
			这把剪刀不好用。		These scissors don't cut well.
			這鞋不合我的腳。		These shoes don't fit my feet.
			他们根据情报采取行动。		They acted on the information.
			他们肯定会相恋的。		They are sure to fall in love.
			他们午饭吃了三明治。		They ate sandwiches for lunch.
			他们有一个非常漂亮的暖房。		They have a very nice veranda.
			他们坚持让他走。		They insist that he should go.
			他们分道而行。		They went their separate ways.
			他们一直闹笑话。		They were always making jokes.
			他们都是天真的孩子。		They're all innocent children.
			他们都是无辜的孩子。		They're all innocent children.
			這把椅子是用塑膠製成的。		This chair is made of plastic.
			这是我能为您做的。		This is what I can do for you.
			这是个很难解决的问题。		This problem is hard to solve.
			在这条河里游泳很安全。		This river is safe to swim in.
			这个学校有很多学生。		This school has many students.
			这个码对我来说太大了。		This size is too large for me.
			这个磁带录音机不是新的。		This tape recorder is not new.
			那些人在说法语。		Those men are speaking French.
			今天是我姊姊的生日。		Today is my sister's birthday.
			豆腐配清酒很合適。		Tofu goes well with good sake.
			汤姆让我把门关上。		Tom asked me to shut the gate.
			汤姆来这里和玛丽谈话。		Tom came here to talk to Mary.
			汤姆没法发动他的车。		Tom can't get his car started.
			汤姆确实有个麻烦的工作。		Tom certainly has a tough job.
			汤姆决定陪玛丽在一起。		Tom decided to stay with Mary.
			汤姆做了许多大事。		Tom did a lot of great things.
			汤姆昨天没去那里。		Tom didn't go there yesterday.
			汤姆没脱鞋。		Tom didn't take his shoes off.
			汤姆甚至不知道我的名字。		Tom doesn't even know my name.
			汤姆没穿鞋。		Tom doesn't have any shoes on.
			汤姆不想失去玛丽。		Tom doesn't want to lose Mary.
			汤姆忘了做作业。		Tom forgot to do his homework.
			汤姆给了我一些东西读。		Tom gave me something to read.
			汤姆没有动怒的理由。		Tom had no reason to be angry.
			汤姆有很友好的微笑。		Tom has a very friendly smile.
			汤姆绝没有敌人。		Tom has absolutely no enemies.
			汤姆掉进河里了。		Tom has fallen into the river.
			汤姆必须马上去做。		Tom has to do that right away.
			汤姆必须去医院。		Tom has to go to the hospital.
			汤姆是男人，我是女人。		Tom is a man, and I'm a woman.
			汤姆是个很有才华的作家。		Tom is a very talented writer.
			汤姆明天可能要赢了。		Tom is likely to win tomorrow.
			汤姆在找工作。		Tom is looking for a good job.
			汤姆在花园里站着。		Tom is standing in the garden.
			汤姆是我所知道的最有钱的家伙。		Tom is the richest guy I know.
			汤姆只是想引起你的注意。		Tom just wants your attention.
			汤姆喜欢坐在地上。		Tom likes to sit on the floor.
			汤姆找到了新工作。		Tom managed to find a new job.
			汤姆需要换换风景。		Tom needs a change of scenery.
			汤姆假装他是一名医生。		Tom pretended he was a doctor.
			汤姆把他的钱放在保险柜里。		Tom put his money in the safe.
			汤姆说他需要更多钱。		Tom said he needed more money.
			汤姆说他丢了钥匙。		Tom said that he lost his key.
			汤姆说他愿意帮忙。		Tom says he's willing to help.
			汤姆说它十分重要。		Tom says it's quite important.
			汤姆说，您什么都能修好。		Tom says you can fix anything.
			汤姆似乎是个诚实的人。		Tom seems to be an honest man.
			汤姆告诉我他很乐意帮助。		Tom told me he'd love to help.
			汤姆拿掉了他的婚戒。		Tom took his wedding ring off.
			汤姆想去澳大利亚。		Tom wanted to go to Australia.
			汤姆希望我加入他的团队。		Tom wants me to join his team.
			汤姆光着膀子。		Tom was stripped to the waist.
			汤姆会在这个下午离开。		Tom will leave this afternoon.
			汤姆将永远不会再回这儿了。		Tom will never come back here.
			汤姆明天回家。		Tom will return home tomorrow.
			汤姆不会整个早上都在这。		Tom won't be here all morning.
			汤姆很担心钱的问题。		Tom worries a lot about money.
			汤姆的回答很含糊不清。		Tom's answer was very evasive.
			明天我去买需要的东西。		Tomorrow I'll buy what I need.
			翻译划线部分。		Translate the underlined part.
			请来两杯茶和一杯咖啡。		Two teas and a coffee, please.
			進食前先洗手。		Wash your hands before eating.
			我们很高兴再次见到你。		We are happy to see you again.
			你回来的时候我们再说。		We can talk when you get back.
			我们无法辨别哪个更好。		We can't tell which is better.
			昨天下大雨。		We had a heavy rain yesterday.
			我们有一些令人鼓舞的消息。		We have some encouraging news.
			我们应该不惜代价避免战争。		We must avoid war at all cost.
			我们不能嘲笑穷人。		We must not laugh at the poor.
			我们在机场为她送行。		We saw her off at the airport.
			今年我们会盈利的。		We'll be profitable this year.
			我们下周会买辆新车。		We'll buy a new car next week.
			不管怎样，我们所有人都将死。		We're all going to die anyway.
			我们准备刷墙。		We're going to paint the wall.
			我们习惯熬夜。		We're used to staying up late.
			我们决定不开除你。		We've decided not to fire you.
			晚饭我们吃什么？		What are we having for supper?
			你在那里干什么？		What are you doing down there?
			你们这些家伙想去干什么？		What are you guys going to do?
			最近在干些什么？		What are you up to these days?
			你觉得我在干吗呢？		What do you think I was doing?
			这个你觉得怎样？		What do you think of this one?
			你不想让我们看见什么？		What don't you want us to see?
			你们到底对我做了什么？		What have you guys done to me?
			这人讲的我完全听不懂。		What he said was over my head.
			你们有什么菜？		What kind of food do you have?
			演出什么时候开始？		What time does the play begin?
			您几点下课？		What time does your class end?
			你表上是几点？		What time is it by your watch?
			比赛几点开始？		What time will the game start?
			你喜欢什么样的食物？		What type of food do you like?
			你给了他什么？		What was it that you gave him?
			你在波士顿做了什么？		What were you doing in Boston?
			大家在說什麼啊？		What's everyone talking about?
			最不一样的的是什么？		What's the biggest difference?
			今天天气怎么样？		What's the weather like today?
			你家電話號碼是多少？		What's your home phone number?
			你的新商店什么时候开张？		When does your new store open?
			你什么时候方便？		When is it convenient for you?
			你把鍋鏟放在哪裡？		Where do you keep the spatula?
			你今天想去哪儿呀？		Where do you want to go today?
			您在哪儿看电视？		Where do you watch television?
			日本大使館在哪裡？		Where is the Japanese Embassy?
			最近的藥店在哪裡？		Where's the nearest drugstore?
			今晚谁发言？		Who is going to speak tonight?
			信是写给谁的？		Who was the letter written to?
			那本小說的作者是誰呢？		Who's the author of the novel?
			你为什么不和我们一起来？		Why aren't you coming with us?
			你为什么想成为护士呢？		Why do you want to be a nurse?
			为什么不尝尝寿司？		Why don't you have some sushi?
			为什么我要向你道歉？		Why should I apologize to you?
			你要用走的還是搭公車？		Will you go on foot or by bus?
			可否请你现在让我走？		Will you please let me go now?
			您愿意跟我换座位吗？		Will you switch seats with me?
			這裡製造的葡萄酒非常有名。		Wine made here is very famous.
			你想要糖和奶吗？		Would you like sugar and milk?
			你介意跟我一起来吗？		Would you mind coming with me?
			是的，今天晚上很愉快。		Yes, it's such a nice evening.
			你我之间需要来场谈话。		You and I need to have a talk.
			你和他都很友好。		You and he are both very kind.
			你可以坐你想坐的任何地方。		You can sit anywhere you want.
			你要是願意就留在這裡。		You can stay here if you like.
			晚餐之後你才可以看電視。		You can watch TV after supper.
			你不能指望他们的帮助。		You can't count on their help.
			你不信任汤姆，对吗？		You don't believe Tom, do you?
			你的手帕掉了。		You dropped your handkerchief.
			你们这些家伙真不懂事。		You guys are totally clueless.
			你必须独立完成。		You have to do it by yourself.
			你什么都没问我。		You haven't asked me anything.
			你喜欢坐哪儿就坐哪儿。		You may sit wherever you like.
			您必须弥补损失。		You must make up for the loss.
			你必须弥补损失。		You must make up for the loss.
			你必须注意他。		You must pay attention to him.
			你讓我想起你的兄弟。		You remind me of your brother.
			你应该更明智一点。		You should be more reasonable.
			您应该马上做。		You should do that right away.
			你应该离汤姆远点儿。		You should stay away from Tom.
			您该告诉他真相。		You should tell him the truth.
			你该告诉他真相。		You should tell him the truth.
			你不该取笑汤姆。		You shouldn't make fun of Tom.
			你不该浪费你的时间。		You shouldn't waste your time.
			你今天最好不要出門。		You'd better not go out today.
			你最好不要熬夜。		You'd better not stay up late.
			你滑雪比我好。		You're a better skier than me.
			你正在把我杯子里的东西喝掉。		You're drinking out of my cup.
			你不再只是一个孩子了。		You're no longer a mere child.
			你并不满意，对吧？		You're not satisfied, are you?
			你是我最好的朋友之一。		You're one of my best friends.
			你病了，该休息了。		You're sick. You have to rest.
			你是我唯一的朋友。		You're the only friend I have.
			你的椅子和我的很像。		Your chair is similar to mine.
			你的家人在等你。		Your family's waiting for you.
			你的舉止不是很好。		Your manners aren't very good.
			你的禮貌不是很好。		Your manners aren't very good.
			一股寒流侵袭了欧洲。		A cold front swept over Europe.
			一棵倒下的树挡住了通道。		A fallen tree blocked the path.
			我有種奇怪的感覺。		A strange feeling came over me.
			颱風正接近日本。		A typhoon is approaching Japan.
			实际上，我非常无聊。		Actually, it was pretty boring.
			儿童免费入场。		Admission is free for children.
			我唯一想做的是去釣魚。		All I want to do is go fishing.
			他只顾自己的利益。		All he thinks about is himself.
			我所有的尝试都失败了。		All of my attempts have failed.
			你要做的只是坐在这儿。		All you have to do is sit here.
			胃裡如同千軍萬馬開過。		An army marches on its stomach.
			一个丑男人敲了我的门。		An ugly man knocked on my door.
			您是老师，还是学生？		Are you a teacher or a student?
			你今天去不去健身房？		Are you going to the gym today?
			你对政治感兴趣吗？		Are you interested in politics?
			对于我，我不反对。		As for me, I have no objection.
			一开始，我以为我病了。		At first, I thought I was sick.
			小心不要感冒了。		Be careful not to catch a cold.
			小心地滑。		Be careful. It's slippery here.
			蜜蜂螫人可以是非常痛苦的。		Bee stings can be very painful.
			啤酒瓶是玻璃做的。		Beer bottles are made of glass.
			汤姆和玛丽两个人都会说法语。		Both Tom and Mary speak French.
			我的两个姐妹都结婚了。		Both of my sisters are married.
			我總想不出什麼好點子。		Bright ideas never occur to me.
			请把报纸拿来给我。		Bring me the newspaper, please.
			今晚给汤姆和玛丽打电话。		Call Tom and Mary this evening.
			你需要我帮忙吗？		Can I be of any service to you?
			我能帮你什么忙吗？		Can I be of any service to you?
			有人能发这个词的音吗？		Can anyone pronounce this word?
			你周日晚上能来吗？		Can you come on Sunday evening?
			您能教我下国际象棋吗？		Can you teach me to play chess?
			你能辨别小麦和大麦吗？		Can you tell wheat from barley?
			我们能去别的地方谈谈吗？		Could we go somewhere and talk?
			可否劳驾你帮我个忙？		Could you please do me a favor?
			乌云是下雨的征兆。		Dark clouds are a sign of rain.
			你說不定知道他的名字？		Do you happen to know his name?
			你有一个固定的男朋友吗？		Do you have a steady boyfriend?
			你得在星期天工作吗？		Do you need to work on Sundays?
			你为你的工作感到自豪吗？		Do you take pride in your work?
			你以为我造钱啊？		Do you think I'm made of money?
			你想要什么喝的吗？		Do you want something to drink?
			你想知道我看见什么了吗？		Do you want to know what I see?
			您想知道为什么我要离开吗？		Do you want to know why I quit?
			不要被外貌蒙蔽了。		Don't be fooled by appearances.
			不要把欲望和爱情混为一谈。		Don't confuse desire with love.
			不要忘了寄這封信。		Don't fail to mail this letter.
			不要忘記簽上你的名字。		Don't forget to sign your name.
			别只顾着哭，做些什么啊！		Don't just whine, do something!
			别让汤姆躺在地板上。		Don't let Tom lie on the floor.
			不要插手我的私生活。		Don't pry into my private life.
			不要在陽光下逗留太久。		Don't stay in the sun too long.
			不要踩在碎玻璃上。		Don't step on the broken glass.
			别用机翻。		Don't use computer translation.
			英語是一種日耳曼語。		English is a Germanic language.
			在新加坡的人說英語。		English is spoken in Singapore.
			英語是被許多人使用。		English is used by many people.
			除了我，每个人都受到了邀请。		Everyone except me was invited.
			这里每一个人都害怕你。		Everyone here is afraid of you.
			大家都說我是錯的。		Everyone said that I was wrong.
			恐惧很快变成愤怒。		Fear quickly turned into anger.
			尽管提问。		Feel free to ask any questions.
			給我三片鮭魚肉。		Give me three pieces of salmon.
			金子比水重得多。		Gold is far heavier than water.
			你梦见过我吗？		Have you ever dreamed about me?
			你剃过腿毛吗？		Have you ever shaved your legs?
			你解开谜团了吗？		Have you worked the puzzle out?
			他總是跟她站在同一邊。		He always takes sides with her.
			他總是支持她。		He always takes sides with her.
			鈴響後他就到了。		He arrived after the bell rang.
			他要求她稍後打電話給他。		He asked her to call him later.
			他越来越有名了。		He became more and more famous.
			他有能力比我做得更好。		He can do it better than I can.
			他很难写他的名字。		He can scarcely write his name.
			他不接受我的道歉。		He did not accept my apologies.
			他不同意我的建議。		He didn't agree to my proposal.
			他没听见有人叫他的名字。		He didn't hear his name called.
			他不知道下一步要做什麼。		He didn't know what to do next.
			他没有留下痕迹就消失了。		He disappeared without a trace.
			他消失了，不留一丝踪迹。		He disappeared without a trace.
			他一點也不懂英語。		He doesn't know English at all.
			他喝了三瓶啤酒。		He drank three bottles of beer.
			昨晚他来找过我。		He dropped in on me last night.
			他覺得他的心跳加速。		He felt his heart beating fast.
			他在下一站下車了。		He got off at the next station.
			他把他的襪子穿反了。		He had his socks on inside out.
			他将袜子的里外穿反了。		He had his socks on inside out.
			他找工作不走運。		He had no luck in finding work.
			他不幸找不到工作。		He had no luck in finding work.
			他精通英文。		He has a good grasp of English.
			他已經死了十年。		He has been dead for ten years.
			他以前曾在北海道。		He has been in Hokkaido before.
			他把自己藏在門後面。		He hid himself behind the door.
			他的头撞倒了一块岩石。		He hit his head against a rock.
			他不顧他父親的忠告。		He ignored his father's advice.
			他是一位著名的棒球選手。		He is a famous baseball player.
			他为自己的利益行事。		He is acting on his own behalf.
			他怕自己的影子。		He is afraid of his own shadow.
			他是个胆小鬼。		He is afraid of his own shadow.
			他總是忘記事情。		He is always forgetting things.
			他面臨著許多困難。		He is facing many difficulties.
			他经常翘课。		He is often absent from school.
			他是世界上最有錢的人。		He is the richest man on earth.
			失败的责任在他。		He is to blame for the failure.
			他不打算买一个摄像机。		He isn't going to buy a camera.
			他不在这儿，因为他病了。		He isn't here because he's ill.
			他讓我等了整整一上午。		He kept me waiting all morning.
			他一转眼就跑了。		He left in the blink of an eye.
			他喜欢地理和历史。		He likes geography and history.
			他把門漆成了白色。		He painted the door over white.
			他每天在家練習。		He practiced every day at home.
			他按下了緊急按鈕。		He pushed the emergency button.
			他把包放在桌子下面。		He put his bag under the table.
			他和他弟弟吵了起来。		He quarrelled with his brother.
			他很少週日待在家裡。		He rarely stays home on Sunday.
			他救了一个溺水的男孩。		He rescued a boy from drowning.
			他說你最好去。		He said that you had better go.
			他很少写信给他父亲。		He seldom writes to his father.
			他和他的朋友握手。		He shook hands with his friend.
			他停下来好穿鞋。		He stopped to put on his shoes.
			他試了試在地板上睡覺。		He tried to sleep on the floor.
			昨天他拜訪了他的叔叔。		He visited his uncle yesterday.
			他每天早晨溜狗。		He walks his dog every morning.
			他想在醫院工作。		He wants to work in a hospital.
			他是个很有野心的人。		He was a man of great ambition.
			他在澳大利亚长大。		He was brought up in Australia.
			他有做生意的經驗。		He was experienced in business.
			他被迫加班。		He was forced to work overtime.
			他被卷进了是非中。		He was involved in the trouble.
			他伤了肩膀。		He was wounded in the shoulder.
			他穿中式服裝。		He wears Chinese-style clothes.
			最後笑的人，才是笑得最得意的人。		He who laughs last laughs best.
			他周一到周五上班。。		He works from Monday to Friday.
			他跟我在這間辦公室一起工作。		He works with me at the office.
			他是个富有才能的年轻导演。		He's a talented young director.
			他很怕出错。		He's afraid of making mistakes.
			他星期一總是在家。		He's always at home on Mondays.
			他星期日總是在家裡。		He's always at home on Sundays.
			他坐在一张空桌旁。		He's sitting at an empty table.
			她的頭髮長而美麗。		Her hair is long and beautiful.
			她的母親敲門。		Her mother knocked on the door.
			他的医生命令他休息。		His doctor ordered him to rest.
			他的主意总是可行的。		His ideas are always practical.
			他的方法不科学。		His methods are not scientific.
			他的新小說值得一讀。		His new novel is worth reading.
			他悲伤的故事触动了我的心。		His sad story touched my heart.
			他太太来自于加利福尼亚州。		His wife comes from California.
			出去吃晚餐如何？		How about going out for dinner?
			我要怎麼解釋？		How am I going to explain this?
			你的周末是怎么过的？		How did you spend your weekend?
			这个词怎么发音？		How do you pronounce this word?
			那个词用意大利语怎么说？		How do you say that in Italian?
			你到底是怎么做的？		How in the world did you do it?
			你来这里多久了？		How long have you been in here?
			有几个小孩受伤了？		How many children were injured?
			你会几种语言？		How many languages do you know?
			這些香蕉多少錢？		How much do these bananas cost?
			那辆山地车多少钱？		How much is that mountain bike?
			这台电脑你用多少钱买的？		How much was your new computer?
			你多久餵一次魚。		How often do you feed the fish?
			它们什么时候能被送到？		How soon can they be delivered?
			我同意你這一點。		I agree with you on this point.
			我星期日總是在家。		I am always at home on Sundays.
			我明年要去夏威夷。		I am going to Hawaii next year.
			我贊成你的建議。		I am in favor of your proposal.
			我確定他是錯的。		I am positive that he is wrong.
			抱歉，我不是本地人。		I am sorry. I am not from here.
			我是据我所知最懒的人。		I am the laziest person I know.
			我叫汤姆弹吉他。		I asked Tom to play the guitar.
			我相信這是不必要的。		I believe this was unnecessary.
			我買了一瓶沙拉油。		I bought a bottle of salad oil.
			我今天買了一打鉛筆。		I bought a dozen pencils today.
			我十分能理解他。		I can understand him perfectly.
			我再也不相信任何人了！		I can't believe anyone anymore.
			我再也无法相信任何人了。		I can't believe anyone anymore.
			我完全不明白。		I can't make any sense of this.
			我不明白他想要什么。		I can't make out what he wants.
			我从这里什么也看不见。		I can't see anything from here.
			我不能再承受這種痛苦。		I can't take this pain anymore.
			我不能再忍受這種痛苦了。		I can't take this pain anymore.
			我抓到一隻漂亮的蝴蝶。		I caught a beautiful butterfly.
			我的手被门夹到了。		I caught my finger in the door.
			我再同意你不過了。		I couldn't agree with you more.
			我无法忍受看着她。		I couldn't bear to look at her.
			我照他说的做了。		I did it the way he told me to.
			我不知道他喝那么多酒。		I didn't know he drank so much.
			我不想冒犯任何人。		I didn't mean to offend anyone.
			我昨晚没睡好。		I didn't sleep well last night.
			我不是想要羞辱你。		I didn't want to humiliate you.
			我完全不赞成你的意见。		I do not agree with you at all.
			我不太想說話。		I don't feel much like talking.
			我周日不去学校。		I don't go to school on Sunday.
			我对她一无所知。		I don't know a thing about her.
			我不知道我不知道什么。		I don't know what I don't know.
			我不知道他什么时候会来。		I don't know when he will come.
			我不在意在六点钟起床。		I don't mind getting up at six.
			我不觉得汤姆会同意。		I don't think Tom will say yes.
			我觉得这主意不行。		I don't think it's a good idea.
			我不觉得他诚实。		I don't think that he's honest.
			我什么都不想喝。		I don't want anything to drink.
			我不想再次去那儿。		I don't want to go there again.
			我不想再失去你。		I don't want to lose you again.
			我不想读这本书。		I don't want to read this book.
			我不想等那么久。		I don't want to wait that long.
			我把我的财产托付给他。		I entrusted my property to him.
			我覺得我快昏倒了。		I feel like I'm going to faint.
			我感觉就像做梦一样。		I felt as if I were in a dream.
			这个夏天我胖了两公斤。		I gained two kilos this summer.
			我把她的字典還給她了。		I gave her her dictionary back.
			我把她的字典还给了她。		I gave her her dictionary back.
			我給了我弟弟一本字典。		I gave my brother a dictionary.
			我厌烦了他的长篇大论。		I got bored with his long talk.
			我下錯了車站。		I got off at the wrong station.
			我在錯誤的車站下車。		I got off at the wrong station.
			今天晚上我玩得很開心。		I had a good time this evening.
			我不知道汤姆不开心。		I had no idea Tom wasn't happy.
			我必須把文身去掉。		I had to get my tattoo removed.
			我痛恨恐怖主义组织。		I hate terrorist organizations.
			我有一只黑狗和一只白狗。		I have a black and a white dog.
			我有很多作业要做。		I have a lot of homework to do.
			我今天有輕微的頭痛。		I have a slight headache today.
			我认识她两年了。		I have known her for two years.
			我没有朋友一起玩。		I have no friends to play with.
			我没什么可依靠的了。		I have nothing to fall back on.
			我也有权讲话。		I have the right to speak, too.
			我每年必须来这里。		I have to come here every year.
			我必須找一份兼職工作。		I have to find a part-time job.
			我得找一份兼職工作。		I have to find a part-time job.
			我必须跟汤姆说晚安。		I have to say goodnight to Tom.
			我不能再拖延了。		I have to stop procrastinating.
			我还没开始做任何事。		I haven't started anything yet.
			我聽到我叔叔死於癌症的消息。		I hear my uncle died of cancer.
			我听说你弹钢琴。		I hear that you play the piano.
			我聽說你擅長烹飪。		I hear you are good at cooking.
			聽說你要搬去波士頓了。		I hear you're moving to Boston.
			我聽說挺好玩的。		I heard it was pretty exciting.
			我緊緊地抱著他哭。		I hugged him tightly and cried.
			我邀請我的朋友吃晚餐。		I invited my friends to dinner.
			我只是不想和汤姆结婚。		I just don't want to marry Tom.
			我就是不想嫁給你。		I just don't want to marry you.
			我就知道你会这么说。		I just knew you would say that.
			我知道汤姆有点担心。		I know Tom is a little worried.
			我知道汤姆对蜜蜂过敏。		I know Tom is allergic to bees.
			我知道谁住在这房子里。		I know who lives in this house.
			我把我的公事包留在公車上了。		I left my briefcase on the bus.
			我喜欢喝咖啡不加糖。		I like my coffee without sugar.
			我喜欢打网球和高尔夫球。		I like playing tennis and golf.
			我喜欢西瓜的味道。		I like the taste of watermelon.
			那天我丢了我的照相机。		I lost my camera the other day.
			我經常在週末去航海。		I often go sailing on weekends.
			我常常和她打網球。		I often played tennis with her.
			我高中时曾打网球		I played tennis in high school.
			我把水倒入了桶子裡。		I poured water into the bucket.
			我将水倒入了桶中。		I poured water into the bucket.
			那部小说我看了三天。		I read the novel in three days.
			我完全不认识那个女人。		I really don't know that woman.
			我真的需要把这都读了。		I really need to read all this.
			我騎了我的自行車去商店。		I rode my bicycle to the store.
			我看见他被警察逮捕。		I saw him caught by the police.
			我看到你開著你的新車。		I saw you driving your new car.
			我真該睡一覺了。		I should really get some sleep.
			我不该把我的房子卖了的。		I shouldn't have sold my house.
			这件事我实在不懂。		I simply don't understand this.
			我整天待在图书馆。		I spent all day in the library.
			我仍旧无法相信我居然做了这种事。		I still can't believe I did it.
			我还什么都没找到呢。		I still haven't found anything.
			我還住在我父親的房子裏。		I still live at my dad's place.
			我想我给汤姆打电话比较好。		I suppose I'd better phone Tom.
			我想他会很快回来的。		I suppose he will be back soon.
			我觉得我可以明天做这个。		I think I can do that tomorrow.
			我认为我们准备好了。		I think we're ready to do that.
			我觉得你的工作可以。		I think your work is all right.
			我以为汤姆会感到担心。		I thought Tom would be worried.
			我告诉了她应该做什么。		I told her what should be done.
			我是用刀切蛋糕的。		I used a knife to cut the cake.
			我通常在十點前上床睡覺。		I usually go to bed before ten.
			我星期天通常穿牛仔褲。		I usually wear jeans on Sunday.
			我依稀記得見過他。		I vaguely remember meeting him.
			我在一周前的今天拜訪了他。		I visited him a week ago today.
			我等我的一个朋友等了一小时。		I waited an hour for my friend.
			我一直走到火車站。		I walked as far as the station.
			我想喝點冷飲。		I want something cold to drink.
			我想喝冷飲。		I want something cold to drink.
			有一天我要去非洲。		I want to go to Africa someday.
			我要一杯咖啡。		I want to have a cup of coffee.
			我想告诉玛丽，我爱她。		I want to tell Mary I love her.
			我想你读一下这封信。		I want you to read this letter.
			我厌倦了他的老笑话。		I was bored with his old jokes.
			我在东京出生长大。		I was born and raised in Tokyo.
			我该去上学。		I was supposed to go to school.
			我担心他的健康。		I was worried about his health.
			我会找到你丢失的戒指。		I will find you your lost ring.
			我明天要去北海道。		I will go to Hokkaido tomorrow.
			我会让你提前知道。		I will let you know in advance.
			但願我可以買那把吉他。		I wish I could buy that guitar.
			我希望能够戒烟。		I wish I could give up smoking.
			我要是嫁给别人就好了。		I wish I'd married another man.
			我希望汤姆能在那里。		I wish Tom could've been there.
			我希望再爬一次上富士山。		I wish to climb Mt. Fuji again.
			下午我不在家。		I won't be home this afternoon.
			我一天又一天地给她写信。		I wrote her a letter every day.
			請給我靠窗口的位子。		I'd like a window seat, please.
			請給我靠走道的位子。		I'd like an aisle seat, please.
			我想和她去滑雪。		I'd like to go skiing with her.
			我要預約。		I'd like to make a reservation.
			我想用信用卡支付。		I'd like to pay by credit card.
			我有东西想给你看看。		I'd like to show you something.
			我想待一夜。		I'd like to stay for one night.
			我会尽快给你打电话的。		I'll call you as soon as I can.
			我会向你全部解释清楚的。		I'll explain everything to you.
			我要去買些巧克力。		I'll go and buy some chocolate.
			我要把这本书留给自己。		I'll keep that book for myself.
			我赌上我的名声。		I'll stake my reputation on it.
			我就当你夸我了。		I'll take that as a compliment.
			我还要等五分钟。		I'll wait another five minutes.
			我怕你没法跟她结婚。		I'm afraid you can't marry her.
			我此刻正忙著做飯。		I'm busy cooking at the moment.
			我要去换衣服。		I'm going to change my clothes.
			我要和汤姆去那里。		I'm going to go there with Tom.
			我明天要跟他見面。		I'm going to meet him tomorrow.
			我要去看恐怖電影。		I'm going to see a horror film.
			我要看看我能做甚麼。		I'm going to see what I can do.
			我对掌上阅读很感兴趣。		I'm interested in palm reading.
			我在找地方坐。		I'm looking for a place to sit.
			我不会表现出恐惧。		I'm not going to show any fear.
			我不确定确切的日期。		I'm not sure of the exact date.
			我在省钱买新车。		I'm saving up to buy a new car.
			不好意思，我没零钱。		I'm sorry, I don't have change.
			我開始同意你的想法了。		I'm starting to agree with you.
			我在学几门语言。		I'm studying several languages.
			我确信我们会找到解决办法的。		I'm sure we'll find a solution.
			我是必須去做這事的人。		I'm the one who has to do this.
			我很高興再次見到你。		I'm very glad to see you again.
			我等着你帮我。		I'm waiting for you to help me.
			我已经游览过澳大利亚了。		I've already visited Australia.
			我做完了所有必須做的事。		I've done everything necessary.
			我看完了这本书。		I've finished reading the book.
			我已經認識她很久了。		I've known her for a long time.
			我从没听说过这个演员。		I've never heard of this actor.
			我从没遇到过那么好心的男人。		I've never met such a kind man.
			我最近戒烟了。		I've recently given up smoking.
			如果我是你，我也会这么做。		If I were you, I'd do the same.
			如果你咬我，我就咬回来。		If you bite me, I'll bite back.
			纯真是一件美好的事。		Innocence is a beautiful thing.
			我现在进来方便么？		Is it OK for me to come in now?
			有你不能做的事吗？		Is there anything you can't do?
			這是去帕克里奇的巴士？		Is this the bus for Park Ridge?
			可能只是巧合。		It could be just a coincidence.
			他說的不重要。		It doesn't matter what he said.
			这真是我们该走的时候了。		It is really time for us to go.
			应该更谨慎地处理它。		It must be done more carefully.
			昨天不是很冷。		It was not very cold yesterday.
			到車站的路程很遠。		It's a long way to the station.
			有人死了的时候真是遗憾。		It's a pity when somebody dies.
			这是在浪费时间和金钱。		It's a waste of time and money.
			汤姆快该走了。		It's almost time for Tom to go.
			守住秘密很难。		It's difficult to keep secrets.
			天气越来越热。		It's getting hotter and hotter.
			天日渐回暖。		It's getting warmer day by day.
			今晚天气会变冷。		It's going to get cold tonight.
			深呼吸有益健康。		It's healthy to breathe deeply.
			你早该睡了。		It's high time you were in bed.
			在这停留，这不可能。		It's not possible to stop here.
			直接和我说我要做什么。		Just tell me what I have to do.
			你要想到你必须死。		Keep in mind that you must die.
			把錢保存在安全的地方。		Keep the money in a safe place.
			不要再把你的手肘放在桌子上了。		Keep your elbows off the table.
			京都不如大阪大。		Kyoto is not as large as Osaka.
			我们来讨论下明天吧。		Let's talk about this tomorrow.
			許多衛星繞著土星運行。		Many moons orbit around Saturn.
			许多人嫉妒汤姆的成功。		Many people envy Tom's success.
			有些人害怕婚姻。		Marriage frightens some people.
			玛丽对政治感兴趣。		Mary is interested in politics.
			玛丽穿了一条朴素的白裙子。		Mary wore a simple white dress.
			或许你就应该把汤姆开除掉。		Maybe you should just fire Tom.
			富士山被雪所覆蓋。		Mt. Fuji was covered with snow.
			我的兄弟已经成为了牧师。		My brother has become a priest.
			我的狗總是跟著我。		My dog goes everywhere with me.
			我家的狗經常躺在草地上。		My dog often lies on the grass.
			我父親騎自行車去上班。		My father goes to work by bike.
			我父親一點也不懂藝術。		My father is far from artistic.
			我父親住在鄉下。		My father lives in the country.
			我父親要我洗車。		My father made me wash the car.
			我的女朋友跳舞跳得很棒。		My girlfriend is a good dancer.
			我的祖父非常健康。		My grandfather is very healthy.
			我的祖父是警察。		My grandfather was a policeman.
			我的母亲只是默默地哭泣。		My mother did nothing but weep.
			我母親的筆跡很好看。		My mother has good handwriting.
			我的觀點和你的類似。		My opinion is similar to yours.
			我父母住在鄉下。		My parents live in the country.
			我的鞋比你的大。		My shoes are bigger than yours.
			我叔叔住在公寓裡。		My uncle lives in an apartment.
			我叔叔住在学校附近。		My uncle lives near the school.
			我妻子想收养一个孩子。		My wife wants to adopt a child.
			不，謝謝你。我已經吃飽了。		No, thank you. I've had enough.
			不是所有人都能当艺术家的。		Not everybody can be an artist.
			再来一步，你就死了！		One more step, and you're dead.
			我的其中一个行李不见了。		One of my suitcases is missing.
			只有你回答了这个问题。		Only you answered the question.
			我们队进了第一个球。		Our team scored the first goal.
			我们的游艇俱乐部里有十个会员。		Our yacht club has ten members.
			淡啤酒是一種酒精含量低的啤酒。		Pale ale is a low-alcohol beer.
			在出口處的收银台付款。		Pay the cashier on the way out.
			請給我一杯牛奶。		Please give me a glass of milk.
			請取回我乾洗的衣服。		Please pick up my dry cleaning.
			請告訴我下一步該做什麼。		Please show me what to do next.
			請讓我看看下一步該做什麼。		Please show me what to do next.
			請告訴我有關你旅行的事。		Please tell me about your trip.
			請告訴我一切都好。		Please tell me everything's OK.
			请把他所说的记录下来。		Please write down what he says.
			诺言就是用来打破的。		Promises are made to be broken.
			再往火裡添些木柴。		Put some more wood on the fire.
			把蛋放入沸水中。		Put the egg into boiling water.
			把钳子放在工具箱里。		Put the pliers in the tool box.
			覆盆子很貴。		Raspberries are very expensive.
			她就那件事给他提出建议。		She advised him on that matter.
			她问了怎么烧鱼。		She asked how to cook the fish.
			她问了我们好几个问题。		She asked us several questions.
			晚飯後她變得昏昏欲睡。		She became drowsy after supper.
			她用刀子切蘋果。		She cut the apple with a knife.
			她看见血就晕了。		She fainted when she saw blood.
			她英语成绩很好。		She gets good marks in English.
			她在英文上取得了很好的成績。		She got good grades in English.
			她的英文成績很好。		She got good grades in English.
			她在銀座搭乘了地鐵。		She got on the subway at Ginza.
			她最近增加了體重。		She has put on weight recently.
			她的密友很少。		She has very few close friends.
			她總是一身黑。		She is always dressed in black.
			她肯定会大吃一惊的。		She is certain to be surprised.
			她就是所谓的书虫。		She is what we call a bookworm.
			她养各种不同的宠物。		She kept various kinds of pets.
			她把她的手套留在車上了。		She left her gloves in the car.
			她喜欢去图书馆。		She likes going to the library.
			由于某些原因，她看起来很忧伤。		She looks blue for some reason.
			她把头发拍整齐了。		She patted her hair into place.
			她小提琴演奏得非常好。		She plays the violin very well.
			她星期日很少出門。		She rarely goes out on Sundays.
			她非常尊敬她的老师。		She respects her teacher a lot.
			她想到了一个好的解决办法。		She thought of a good solution.
			她拒绝了每一项提议。		She turned down every proposal.
			她过去的生活仅够糊口。		She used to live hand to mouth.
			她被警方逮捕了。		She was arrested by the police.
			她被他的笑容迷住了。		She was bewitched by his smile.
			她被安葬在她的家鄉。		She was buried in her hometown.
			她忙着编织。		She was busy with her knitting.
			她邊哭邊回答。		She was crying as she answered.
			她要哭出来了。		She was on the verge of crying.
			去年她离开了日本。		She was out of Japan last year.
			她搭計程車去博物館了。		She went to the museum by taxi.
			她不让我们知道真相。		She's hiding the truth from us.
			严禁吸烟。		Smoking is strictly prohibited.
			得有人做點事。		Somebody's got to do something.
			有一天，我会跑得像风一样快。		Someday I'll run like the wind.
			有人在敲門。		Someone's knocking at the door.
			西班牙语是她的母语。		Spanish is her native language.
			别找事，汤姆。		Stop looking for problems, Tom.
			停止愚弄你自己。		Stop making a fool of yourself.
			不要拖延去找工作的事。		Stop putting off finding a job.
			夏天总是闷热而又潮湿。		Summer is always hot and humid.
			星期天不是我的工作日。		Sunday is not a workday for me.
			我在星期日不工作。		Sunday is not a workday for me.
			夜里游泳很危险。		Swimming at night is dangerous.
			游泳锻炼肌肉。		Swimming develops your muscles.
			用你的手机拍一张照片。		Take a picture with your phone.
			謝謝您的合作。		Thank you for your cooperation.
			謝謝你的翻譯。		Thank you for your translation.
			謝謝您今晚的光臨。		Thanks for coming over tonight.
			那男孩儿来访过我家。		That boy used to drop in on me.
			那部电影很有意思。		That film's really interesting.
			那座山很容易爬。		That mountain is easy to climb.
			这只是偶发事件。		That only happens occasionally.
			假設得很大。		That's a pretty big assumption.
			军队镇压了叛乱。		The army quelled the rebellion.
			我爱的那个男孩不爱我。		The boy I love doesn't love me.
			汽車撞上了卡車。		The car crashed into the truck.
			車在門口等著。		The car is waiting at the gate.
			孩子们洗了他们的脚。		The children washed their feet.
			小屋干净又整洁。		The cottage was clean and tidy.
			乡间有很多树。		The countryside has many trees.
			这只狗跟着我到了我家。		The dog followed me to my home.
			狗坐在碗旁边。		The dog is sitting by the bowl.
			整个世界都需要和平。		The entire world desires peace.
			家裡人一起吃了晚飯。		The family ate dinner together.
			相關調查正在進行中。		The investigation is under way.
			法律有很多不明确的地方。		The law is full of ambiguities.
			狮子是万兽之王。		The lion is the king of beasts.
			那个杀人犯依然逍遥法外。		The murderer is still at large.
			凶手还没有抓到。		The murderer is still at large.
			飞机快要起飞了。		The plane is about to take off.
			警方拘留了他。		The police held him in custody.
			路正在建。		The road is under construction.
			天空变得越来越暗了。		The sky grew darker and darker.
			天空乌云密布。		The sky is full of dark clouds.
			太陽在晚上不亮。		The sun doesn't shine at night.
			太陽落到地平線下了。		The sun went below the horizon.
			这场谈话将要持续三天。		The talks will last three days.
			毛巾完全没起作用。		The towel wasn't useful at all.
			树木开始抽芽。		The trees are beginning to bud.
			两队打了场硬仗。		The two teams fought very hard.
			村里没通电。		The village has no electricity.
			游艇绕浮标航行。		The yacht sailed around a buoy.
			他们的婚礼将在明天举行。		Their wedding will be tomorrow.
			天花板上有洞。		There are holes in the ceiling.
			市中心有很多旅馆。		There are many hotels downtown.
			在墨西哥有很多貧民窟。		There are many slums in Mexico.
			天上没有云。		There are no clouds in the sky.
			盒子裡有一些蛋。		There are some eggs in the box.
			天上没有一片云。		There isn't a cloud in the sky.
			一个幸存者都没有。		There wasn't a single survivor.
			院子里的是狗屋。		There's a doghouse in the yard.
			我的房里有部电话。		There's a telephone in my room.
			我的房間裡有一支電話。		There's a telephone in my room.
			桌上有一只橙子。		There's an orange on the table.
			没必要叫出租车。		There's no need to hail a taxi.
			你的卧室里没有人。		There's no one in your bedroom.
			你头发上粘着什么东西。		There's something in your hair.
			这双鞋对我来说太大了。		These shoes are too big for me.
			他们对结果很满意。		They are happy with the result.
			他们正向森林而去。		They are making for the forest.
			他们告诉我这是你的错。		They told me it was your fault.
			这辆自行车需要修理。		This bike needs to be repaired.
			这个炸弹可以炸死很多人。		This bomb can kill many people.
			这张椅子很舒服。		This chair is very comfortable.
			这个沙发很舒服。		This couch is very comfortable.
			這本字典是我妹妹的。		This dictionary is my sister's.
			我看這不正常。		This doesn't seem normal to me.
			这狗屋是汤姆建的。		This doghouse was built by Tom.
			此事与我无关。		This has nothing to do with me.
			這家旅館是去年蓋的。		This hotel was built last year.
			这房子真漂亮。		This house is really beautiful.
			这是个开始的好地方。		This is a great place to start.
			這是我姊姊的照片。		This is a picture of my sister.
			这是一部科学幻想小说。		This is a science fiction book.
			这对你来说很难，对不对？		This is hard for you, isn't it?
			这是我住的房子。		This is the house where I live.
			這可能不是真的鑽石。		This may not be a real diamond.
			這可能不是一顆真的鑽石。		This may not be a real diamond.
			这药对你有好处。		This medicine will do you good.
			真是个惊喜！		This really is a nice surprise.
			这张桌子是木的。		This table is made out of wood.
			汤姆往炖菜里加了西兰花。		Tom added broccoli to the stew.
			汤姆和玛丽互相拥抱。		Tom and Mary hugged each other.
			汤姆从树上爬了下来。		Tom climbed down from the tree.
			汤姆本可以报警的。		Tom could've called the police.
			汤姆本可以叫警察的。		Tom could've called the police.
			汤姆没做解释。		Tom didn't give an explanation.
			汤姆没有提到他看见了玛丽。		Tom didn't mention seeing Mary.
			汤姆不知道为什么玛丽走了。		Tom doesn't know why Mary left.
			汤姆载玛丽去波士顿。		Tom gave Mary a ride to Boston.
			汤姆有一份出租车司机的工作。		Tom has a job as a taxi driver.
			汤姆一直都是单身汉。		Tom has always been a bachelor.
			汤姆很合作。		Tom has been quite cooperative.
			汤姆又改变了他的主意。		Tom has changed his mind again.
			汤姆必须再考。		Tom has to take the test again.
			汤姆讨厌鲱鱼味。		Tom hates the smell of herring.
			汤姆是玛丽的一个好朋友。		Tom is a good friend of Mary's.
			汤姆是法语母语者。		Tom is a native French speaker.
			汤姆是个专业的魔术师。		Tom is a professional magician.
			汤姆一定会准时来的。		Tom is certain to come on time.
			汤姆赤裸着上身。		Tom is naked from the waist up.
			汤姆和约翰关系很好。		Tom is on good terms with John.
			汤姆日夜兼程。		Tom is on the go day and night.
			汤姆正在服无期徒刑。		Tom is serving a life sentence.
			汤姆是镇里最好的理发师。		Tom is the best barber in town.
			汤姆是不是很烦人？		Tom is very annoying, isn't he?
			汤姆亲吻了玛丽的两颊。		Tom kissed Mary on both cheeks.
			汤姆很喜欢巧克力蛋糕。		Tom likes chocolate cake a lot.
			汤姆看起来很肯定。		Tom looked like he was certain.
			汤姆可能想让你帮他。		Tom might want you to help him.
			汤姆从来没完全恢复。		Tom never recovered completely.
			汤姆拥有两套房子和一只船。		Tom owns two houses and a boat.
			汤姆下国际象棋比我好。		Tom plays chess better than me.
			汤姆把钱包放在了桌子上。		Tom put his wallet on the desk.
			汤姆搜查了衣柜里面。		Tom searched inside the closet.
			汤姆应该有很多时间。		Tom should have plenty of time.
			汤姆本应该遵守规则。		Tom should've obeyed the rules.
			汤姆昨天和玛丽说话了。		Tom talked with Mary yesterday.
			汤姆告诉我他讨厌圣诞节。		Tom told me he hated Christmas.
			汤姆告诉我他会马上回来。		Tom told me he'd be right back.
			汤姆想让玛丽更努力地学习。		Tom wants Mary to study harder.
			汤姆不敢求助。		Tom was afraid to ask for help.
			汤姆惊讶得没有反应。		Tom was too surprised to react.
			汤姆见到我并没有惊讶。		Tom wasn't surprised to see me.
			汤姆去那里学法语。		Tom went there to learn French.
			汤姆不会让你进他的屋子。		Tom won't let you in his house.
			汤姆在车流中来回穿行。		Tom zigzagged between the cars.
			明天我得购物。		Tomorrow I have to go shopping.
			在十字路口右转。		Turn right at the intersection.
			两滴眼泪从她的脸颊滑落下来。		Two tears fell down her cheeks.
			战争不会使任何人幸福。		War doesn't make anybody happy.
			我们很遗憾没能帮助你们。		We are sorry we can't help you.
			我们别无选择。		We don't have any other choice.
			昨天下很多雨。		We had a lot of rain yesterday.
			去年冬天很暖和。		We had a mild winter last year.
			今晚我们有充分的时间。		We have plenty of time tonight.
			我们会帮你离开这里。		We have to get you out of here.
			我们没有足够的时间了。		We just don't have enough time.
			我们早餐做了煎饼。		We made pancakes for breakfast.
			我们用了一整天打扑克。		We played poker the entire day.
			轮到他时，我们故意跳过了他。		We skipped his turn on purpose.
			我们游览了所有主要城市。		We toured all the major cities.
			我们去年遇到了赤字。		We went into the red last year.
			我们上周去了海滩。		We went to the beach last week.
			我们几乎被冻死了。		We were nearly frozen to death.
			我们尽力了。		We've done everything possible.
			我们已竭尽所能。		We've done everything possible.
			我们不得不给你一点帮助了		We've got to get you some help.
			我们真的得加紧步伐了。		We've really got to step on it.
			穿你想穿的。		Wear whatever you want to wear.
			你上个夏季在波士顿吗？		Were you in Boston last summer?
			你觉得这个怎么样？		What are your thoughts on this?
			汤姆打算让玛丽做什么？		What did Tom expect Mary to do?
			去年圣诞节做了什么了？		What did you do last Christmas?
			你說你叫什麼名字？		What did you say your name was?
			你早餐吃什么？		What do you have for breakfast?
			你知道中央情报局的什么？		What do you know about the CIA?
			你实际上想说什么？		What do you really want to say?
			想要什么样的圣诞节礼物呢？		What do you want for Christmas?
			你早餐想要吃什麼？		What do you want for breakfast?
			其他人怎麼想？		What does everybody else think?
			他在信上说什么？		What does he say in his letter?
			你还发现什么了？		What else have you figured out?
			你的電腦怎麼了？		What happened to your computer?
			你用我的袋子做了什麼？		What have you done with my bag?
			他说的话根本毫无意义。		What he says is total nonsense.
			他说的话不合情理。		What he says is total nonsense.
			还有什么比友情更好呢？		What is better than friendship?
			长颈鹿是怎么叫的？		What sound does a giraffe make?
			你今天几点起的床？		What time did you get up today?
			我们明天几点出发？		What time do we leave tomorrow?
			最坏的情境是什么？		What's the worst-case scenario?
			你的头发自然发色是什么颜色？		What's your natural hair color?
			那是新学校什么时候开学？		When will that new school open?
			你什么时候做完工作？		When will you finish your work?
			你打算在哪裡留宿？		Where are you planning to stay?
			我们能在哪儿打电话？		Where can we make a phone call?
			你们在哪找到我的雨伞的？		Where did you find my umbrella?
			你指的是哪个？		Which one are you referring to?
			你还認識波士頓的誰？		Who else in Boston do you know?
			谁告诉你们汤姆把腿摔断的？		Who told you Tom broke his leg?
			这本小说的作者是谁？		Who's the author of this story?
			这家公司的老板是谁？		Who's the boss of this company?
			为什么你做饭那么拿手呢？		Why are you so good at cooking?
			你为什么戴那条围巾？		Why are you wearing that scarf?
			你们为什么想今天走？		Why do you want to leave today?
			为什么任何人应该感到惊喜？		Why should anyone be surprised?
			为什么他们会需要那么做呢？		Why would they need to do that?
			您允许我去吗？		Will you permit me to go there?
			能不能请你拿着这端？		Will you please hold this edge?
			没有水，我们无法生存。		Without water, we cannot exist.
			你可以从银行贷款。		You can get a loan from a bank.
			你想拿什么就拿什么。		You can take whatever you like.
			你可以告诉汤姆你想要什么。		You can tell Tom what you want.
			你不必搭計程車。		You didn't need to take a taxi.
			你没必要那么正式。		You don't have to be so formal.
			你不必早起。		You don't have to get up early.
			你不必這麼大聲說話。		You don't have to talk so loud.
			你不必這麼辛苦地工作。		You don't have to work so hard.
			你不想做编辑？		You don't want to be an editor?
			你很有幽默感。		You have a good sense of humor.
			你不需要害羞。		You have no need to be ashamed.
			你一点方向感都没有。		You have no sense of direction.
			你有三辆车对吗？		You have three cars, don't you?
			你必須去醫院。		You have to go to the hospital.
			你必須事先預約。		You have to make a reservation.
			你很清楚我想要什么。		You know very well what I want.
			你肯定脑子糊掉了。		You must be mentally exhausted.
			你得等下一班公車。		You must wait for the next bus.
			你要让我来解决。		You need to let me handle this.
			关于那件事你欠我一个道歉。		You owe me an apology for that.
			你最好马上去睡觉。		You'd better go to bed at once.
			你最好立马去睡觉。		You'd better go to bed at once.
			您最好穿一件雨衣。		You'd better put on a raincoat.
			你要接電話。		You'll be answering the phones.
			有一天你会忘了我。		You'll forget about me someday.
			你是一个美丽的女孩。		You're a beautiful young woman.
			你是一个美丽的女人。		You're a beautiful young woman.
			你是一名教授，不是吗？		You're a professor, aren't you?
			你是个优秀的记者。		You're an excellent journalist.
			你的眼镜掉在地上了。		Your glasses fell on the floor.
			你的问题和我没有关系。		Your problems don't concern me.
			你儿子正在和我女儿约会。		Your son is dating my daughter.
			“盒子里有什么？”“什么都没有。”		"""What's in that box?"" ""Nothing."""
			“是谁？”“是你妈妈。”		"""Who is it?"" ""It's your mother."""
			电脑是个复杂的机器。		A computer is a complex machine.
			今晚能看到满月。		A full moon can be seen tonight.
			省下了一分錢，就等於賺了一分錢。		A penny saved is a penny earned.
			坐而言不如起而行。		Actions speak louder than words.
			法律之前人人平等。		All men are equal under the law.
			所有的植物都需要陽光和水。		All plants need water and light.
			所有的办公桌抽屉都是空的。		All the desk drawers were empty.
			一场令人难忘的事件发生了。		An unforgettable event occurred.
			四月春雨，五月花。		April showers bring May flowers.
			火车票贵吗？		Are the train tickets expensive?
			你身上有很多钱吗？		Are you carrying a lot of money?
			您赞成还是反对他的想法？		Are you for or against his idea?
			你赞成还是反对这个计划？		Are you for or against the plan?
			你明天下午有空吗？		Are you free tomorrow afternoon?
			你对语言感兴趣吗？		Are you interested in languages?
			你是说你放弃了吗？		Are you saying that you give up?
			问问她什么时候回来。		Ask her when she will come back.
			问他把他自己的车停在哪里了。		Ask him where he parked his car.
			她在夜晚望著月亮。		At night, she gazed at the moon.
			早餐时间在七点到九点。		Breakfast is from seven to nine.
			养大一个宝宝是一项艰难的工作。		Bringing up a baby is hard work.
			可那不是真正的问题所在。		But that's not the real problem.
			你安頓好就打電話給我。		Call me when you get settled in.
			可不可以和你说几句？		Can I have a few words with you?
			你能够说出一首他们的歌的名字吗？		Can you name one of their songs?
			接受现金捐赠。		Cash donations will be accepted.
			中国比日本大得多。		China is much bigger than Japan.
			从这些里选一个。		Choose any one from among these.
			今天下午到我家来一趟。		Come to my house this afternoon.
			您能开一下门吗？		Could you open the door, please?
			创造主义是一种伪科学。		Creationism is a pseudo-science.
			从名单上删掉汤姆的名字。		Delete Tom's name from the list.
			你买了往返的票吗？		Did you buy a round-trip ticket?
			你听了我昨天晚上的节目吗？		Did you hear my show last night?
			你昨天打棒球了没有？		Did you play baseball yesterday?
			你听懂他说的了吗？		Did you understand what he said?
			不要屈服於這些要求。		Do not give in to those demands.
			在你们国家吃米饭吗？		Do you eat rice in your country?
			你跟老板合得来吗？		Do you get along with your boss?
			是你心里有鬼吧？		Do you have a guilty conscience?
			你认为动物有灵魂吗？		Do you think animals have souls?
			你做任何事都要尽全力。		Do your best in anything you do.
			这儿有人说日语吗？		Does anyone here speak Japanese?
			她知道你的電話號碼？		Does she know your phone number?
			你的学校有图书馆吗？		Does your school have a library?
			狗的嗅觉灵敏。		Dogs have a keen sense of smell.
			不要太过于依赖别人。		Don't depend too much on others.
			不要做任何会让你后悔的事。		Don't do anything you'll regret.
			不要根据封面来判断一本书。		Don't judge a book by its cover.
			天黑後不要讓她出門。		Don't let her go out after dark.
			不要在公园玩垒球。		Don't play baseball in the park.
			嘴里有东西的时候不准说话。		Don't talk with your mouth full.
			爱迪生不是个优秀的学生。		Edison was not a bright student.
			每朵雲都披著銀衣。		Every cloud has a silver lining.
			每个人都可能变成尸体。		Every man is a potential corpse.
			人随时可能死去。		Every man is a potential corpse.
			家里一切都好。		Everything is all right at home.
			农民在春天播种。		Farmers sow seeds in the spring.
			自由非常非常重要。		Freedom is very, very important.
			盡快把它完成。		Get it done as soon as possible.
			语法是很复杂的。		Grammar is a very complex thing.
			到的有我的信吗？		Have any letters arrived for me?
			你喂过马了吗？		Have you already fed the horses?
			最近看了什么电影没有？		Have you seen any movies lately?
			我们好像在哪见过？		Haven't we met somewhere before?
			他建議她戒酒。		He advised her to stop drinking.
			他问我喜不喜欢数学。		He asked me whether I like math.
			他表现得像疯了一样。		He behaves as if he were insane.
			他拿着一个装满了苹果的袋子。		He carried a bag full of apples.
			他承认有罪。		He confessed that he was guilty.
			他週日晚上不工作。		He did not work on Sunday night.
			他在事故後不久就去世了。		He died soon after the accident.
			他喝了一整瓶的牛奶。		He drank a whole bottle of milk.
			他把杯子掉到地板上打碎了。		He dropped the cup and broke it.
			他用水装满了瓶子。		He filled the bottle with water.
			他八點上床睡覺。		He goes to bed at eight o'clock.
			他紧紧抓住树枝。		He held on firmly to the branch.
			他把一盏灯挂在了天花板上。		He hung a lamp from the ceiling.
			他打断了我们的谈论。		He interrupted our conversation.
			他把我介紹給他的父母認識。		He introduced me to his parents.
			他把錢投資於股票。		He invested his money in stocks.
			他是非常有想像力的作家。		He is a very imaginative writer.
			他认识市长。		He is acquainted with the mayor.
			他在日本也很有名。		He is also very famous in Japan.
			他一點一點地變好。		He is getting better bit by bit.
			他一天一天地好轉。		He is getting better day by day.
			他是我的朋友之一。		He is included among my friends.
			他是我哥哥，不是我爸爸。		He is my brother, not my father.
			他不因貧窮而感到羞愧。		He is not ashamed of being poor.
			他的年紀可以開車了。		He is old enough to drive a car.
			他已經長大該懂事了。		He is old enough to know better.
			他非常怕他的母親。		He is very afraid of his mother.
			他忙于写故事。		He is very busy writing stories.
			他旅行期间，写了旅游日记。		He kept a diary during the trip.
			他喜欢骑马出行。		He likes to go out on horseback.
			他就住在附近。		He lives just around the corner.
			他就住在拐角的地方。		He lives just around the corner.
			他跟他们干脆地断绝来往了。		He made a clean break with them.
			他經常在晚上熬夜。		He often stays up late at night.
			他停下脚步看起海报。		He paused to look at the poster.
			他放学后打棒球。		He played baseball after school.
			他把手插進口袋裡。		He put his hands in his pockets.
			他很快地走出了房間。		He quickly went out of the room.
			他回答说他不知道。		He replied that he did not know.
			他该那样做完了。		He should have done it that way.
			他睡着的时候，打呼声很响。		He snored loudly while he slept.
			他威胁要公开。		He threatened to make it public.
			他朝着大狗扔了块石头。		He threw a stone at the big dog.
			他叫我对别人好一点。		He told me to be kind to others.
			他告訴我要說慢一點。		He told me to speak more slowly.
			他给我们讲了一个有趣的故事。		He told us an interesting story.
			他在早餐之前散步。		He took a walk before breakfast.
			他对自己的孩子很严格。		He was severe with his children.
			他站在門後。		He was standing behind the door.
			他去紐約出差了。		He went to New York on business.
			他去和他的表弟待在一起了。		He went to stay with his cousin.
			下个月他会很忙。		He will be very busy next month.
			明年他要去国外旅游。		He will travel abroad next year.
			他擦去了脸上的汗水。		He wiped the sweat off his face.
			他在一間很大的市立醫院工作。		He works in a big city hospital.
			他是个很棒的网球选手。		He's an excellent tennis player.
			他正忙着做作业。		He's busy with his homework now.
			他因公出差到名古屋。		He's gone to Nagoya on business.
			他去名古屋出差。		He's gone to Nagoya on business.
			他在这方面不是很严格。		He's not very strict about this.
			他比她大三岁。		He's three years older than her.
			這裡有些有趣的連結。		Here are some interesting links.
			这是你的狗。我的呢？		Here is your dog. Where is mine?
			你好！我叫汤姆。你叫什么？		Hi, my name's Tom. What's yours?
			他孩子般的笑很迷人。		His childlike laugh is charming.
			他的母親不想做。		His mother didn't want to do it.
			希望明年再次見到你。		Hope to see you again next year.
			我们怎样才能将其付出实践？		How can we put it into practice?
			你怎么知道我和汤姆在一起？		How did you know I was with Tom?
			你的姓怎麼拼？		How do you spell your last name?
			这本书我能借多久？		How long can I borrow this book?
			你做那事用了多久？		How long did it take to do that?
			这个班有多少男生？		How many boys are in this class?
			他每个月挣多少？		How much does he earn per month?
			你多久用一次手机？		How often do you use your phone?
			会议什么时候开始？		How soon will the meeting begin?
			一个人只能活七十岁左右。		Humans only live about 70 years.
			我在一定程度上同意你的意見。		I agree with you to some extent.
			我在那一點上同意他。		I agreed with him on that point.
			我差点没去澳大利亚。		I almost didn't visit Australia.
			我习惯辛勤努力地工作。		I am accustomed to working hard.
			我和汤姆无话不说。		I am on speaking terms with Tom.
			我问了汤姆在读什么。		I asked Tom what he was reading.
			我向我父親借錢。		I borrowed money from my father.
			我只能给你十分钟。		I can only give you ten minutes.
			我只看见它变得更糟了。		I can only see it getting worse.
			我推荐这个餐厅。		I can recommend this restaurant.
			我熬夜熬多久都行。		I can stay up as late as I want.
			我无法再忍受那噪音了。		I can't bear this noise anymore.
			我的鼻子没办法呼吸了。		I can't breathe through my nose.
			我无法区分青蛙和蟾蜍。		I can't tell a frog from a toad.
			我不明白他的感受。		I can't understand his feelings.
			我取消了我旅館的預訂。		I canceled my hotel reservation.
			我抓到他偷錢。		I caught him stealing the money.
			我从窗口爬进来的。		I climbed in through the window.
			我不想買車。		I didn't feel like buying a car.
			我不知道他在那裡。		I didn't know that he was there.
			那时候我不喜欢啤酒。		I didn't like beer at that time.
			我不是有意要保密的。		I didn't mean to keep it secret.
			稍微冷点儿不要紧。		I don't care if it's a bit cold.
			我今天不想上班。		I don't feel like working today.
			我家没有电脑。		I don't have a computer at home.
			我没有足够时间吃饭了。		I don't have enough time to eat.
			我不知道任何有關他的事。		I don't know anything about him.
			我不知道我还有没有。		I don't know if I still have it.
			我不知道。你怎麼想？		I don't know. What do you think?
			我不喜欢她说话的态度。		I don't like the way she speaks.
			我不經常自己去做。		I don't often do that by myself.
			我不明白他说的话。		I don't understand what he said.
			我一點也不要香蕉。		I don't want any bananas at all.
			我不想打這架。		I don't want to have this fight.
			我不想打开窗户。		I don't want to open the window.
			昨天我很開心地看電視。		I enjoyed watching TV yesterday.
			昨天看電視很開心。		I enjoyed watching TV yesterday.
			我看电视时睡着了。		I fell asleep while watching TV.
			我感觉我的心跳得很快。		I felt my heart beating rapidly.
			我倒水進去花瓶裡。		I filled up the vase with water.
			我今天忘了打電話給他。		I forgot to telephone him today.
			我送给汤姆一份临别礼物		I gave Tom a going-away present.
			我給她的正是她所需要的。		I gave her just what she needed.
			每年冬天，我的嘴唇都会干裂。		I get chapped lips every winter.
			今天早上我起得很晚。		I got up very late this morning.
			我猜那就是汤姆找到我的方法。		I guess that's how Tom found me.
			我上周末玩得很开心。		I had a lot of fun last weekend.
			她打了一通電話給我。		I had a telephone call from her.
			我已經認識她五年了。		I have known her for five years.
			我比汤姆更有经验。		I have more experience than Tom.
			我从来没去过美国。		I have never been to the States.
			我最近没怎么睡觉。		I haven't had much sleep lately.
			我听得见你，但我看不见你。		I hear you, but I don't see you.
			我聽到她在她的房間裡唱歌。		I heard her singing in her room.
			我聽到前門的門鈴響了。		I heard the front doorbell ring.
			我听过这首歌的法语版。		I heard the song sung in French.
			我本来想走的，但后来忘了。		I intended to go, but forgot to.
			我把玛丽介绍给我的父母了。		I introduced Mary to my parents.
			我只要你跟我来。		I just need you to come with me.
			我只想查一下我的电子邮件。		I just wanted to check my email.
			我知道怎么解决这个问题。		I know how to solve the problem.
			我知道这对您来说很重要。		I know this is important to you.
			我知道他们要做什么。		I know what they're going to do.
			我去年做了一次長途旅行。		I made a long journey last year.
			我穿過了人群向前走。		I made my way through the crowd.
			我可能还要待几天。		I may stay for another few days.
			我尽可能快地需要那个。		I need that as soon as possible.
			我得给你打一针。		I need to give you an injection.
			我付了十美元買這頂帽子。		I paid ten dollars for this cap.
			我昨天經過她家。		I passed by her house yesterday.
			我打算搭十點三十分的火車。		I plan to catch the 10:30 train.
			我和我的兄弟打網球。		I played tennis with my brother.
			我保證明天就做		I promise I'll do that tomorrow.
			今晚我玩得很開心。		I really enjoyed myself tonight.
			昨天我收到了她的信。		I received her letter yesterday.
			我記得去年看過你。		I remember seeing you last year.
			我看见远处有一间小屋。		I saw a cottage in the distance.
			我看見他游過了河。		I saw him swim across the river.
			我几乎每天都见到那条狗。		I see that dog almost every day.
			我应该多加注意。		I should've paid more attention.
			我昨天住在他家。		I stayed at his place yesterday.
			我认为玛丽很有吸引力。		I think Mary is very attractive.
			我觉得汤姆爱上玛丽了。		I think Tom has a crush on Mary.
			我觉得汤姆需要减肥了。		I think Tom should go on a diet.
			我想，风变小了。		I think the wind's dropping off.
			我想你以前做过这个。		I think you've done this before.
			我觉得我的头要炸了。		I thought my head would explode.
			我告诉了他问题所在。		I told him what the problem was.
			我想和一个像她那样的女孩结婚。		I want to marry a girl like her.
			我想你把真相告诉我。		I want you to tell me the truth.
			我想要你把真相告诉我。		I want you to tell me the truth.
			我曾是世界上最幸福的男人。		I was the happiest man on earth.
			我不太確定要說什麼。		I wasn't quite sure what to say.
			如果天气允许的话，我就去。		I will come, weather permitting.
			我在想我今天该干什么。		I wonder what I should do today.
			我好奇耳垂有什么作用。		I wonder what ear lobes are for.
			我想知道这句话的意思。		I wonder what this phrase means.
			我想见见他的父亲。		I would like to meet his father.
			我会尽可能早地到那儿。		I'll get there as soon as I can.
			我会给你你想要的任何事物。		I'll give you whatever you want.
			我会向你展示怎样捕鱼。		I'll show you how to catch fish.
			恐怕你误解我了。		I'm afraid you misunderstood me.
			我下週要去度假。		I'm going on vacation next week.
			我要告诉你真相。		I'm going to tell you the truth.
			我对亚洲的历史很感兴趣。		I'm interested in Asian history.
			我明天要離開去加拿大。		I'm leaving for Canada tomorrow.
			我正在找一份兼職的工作。		I'm looking for a part-time job.
			我在找一間出租的房間。		I'm looking for a room for rent.
			我在找我的隱形眼鏡。		I'm looking for my contact lens.
			我感觉还不是那么饿。		I'm not feeling that hungry yet.
			我并没有很急。		I'm not in that much of a hurry.
			我为这个错误负责。		I'm responsible for the mistake.
			我正在存錢買房子。		I'm saving money to buy a house.
			我很抱歉回复晚了。		I'm sorry for the late response.
			我確定你永不後悔。		I'm sure you'll never regret it.
			我对方言很感兴趣。		I'm very interested in dialects.
			我已經告訴你真相了。		I've already told you the truth.
			我一直在忙着修东西。		I've been busy repairing things.
			我一生都谨慎行事。		I've been careful my whole life.
			我一直在找我的三腳架。		I've been looking for my tripod.
			有人请我帮你。		I've been requested to help you.
			我从没这么以你为豪。		I've never been so proud of you.
			如果我是你，我就不做那件事。		If I were you, I wouldn't do it.
			如果你弄乱了，你来打扫。		If you make a mess, clean it up.
			如果你想要，你可以拥有它。		If you want it, you can have it.
			如果你想要的话，你就拿吧。		If you want it, you can have it.
			生活中有高低起伏。		In life there are ups and downs.
			有人敲门吗？		Is someone knocking on the door?
			茶比牛奶贵吗？		Is tea more expensive than milk?
			邮局还关着门吗？		Is the post office still closed?
			我不知道天色變暗了。		It became dark before I knew it.
			已經過了五點鐘。		It is already past five o'clock.
			据说这房子是个鬼屋。		It is said the house is haunted.
			到了你该去睡觉的时候了。		It is time for you to go to bed.
			他可能喜欢他的工作。		It may be that he likes his job.
			我好像丢了我的钥匙。		It seems that I've lost my keys.
			雪从周一下到周五。		It snowed from Monday to Friday.
			这是一个生和死的问题。		It's a matter of life and death.
			差不多该去学校了。		It's about time to go to school.
			这是奇妙的体验。		It's been an amazing experience.
			她很有可能会有所成就。		It's likely that she'll succeed.
			离这里不远。		It's not far from here to there.
			这么生气不像他。		It's unlike him to get so angry.
			正义终将胜利。		Justice will prevail in the end.
			他后来写信给总统。		Later he wrote to the president.
			请把你的字典借给我。		Lend me your dictionary, please.
			让我知道我是否需要改变。		Let me know if I need to change.
			让我们边喝咖啡边谈。		Let's talk over a cup of coffee.
			水是生命的源泉。		Life cannot exist without water.
			人生苦短，岁月如梭。		Life is short and time is swift.
			长发现在过时了。		Long hair is out of fashion now.
			也许这只是一场巧合。		Maybe it was just a coincidence.
			星期一適合做那件事。		Monday is a good day to do that.
			大多数的事故都发生在家附近。		Most accidents happen near home.
			我对他的态度变了。		My attitude towards him changed.
			我的车子的开销比你的要多。		My car cost more than yours did.
			狗跟我一起睡在床上。		My dog slept in the bed with me.
			我父亲至今从未去过国外。		My father has never been abroad.
			我的朋友邀請我去吃晚飯。		My friends invited me to dinner.
			我朋友邀我共赴晚餐。		My friends invited me to dinner.
			我的嗜好是收集舊玩具。		My hobby is collecting old toys.
			我的想法与你不同。		My idea is different from yours.
			我的计划和你的不同。		My plan is different from yours.
			我的问题是我不信任你。		My problem is I don't trust you.
			元旦就在眼前。		New Year's Day is close at hand.
			紐約位在哈得遜河。		New York is on the Hudson River.
			我的朋友都不喝咖啡。		None of my friends drink coffee.
			没有什么和和平一样重要。		Nothing's as important as peace.
			只有一些人了解我。		Only a few people understood me.
			只有个别人才懂了我的意思。		Only a few people understood me.
			只有成人可以看那种电影。		Only adults may watch that film.
			抱歉，这是我的球拍。		Pardon me, but that's my racket.
			人们需要更多的交流。		People should get more involved.
			請買一支牙膏。		Please buy a tube of toothpaste.
			请叫消防员。		Please call the fire department.
			请尽快过来。		Please come as soon as possible.
			请别在这里拍照。		Please don't take pictures here.
			请看这本书。		Please have a look at this book.
			带我向你家人问好。		Please say hello to your family.
			請隨手關門。		Please shut the door behind you.
			你想待多久就待多久。		Please stay as long as you wish.
			請告訴我下一步去哪裡。		Please tell me where to go next.
			为将来做准备吧。		Prepare yourself for the future.
			油墨快没了。		Printing ink is in short supply.
			明天图书馆见。		See you tomorrow at the library.
			废水经常污染海洋。		Sewage often pollutes the ocean.
			她为我作钢琴伴奏。		She accompanied me on the piano.
			她和我同班。		She and I are in the same class.
			她能遊得比我遠。		She can swim further than I can.
			她不想涉入其中。		She didn't want to get involved.
			她不再住在那裡了。		She doesn't live there any more.
			她只吃蔬菜。		She eats nothing but vegetables.
			她在他们家里感觉很放松。		She feels at ease in their home.
			她看完信了。		She finished reading the letter.
			她輕輕地推了門。		She gave the door a gentle push.
			她每天早上早起。		She gets up early every morning.
			她七點鐘到車站。		She got to the station at seven.
			她有一个儿子和两个女儿。		She has a son and two daughters.
			她是个很坦率的人。		She has a very open personality.
			她已經離開了辦公室。		She has already left the office.
			她已經死了十年了。		She has been dead for ten years.
			她把我介紹給她父親。		She introduced me to her father.
			她害怕自己的影子。		She is afraid of her own shadow.
			她总是尝试新事物。		She is always trying new things.
			她擅長說英語。		She is good at speaking English.
			她擅長說英文。		She is good at speaking English.
			她在找她的車鑰匙。		She is looking for her car keys.
			她留了很多钱给她儿子。		She left her son a lot of money.
			她非常像她的母亲。		She looks a lot like her mother.
			她或许知道我们在这儿。		She might know that we are here.
			她昨天一定已經做過了。		She must have done it yesterday.
			她早上打網球。		She plays tennis in the morning.
			她假裝生病了。		She pretended that she was sick.
			她拒絕接受這筆錢。		She refused to accept the money.
			她上週去旅行了。		She set out on a trip last week.
			她给客人看了她的宝宝。		She showed the visitor her baby.
			她把自己关在房里。		She shut herself up in her room.
			她整天待在房子裡。		She stayed in the house all day.
			她上私人鋼琴課。		She takes private piano lessons.
			她以为我是大夫。		She thought that I was a doctor.
			她告訴我她認識我的哥哥。		She told me she knew my brother.
			她搭計程車去醫院了。		She took a taxi to the hospital.
			她把信成碎片。		She tore the letter into pieces.
			她逐字地翻譯它。		She translated it word for word.
			她周遊世界各地。		She traveled all over the world.
			她经常九点睡觉。		She usually goes to bed at nine.
			她是个数学天才。		She was a genius in mathematics.
			她听到那个消息后惊呆了。		She was amazed to hear the news.
			她忙著做她的功課。		She was busy doing her homework.
			她对我来说是一个完全陌生的人。		She's a complete stranger to me.
			她不在是因为病了。		She's absent because she's sick.
			她在无理取闹。		She's asking for the impossible.
			她已經工作了一整天。		She's been working all day long.
			她担心你的安全。		She's worried about your safety.
			讓我看看你有多少錢。		Show me how much money you have.
			软件正在不断进化。		Software is constantly evolving.
			有人偷了我的行李。		Somebody has stolen my suitcase.
			不知是谁在敲门。		Someone is knocking on the door.
			有什么要开始了。		Something is starting to happen.
			我偶尔会在俱乐部碰到他。		Sometimes I see him at the club.
			运动有益健康。		Sports are good for your health.
			别再扯你姐姐的头发了！		Stop pulling your sister's hair.
			感谢告诉我真相。		Thanks for telling me the truth.
			那孩子和他父亲很像。		That child resembles his father.
			那有点难以置信。		That's a little hard to believe.
			那是值得自豪的事。		That's something to be proud of.
			在門口的自行車是我的。		The bicycle by the door is mine.
			波蘭的首都是華沙。		The capital of Poland is Warsaw.
			这个城市人口众多。		The city has a large population.
			指南针指向北边。		The compass points to the north.
			狗在地毯上睡觉。		The dog was sleeping on the mat.
			女孩凝视着洋娃娃。		The girl was gazing at the doll.
			柚子很酸。		The grapefruit tastes very sour.
			交作业的截止日期是下周一。		The homework is due next Monday.
			马在路上小跑着。		The horse trotted down the road.
			最大的卧室朝南。		The largest bedroom faces south.
			今晚月色真美。		The moon is beautiful, isn't it?
			这名老人一只眼盲了。		The old man is blind in one eye.
			这老人瞎了一只眼。		The old man is blind in one eye.
			这个老人一只眼看不见了。		The old man is blind in one eye.
			警察起诉他盗窃。		The police accused him of theft.
			警方逮捕了嫌疑人。		The police arrested the suspect.
			现在正是好时候。		The present time is a good time.
			奖项是不会授给她的。		The prize won't be given to her.
			问题是他没钱。		The problem is, he has no money.
			预订好了。		The reservation is already made.
			太陽比月亮大。		The sun is larger than the moon.
			桌子被灰尘覆盖。		The table was covered with dust.
			领带和我的西装不配。		The tie doesn't go with my suit.
			火車十分鐘後離開。		The train leaves in ten minutes.
			海啸的警报解除了。		The tsunami alert was cancelled.
			我们俩不属于这儿。		The two of us don't belong here.
			世界上的石油快用完了。		The world is running out of oil.
			路上没什么车。		There are no cars on the street.
			那裡太多人了。		There are too many people there.
			池塘上有座桥。		There is a bridge over the pond.
			我家附近有一座教堂。		There is a church near my house.
			附近有一間郵局。		There is a post office close by.
			没有理由抱怨。		There is no cause for complaint.
			走廊裡有一部電話。		There's a telephone in the hall.
			今天没有任何下雨的可能性。		There's no chance of rain today.
			今天不可能下雨。		There's no chance of rain today.
			没什么好怕的。		There's nothing to be afraid of.
			只剩下一點點牛奶了。		There's only a little milk left.
			冰箱里只有牛奶哦。		There's only milk in the fridge.
			有些事我必須說。		There's something I have to say.
			墙上还是有血。		There's still blood on the wall.
			這些箱子是由塑料製成的。		These boxes are made of plastic.
			这些焰火真壮观！		These fireworks are spectacular!
			你看到的這些花是玫瑰。		These flowers you see are roses.
			這些桃子不是很甜。		These peaches aren't very sweet.
			他们嫉妒我们的成功。		They are jealous of our success.
			她们嫉妒我们的成功。		They are jealous of our success.
			他们原谅了他的罪行。		They forgave him for his crimes.
			他们在加利福尼亚种橙子。		They grow oranges in California.
			他们把小偷绑到了树上。		They tied the thief to the tree.
			他们用肥皂洗手。		They wash their hands with soap.
			他们被直升机解救。		They were rescued by helicopter.
			你知道吗，他们又在吵架。		They're arguing again, you know.
			這家旅館不提供午餐。		This hotel does not serve lunch.
			這是一朵非常美麗的花。		This is a very beautiful flower.
			这只是我们之间的秘密。		This is just between you and me.
			這是城裡最糟糕的旅館。		This is the worst hotel in town.
			这就是汤姆想住的地方。		This is where Tom wants to live.
			这不是我喜欢的类型。		This isn't the type that I like.
			這封信是寄給你。		This letter is addressed to you.
			这饭足够三个人吃。		This meal is adequate for three.
			我今天早上还是很困。		This morning I was still sleepy.
			今天相比往常，稍暖一些。		Today's a bit warmer than usual.
			今天比平时还忙。		Today's even busier than normal.
			汤姆差点在河里淹死了。		Tom almost drowned in the river.
			汤姆和我是玛丽的同班同学。		Tom and I are Mary's classmates.
			汤姆和玛丽不喜欢跳舞。		Tom and Mary don't like dancing.
			汤姆不庆祝圣诞。		Tom doesn't celebrate Christmas.
			汤姆没有很多钱。		Tom doesn't have a lot of money.
			汤姆不喜欢做作业。		Tom doesn't like doing homework.
			汤姆不再给我写信了。		Tom doesn't write to me anymore.
			汤姆最终做了点正确的事。		Tom finally did something right.
			汤姆跟着玛丽进入了房间。		Tom followed Mary into the room.
			汤姆给玛丽半个苹果。		Tom gave Mary half of the apple.
			汤姆给玛丽冷的肩膀。		Tom gave Mary the cold shoulder.
			汤姆从没见过玛丽这么忙。		Tom had never seen Mary so busy.
			汤姆也表示了相似观点。		Tom has expressed similar ideas.
			汤姆已经开始学习空手道了。		Tom has started studying karate.
			汤姆是不是有点醉了？		Tom is a little drunk, isn't he?
			汤姆隐藏着一个可怕的秘密。		Tom is hiding a terrible secret.
			汤姆是我们的首发四分卫。		Tom is our starting quarterback.
			汤姆习惯早起。		Tom is used to getting up early.
			汤姆不是一个经验老道的司机。		Tom isn't an experienced driver.
			汤姆车开得不是很娴熟。		Tom isn't an experienced driver.
			汤姆不会同意的。		Tom isn't going to give me that.
			汤姆知道我不喜欢他。		Tom knows that I don't like him.
			汤姆怀疑地看着玛丽。		Tom looked at Mary suspiciously.
			汤姆需要被告知怎么做。		Tom needs to be told what to do.
			汤姆需要更新他的网站。		Tom needs to update his website.
			汤姆经常在课堂上睡着。		Tom often falls asleep in class.
			汤姆说了他什么也没看到。		Tom said he didn't see anything.
			汤姆好像很喜欢你做的菜。		Tom seemed to like your cooking.
			汤姆给我发了一条有趣的短信。		Tom sent me an interesting text.
			汤姆试着把门推开。		Tom tried to push the door open.
			汤姆想告诉你一些事情。		Tom wants to tell you something.
			汤姆就和玛丽一样兴奋。		Tom was just as excited as Mary.
			汤姆看玛丽画一幅画。		Tom watched Mary draw a picture.
			汤姆很有可能会和你达成一致。		Tom would likely agree with you.
			汤姆好，但不够好。		Tom's good, but not good enough.
			汤姆的祖母好像身体很好。		Tom's grandmother looks healthy.
			旅行社的利润猛涨。		Travel agencies' profits soared.
			这封信是玛丽写的吗？		Was this letter written by Mary?
			我们在电视上宣传我们的产品。		We advertise our products on TV.
			我们为她的安全担忧。		We are anxious about her safety.
			我们晚饭后吃新鲜水果。		We ate fresh fruit after dinner.
			我们无法接近敌人。		We can't get close to the enemy.
			我们这里没有很多访客。		We don't get many visitors here.
			我们不想从你身上要任何东西。		We don't want anything from you.
			我们尽情在湖里游泳。		We enjoyed swimming in the lake.
			我们时不时地去钓鱼。		We go fishing from time to time.
			六月下了很多天的雨。		We have many rainy days in June.
			我们没理由害臊。		We have no reason to be ashamed.
			我们经常讨论天气。		We often talk about the weather.
			再不快点就迟到了噢。		We'll be late if we don't hurry.
			我们会找到解决办法的，我确信		We'll find a solution, I'm sure.
			我们将参加马拉松。		We'll take part in the marathon.
			你在学校学些什么呀？		What are you learning at school?
			您为什么惩罚他们？		What are you punishing them for?
			這些天你都在讀些什麼？		What are you reading these days?
			你今晚有什么打算？		What are your plans for tonight?
			你把我的行李放到哪裡去了？		What did you do with my luggage?
			你怎么花的那些钱？		What did you do with that money?
			你把你的鞋怎么了？		What did you do with your shoes?
			你想让我再说什么？		What else do you want me to say?
			你最喜欢什么水果？		What fruit do you like the best?
			印度的人口有多少？		What is the population of India?
			你用哪種洗髮水？		What kind of shampoo do you use?
			你要什麼甜點？		What would you like for dessert?
			你旅行的目的是什麼？		What's the purpose of your trip?
			你姐姐的狗叫什麼名字？		What's your sister's dog's name?
			从什么时候开始您就这里工作着的呢？		When did you start working here?
			你在哪裡剪頭髮？		Where did you get your hair cut?
			接下来你们想去哪里？		Where would you like to go next?
			你想加入哪一組？		Which group do you want to join?
			這些球拍中哪一支是你的？		Which of these rackets is yours?
			谁选你来做这个任务？		Who picked you for this mission?
			今晚谁要打扫？		Who's going to clean up tonight?
			谁负责这个部门？		Who's in charge of this section?
			昨天是谁过生日？		Whose birthday was it yesterday?
			你为什么买这么多曲奇？		Why did you buy so many cookies?
			为什么你把长凳漆成红色了？		Why did you paint the bench red?
			为什么你想到外国读书？		Why do you want to study abroad?
			为什么您想到外国读书？		Why do you want to study abroad?
			你能帮我说明一下规则吗？		Will you explain the rule to me?
			在你的帮助下我们会抓到汤姆。		With your help, we'll catch Tom.
			你不和我一起喝点茶吗？		Won't you have some tea with me?
			你需要茶或者别的什么吗？		Would you like tea or something?
			你对电脑感兴趣。		You are interested in computers.
			你可以做任何你想做的事。		You can do whatever you want to.
			你走或留，随你高兴。		You can go or stay, as you wish.
			你不能一心二用。		You can't do two things at once.
			你不能一心两用。		You can't do two things at once.
			一心不可二用。		You can't do two things at once.
			你不要自甘堕落。		You don't have to kick yourself.
			你不知道我有多担心啊。		You don't know how worried I am.
			你知道问题在哪里。		You know where the problem lies.
			这本书你该还给他。		You must return the book to him.
			你应该向他征求意见。		You ought to ask him for advice.
			你說你有重要新聞。		You said you had important news.
			你应该能解决。		You should be able to manage it.
			你应该去竞选城市委员会。		You should run for city council.
			你应该直接跟汤姆说。		You should talk directly to Tom.
			你应该更小心的。		You should've been more careful.
			你該留在車裡。		You should've stayed in the car.
			你昨天就该告诉我了。		You should've told me yesterday.
			你低估了你的魅力。		You underestimate your charisma.
			您最好请教一下医生。		You'd better consult the doctor.
			你最好请教一下医生。		You'd better consult the doctor.
			你最好不要再去那裡。		You'd better not go there again.
			你是做這份工作最好的人選。		You're the best man for the job.
			你是最適合做這份工作的人。		You're the best man for the job.
			我只知道你一位加拿大人。		You're the only Canadian I know.
			你是我唯一能信任的人。		You're the only one I can trust.
			你减肥了，不是么？		You've lost weight, haven't you?
			你的英語進步了很多。		Your English has improved a lot.
			你的腳踏車和我的很相似。		Your bicycle is similar to mine.
			你的意見跟我的相似。		Your opinion is similar to mine.
			你的问题类似于我的。		Your problem is similar to mine.
			你衬衣的纽扣快掉了。		Your shirt button is coming off.
			“我也那样觉得。”她附和道。		"""I think so, too,"" she chimed in."
			很快人群就在他周围聚集了起来。		A crowd soon gathered around him.
			过了几天，我们离开了波士顿。		A few days later, we left Boston.
			直角是九十度。		A right angle has ninety degrees.
			少了一个戒指和一点现金。		A ring and some cash are missing.
			过两天我们的食物就发完了。		After two days our food gave out.
			我现在只想睡点觉。		All I want now is a little sleep.
			他全家都在农场工作。		All of his family work on a farm.
			你是说是我杀了汤姆吗？		Are you saying that I killed Tom?
			以我之见，我无话可说。		As for me, I have nothing to say.
			回家的路上注意安全。		Be careful on your way back home.
			顺便问一句，你今晚有空吗？		By the way, are you free tonight?
			我可以向你借一些錢？		Can I borrow some money from you?
			您能带汤姆上医院吗？		Can you take Tom to the hospital?
			在你出門之前，把你的頭髮梳一梳。		Comb your hair before you go out.
			爸爸今天很不耐烦。		Dad's in an impatient mood today.
			详细叙述一下这起事故吧。		Describe that accident in detail.
			警察盘问你了吗？		Did the police ever question you?
			你有这扇门的钥匙吗？		Do you have the key to this door?
			你介意我开窗吗？		Do you mind if I open the window?
			不要再碰我的东西。		Don't ever touch my things again.
			不要忘了熄火。		Don't forget to put out the fire.
			不要扔石頭到河裡。		Don't throw rocks into the river.
			不要往河裡扔石頭。		Don't throw rocks into the river.
			别想靠你自己做这事。		Don't try to do this by yourself.
			自己说过的话都不记得了吗？		Don't you remember what you said?
			連巧克力中也含有維他命。		Even chocolate contains vitamins.
			她的每首歌都长期备受欢迎。		Every one of her songs was a hit.
			他的每首歌都长期备受欢迎。		Every one of his songs was a hit.
			大家都玩爱情游戏。		Everybody plays the game of love.
			法律面前人人平等。		Everyone is equal before the law.
			不好意思，请问我可以开窗吗？		Excuse me, may I open the window?
			做运动有利于健康。		Exercise is good for your health.
			体育有益健康。		Exercise is good for your health.
			水果对身体非常好。		Fruit is very good for your body.
			在他们看见你之前离开这儿。		Go away before they see you here.
			好好看这张照片。		Have a good look at this picture.
			你吃过香蕉派吗？		Have you ever eaten a banana pie?
			您已经吃过药了吗？		Have you taken your medicine yet?
			他總是與他的妻子吵架。		He always quarrels with his wife.
			他要求我講慢一點。		He asked me to speak more slowly.
			他晚上很晚回家。		He came home late in the evening.
			他不可能做那種事。		He cannot have done such a thing.
			他收集了一些訊息。		He collected bits of information.
			他让我相信他是无辜的。		He convinced me of his innocence.
			他在花园里砍了一棵树。		He cut down a tree in his garden.
			他砍了花园里的一棵树。		He cut down a tree in his garden.
			他不是很了解日本。		He doesn't know much about Japan.
			他因我喝酒而訓斥我。		He gave me a lecture on drinking.
			他給了我正式批准。		He gave me his stamp of approval.
			他在早餐前洗了个澡。		He had a shower before breakfast.
			昨晚他的車被偷了。		He had his car stolen last night.
			他有一个兄弟和两个姐妹。		He has a brother and two sisters.
			他有很好的英語能力。		He has a good command of English.
			他有一大家子要養。		He has a large family to support.
			他有很多历史书籍。		He has a lot of books on history.
			他去世三年了。		He has been dead for three years.
			他还没回我的信。		He hasn't answered my letter yet.
			他迫不及待地想要知道结果。		He is anxious to know the result.
			他开始掉头发了。		He is beginning to lose his hair.
			他不是医生，他是教师。		He is not a doctor but a teacher.
			他不是歌手，但是个演员。		He is not a singer, but an actor.
			他够大了，可以独自旅行了。		He is old enough to travel alone.
			他還坐在長椅上。		He is still sitting on the bench.
			他是我部門的主管。		He is the chief of my department.
			他非常吝啬。		He is very stingy with his money.
			他总是犯同样的错误。		He keeps making the same mistake.
			他把球踢進了球門。		He kicked the ball into the goal.
			他把眼镜落在我们这里了。		He left his glasses at our place.
			他住在大阪附近一座鎮上。		He lives in a village near Osaka.
			他善用他的天赋。		He makes good use of his talents.
			他經常駕駛他的父親的車。		He often drives his father's car.
			他常常因他自己的笑話而笑。		He often laughs at his own jokes.
			他预测会下雨。		He predicted there would be rain.
			他按下按鈕然後等待著。		He pressed the button and waited.
			他假装听不见。		He pretended not to be listening.
			他被证实是个理想丈夫。		He proved to be an ideal husband.
			他把信读了一遍又一遍。		He read the letter over and over.
			他辞职后逃离了这个国家。		He resigned and fled the country.
			他冒着失去所有财产的危险。		He risked losing all his fortune.
			他说九点了。		He said that it was nine o'clock.
			他刮下靴子上的泥巴。		He scraped the mud off his boots.
			他每年冬天在北海道滑雪。		He skis in Hokkaido every winter.
			他故意踩我的腳。		He stepped on my foot on purpose.
			他说话就像一位老师。		He talks as if he were a teacher.
			他认为我非常的累。		He thought that I was very tired.
			他告诉过我他会去威尼斯。		He told me he would go to Venice.
			他告诉我他那时很忙。		He told me that he was busy then.
			他给我讲述了他的一生。		He told me the story of his life.
			他让我做，我就做了。		He told me to do it, so I did it.
			他搭错了车。		He took the wrong bus by mistake.
			他通常在十一點上床睡覺。		He usually went to bed at eleven.
			他想喝些冷飲。		He wants something cold to drink.
			他想得到一本新的字典。		He wants to get a new dictionary.
			他被指控偷錢。		He was accused of stealing money.
			他昨天上学迟到了。		He was late for school yesterday.
			他被他的朋友嘲笑了。		He was laughed at by his friends.
			他比以前重得多。		He weighs a lot more than before.
			尽管下着雨，他还是出去了。		He went out in spite of the rain.
			除了星期天他每天工作。		He works every day except Sunday.
			他一年到頭努力工作。		He works hard all the year round.
			他把这记在他的笔记本上。		He wrote it down in his notebook.
			他有时会给我写信。		He wrote to me from time to time.
			他走路或者骑车过来。		He'll come on foot or by bicycle.
			他一點也不怕蛇。		He's not at all afraid of snakes.
			你自己拿蛋糕吃吧。		Help yourself to a piece of cake.
			你们自己吃蛋糕。		Help yourself to a piece of cake.
			她的父親上週去世了。		Her father passed away last week.
			她的母親去年去世了。		Her mother passed away last year.
			她母亲将继续工作。		Her mother will continue to work.
			她的紅色禮服使她引人注目。		Her red dress made her stand out.
			喂，你能把灯关掉吗？		Hey, can you turn the lights off?
			他的父親去年過世了。		His father passed away last year.
			他的辦公室跟我的非常近。		His office is very close to mine.
			他的衬衫被酱汁弄脏了。		His shirt was stained with sauce.
			历史不是他的主修课。		History is not his major subject.
			明天晚上九点怎么样？		How about tomorrow night at nine?
			我们怎么付钱？		How are we going to pay for that?
			你今天早上感覺如何？		How are you feeling this morning?
			你怎么从你的房间里出来？		How did you get out of your room?
			你在日本住多久了？		How long have you lived in Japan?
			你春假放多久？		How long is your spring vacation?
			汤姆在这里工作了几年？		How many years did Tom work here?
			现在我几乎不看电视。		I almost never watch TV nowadays.
			我已经和这个学生谈过话了。		I already talked to this student.
			我跟他總是相處得很好。		I always get along well with him.
			我要求他明天去那裡。		I asked him to go there tomorrow.
			我给你带了点东西。		I brought you a little something.
			我在車站碰到他。		I bumped into him at the station.
			我不懂他的意思。		I can't figure out what he means.
			我不禁欣賞他的才華。		I can't help admiring his talent.
			我不記得怎麼去那裡了。		I can't remember how to go there.
			我想不到好的用户名		I can't think of a good username.
			我不懂发生了什么。		I can't understand what happened.
			我等不及要去度假。		I can't wait to go on a vacation.
			我把盒子扛在肩上。		I carried the box on my shoulder.
			我可以回答所有问题。		I could answer all the questions.
			我不知道它是从哪里来的。		I didn't know where it came from.
			我不允许有人在课上睡觉。		I do not allow sleeping in class.
			我比以前吃得少了。		I don't eat as much as I used to.
			我不指望从你身上得到什么。		I don't expect anything from you.
			我也不想玩。		I don't feel like playing either.
			我毫无顾虑。		I don't have a care in the world.
			我没有别的问题了。		I don't have any other questions.
			我不知道，他也不知道。		I don't know and neither does he.
			我不知道如何烹調鹿肉。		I don't know how to cook venison.
			我不知道汤姆往哪去了。		I don't know where Tom was going.
			我不知道该和谁商量好。		I don't know who to consult with.
			我不介意在雨中漫步。		I don't mind walking in the rain.
			我不需要你或别的人。		I don't need you or anybody else.
			我认为没人能做到。		I don't think anyone can do this.
			我一點也不懂德語。		I don't understand German at all.
			我完全不懂德语。		I don't understand German at all.
			这里面我有很多不懂的。		I don't understand much about it.
			我不明白這句話。		I don't understand this sentence.
			我不明白那是什麼意思。		I don't understand what it means.
			我不想承担这样一个风险。		I don't want to take such a risk.
			我鼓励汤姆更努力学习。		I encouraged Tom to study harder.
			我詳細地解釋了原因。		I explained the reason in detail.
			我感覺又變成了少年。		I feel like I'm a teenager again.
			我感觉有滴雨落在头上。		I felt a drop of rain on my head.
			我在你的桌子抽屉里找到了这个。		I found this in your desk drawer.
			我每年夏天都去鄉下。		I go to the country every summer.
			我起来的时候天还是黑的呢。		I got up while it was still dark.
			今晚我度过了一段非常美好的时光。		I had a really nice time tonight.
			昨天晚饭吃的鱼。		I had fish for dinner last night.
			我昨天必須加班。		I had to work overtime yesterday.
			有今天有點頭疼。		I have a bit of a headache today.
			我有今晚的預訂。		I have a reservation for tonight.
			我一点也没有要辞职的意思。		I have no intention of resigning.
			我有一些照片給你看。		I have some pictures to show you.
			我好久没坐帆船了。		I haven't been sailing for years.
			我还没看过那段视频。		I haven't watched that video yet.
			听说你有新女朋友了。		I hear you have a new girlfriend.
			我听到了一个很有意思的谣言。		I heard a very interesting rumor.
			我希望经济很快复苏起来。		I hope the economy picks up soon.
			我打算去理髮店。		I intend to go to the barbershop.
			我知道你知道我知道。		I know that you know that I know.
			我喜欢和你一起吃早饭。		I like having breakfast with you.
			我喜欢和你一起吃早餐。		I like having breakfast with you.
			我爱你胜过其他任何一个人。		I love you more than anyone else.
			我昨天非常想念你。		I missed you very much yesterday.
			我需要一副好的太陽眼鏡。		I need a good pair of sunglasses.
			我不想做你老婆了。		I no longer wish to be your wife.
			我常常在河裡游泳。		I often go swimming in the river.
			我拒绝回答你的问题。		I refuse to answer your question.
			我跟我姐姐共用同一間臥房。		I share a bedroom with my sister.
			我每天工作时都讲法语。		I speak French every day at work.
			我在海邊度假。		I spent my vacation at the beach.
			我购买一本书花费了三十美元。		I spent thirty dollars on a book.
			我上週跟我叔叔住在一起。		I stayed with my uncle last week.
			我认为我能跑得跟汤姆一样快。		I think I can run as fast as Tom.
			我想我把錢包放家裡了。		I think I left my wallet at home.
			我覺得她知道真相。		I think that she knows the truth.
			我认为这外套应该适合你。		I think this coat should fit you.
			我认为你知道那不是真的。		I think you know that's not true.
			我觉得你应该多休息一会儿。		I think you should get more rest.
			我看你该做这交易。		I think you should make the deal.
			我觉得那是个很棒的故事。		I thought that was a great story.
			我告訴了警察我所知道的。		I told the policeman what I knew.
			我相信我能再見到你。		I trust that I can see you again.
			我理解你所说的一切。		I understand everything you said.
			我理解汤姆的观点。		I understood Tom's point of view.
			我早餐通常吃得很清淡。		I usually have a light breakfast.
			星期天我通常待在家裡。		I usually stay indoors on Sunday.
			我拜訪了我祖母的房子。		I visited my grandmother's house.
			我走了四分之三英里。		I walked three-fourths of a mile.
			我要更多詳細的訊息。		I want more detailed information.
			我想成为决策的人。		I want to be the one who decides.
			我今天想去看電影。		I want to go to the movies today.
			我想去滑冰场。		I want to go to the skating rink.
			我想学标准的英语。		I want to learn standard English.
			我想認識你姐姐。		I want to meet your older sister.
			我明年想出国留学。		I want to study abroad next year.
			我想要大家伙帮我个忙。		I want you guys to do me a favor.
			我在一九七二年十月十日出生。		I was born on October 10th, 1972.
			我要在這裡工作一整天。		I was going to work here all day.
			我只是試著保護你。		I was just trying to protect you.
			晚饭后我洗了碗碟。		I washed the dishes after supper.
			晚饭后我洗了餐具。		I washed the dishes after supper.
			我没有在事故中受伤。		I wasn't injured in the accident.
			我非常注意我的體重。		I watch my weight very carefully.
			我昨天去了醫院。		I went to the hospital yesterday.
			我希望他来信更勤些。		I wish he would write more often.
			要是你能在那裡就好了。		I wish you could have been there.
			我希望你告訴我真相了。		I wish you had told me the truth.
			我纳闷我为什么不该那样做。		I wonder why I shouldn't do that.
			我想知道她的故事是否是真的。		I wondered if her story was true.
			我喜欢视野好的房子。		I'd like a room with a good view.
			我想再要些麵包，謝謝。		I'd like some more bread, please.
			我要三磅的雞肉。		I'd like three pounds of chicken.
			我想要订房。		I'd like to reserve a hotel room.
			明天我一整天都在家。		I'll be at home all day tomorrow.
			我載你到車站。		I'll drop you off at the station.
			我只会等三分钟。		I'll only wait for three minutes.
			我總是忙於功課。		I'm always busy with my homework.
			对于这份工作来说，我的年龄太老了。		I'm getting too old for this job.
			我在这，你想聊天吗？		I'm here, so do you want to chat?
			我只是担心我的体重。		I'm just worried about my weight.
			我不会再回来了。		I'm never coming back here again.
			我不挑剔，我什么都吃。		I'm not picky. I'll eat anything.
			我不确定当时我正在想什么。		I'm not sure what I was thinking.
			我对我的人生很满意。		I'm quite satisfied with my life.
			我甘心为你做任何事。		I'm ready to do anything for you.
			一直打扰你不好意思。		I'm sorry to bother you so often.
			我是唯一能做到那个的人。		I'm the only one who can do that.
			我厌倦了看电视。		I'm tired of watching television.
			我太累了，做不了功课。		I'm too sleepy to do my homework.
			我对语言很感兴趣。		I'm very interested in languages.
			我改了一下我网站的版面设计。		I've changed my website's layout.
			我改了一下我的网站的布局。		I've changed my website's layout.
			我从没有爬过这座山。		I've never climbed this mountain.
			我很久没见过他了。		I've not seen him in a long time.
			我好久不见他了。		I've not seen him in a long time.
			如果明天下雨，我就不去。		If it rains tomorrow, I won't go.
			要是你来得了，那就太好了。		If you came, that would be great.
			说谎总是一种罪吗？		Is it always a sin to tell a lie?
			你怎么想无关紧要。		It doesn't matter what you think.
			一天天热起来了。		It is becoming warmer day by day.
			車開得這麼快很危險。		It is dangerous to drive so fast.
			生活在日本很昂貴。		It is expensive to live in Japan.
			要精通英語不容易。		It is not easy to master English.
			盯著陌生人看是不禮貌的。		It is rude to stare at strangers.
			这不是任何人都能做的事。		It isn't something anyone can do.
			昨天上午下大雨。		It rained hard yesterday morning.
			似乎很明顯他病了。		It seems obvious that he is sick.
			看起来我们是在一条船上。		It seems we are in the same boat.
			完全按您想的来。		It will be done just as you wish.
			开个聚会很好。		It would be nice to have a party.
			它至少要花五美元。		It'll cost at least five dollars.
			盯著人看是不禮貌的。		It's impolite to stare at people.
			这里夏天非常炎热。		It's very hot here in the summer.
			只要把那些包包放在任何地方都行。		Just put those packages anywhere.
			让孩子远离池塘。		Keep children away from the pond.
			留着你的钱吧，我不想要它。		Keep your money. I don't want it.
			讓我知道你住在哪裡。		Let me know where you're staying.
			生活就像一盒巧克力。		Life is like a box of chocolates.
			没有爱的人生没有意义。		Life without love has no meaning.
			看外面正在发生什么。		Look at what's happening outside.
			小心！有卡車！		Look out! There's a truck coming!
			许多苍鹭在沼泽地中生活。		Lots of herons live in the marsh.
			许多男生和女生都出席了。		Many boys and girls were present.
			許多人在排隊等候。		Many people were waiting in line.
			玛丽买了一件衬衫和一件女式衬衫。		Mary bought a shirt and a blouse.
			上週日我的老闆要我工作。		My boss made me work last Sunday.
			我哥哥和我共用這間房間。		My brother and I shared the room.
			我爸爸每天都记日记。		My dad keeps a journal every day.
			今天早上我耳朵流血了。		My ear was bleeding this morning.
			我爸爸有点守旧。		My father is a bit old-fashioned.
			我爸爸是个钓鱼高手。		My father is a skilled fisherman.
			我父親今天下午有空。		My father is free this afternoon.
			我父亲现在在医院。		My father is in the hospital now.
			我父親每天散步。		My father takes a walk every day.
			这条项链是我奶奶送给我的。		My grandma gave me this necklace.
			我家离这儿很远。		My house is a long way from here.
			妈妈正在准备早餐。		My mother is preparing breakfast.
			我母亲昨天很晚还醒着。		My mother was up late last night.
			我的耐心快要耗尽了。		My patience is nearing its limit.
			我妹妹正在玩洋娃娃。		My sister is playing with a doll.
			永遠不要忘記關火。		Never forget to put out the fire.
			不论去哪，我都会迷路。		No matter where I go, I get lost.
			已经没人来拜访我了。		No one comes to visit me anymore.
			别的狗都没这只狗大。		No other dog is bigger than this.
			不入虎穴，焉得虎子。		Nothing ventured, nothing gained.
			没有挑战就没有收获。		Nothing ventured, nothing gained.
			在這一點上意見不一。		Opinion is divided on this point.
			人们仍然认为汤姆说谎。		People still think Tom is a liar.
			请为这位女士叫辆出租车。		Please call a taxi for this lady.
			等一下請打電話到我住的旅館。		Please call me at my hotel later.
			請開車開慢一點。		Please drive the car more slowly.
			請原諒我遲到。		Please forgive me for being late.
			請讓我知道你要什麼。		Please let me know what you want.
			请把桌子向左移。		Please move the desk to the left.
			抱歉那么晚来。		Please pardon me for coming late.
			请告诉我为什么汤姆被炒了。		Please tell me why Tom was fired.
			米的产量减少了。		Production of rice has decreased.
			記得稱讚她的新洋裝。		Remember to admire her new dress.
			修理将要花费很多钱。		Repairs will cost a lot of money.
			拼命地跑		Run like your life depends on it.
			她總是關心我的健康。		She always cared about my health.
			她總是低聲地說話。		She always speaks in a low voice.
			我和她是兄妹。		She and I are brother and sister.
			她和我是姐弟。		She and I are brother and sister.
			她請他打開窗口。		She asked him to open the window.
			她为我们煮了一顿美味的晚餐。		She cooked us a delicious dinner.
			她一邊讀這封信一邊哭。		She cried as she read the letter.
			她把他形容为侦探。		She described him as a detective.
			她没有试图掩盖真相。		She didn't try to hide the truth.
			她跳入了游泳池。		She dived into the swimming pool.
			她不在乎她的穿著。		She doesn't care how she dresses.
			她不喜欢去学校。		She doesn't like going to school.
			她不喜欢我说话的方式。		She doesn't like the way I speak.
			她已经不向我微笑了。		She doesn't smile for me anymore.
			她上女子高中。		She goes to a girls' high school.
			她每星期去作一次健美操。		She goes to aerobics once a week.
			她大方地道歉。		She had the decency to apologize.
			她恰巧知道他的地址。		She happened to know his address.
			她必須照顧她的母親。		She has to look after her mother.
			她把画挂反了。		She hung the picture upside down.
			她把我介紹給她的弟弟認識。		She introduced me to her brother.
			她一天一天地好轉。		She is getting better day by day.
			她今年秋天要結婚。		She is getting married this fall.
			她没她看上去那么年轻。		She is not as young as she looks.
			她喜欢为她的家人做饭。		She likes cooking for her family.
			她没有辜负我们的期望。		She lived up to our expectations.
			她可以为她的女儿感到骄傲。		She may be proud of her daughter.
			她终生未婚。		She remained single all her life.
			她在树枝上把自己的裙子扯烂了。		She ripped her dress on a branch.
			她站在镜子前。		She stood in front of the mirror.
			她停下来抽了根烟。		She stopped to smoke a cigarette.
			她给我讲了一个有趣的故事。		She told me an interesting story.
			她正要离开家。		She was about to leave the house.
			她被指责说了谎。		She was accused of telling a lie.
			她浑身酸痛。		She was aching from head to foot.
			她怕過馬路。		She was afraid to cross the road.
			她穿著深褐色的鞋子。		She was wearing dark brown shoes.
			她和男人一起工作。		She worked side by side with men.
			她问这怎么可能。		She's asking how that's possible.
			我们该不该再加点盐？		Should we add a little more salt?
			难道不该有人帮汤姆吗？		Shouldn't someone be helping Tom?
			你今天不是应该在学校的吗？		Shouldn't you be at school today?
			有些人只追求快乐。		Some people pursue only pleasure.
			我的车出了点事。		Something has happened to my car.
			聊胜于无。		Something is better than nothing.
			在波士顿正发生着什么事。		Something is happening in Boston.
			說英語很有趣。		Speaking English is a lot of fun.
			突然间，鸦雀无声。		Suddenly, everything fell silent.
			瑞士是一个中立的国家。		Switzerland is a neutral country.
			想吃多少饼干就吃多少。		Take as many cookies as you want.
			你想拿多少桃子就拿多少。		Take as many peaches as you like.
			慢慢来，没那么急。		Take your time. There's no hurry.
			谢谢你把我加为好友。		Thanks for adding me as a friend.
			病人随时会死。		That patient may die at any time.
			那架飞机五点起飞。		That plane will take off at five.
			她穿那件紅色的衣服很好看。		That red dress looks good on her.
			那是我生命中最美的一天。		That was the best day of my life.
			那不是一颗真正的钻石，对吗？		That's not a real diamond, is it?
			那是我在这里的另外一个理由。		That's the other reason I'm here.
			这就是我出生的村庄。		That's the village I was born in.
			美国与加拿大相邻。		The United States borders Canada.
			空調故障了。		The air conditioner doesn't work.
			观众深受感动。		The audience was deeply affected.
			鸟儿成群飞着。		The birds were flying in a group.
			桥在建造中。		The bridge is under construction.
			猫在椅子上睡觉。		The cat is sleeping on the chair.
			這隻狗穿過街道。		The dog walked across the street.
			办公室的门是黄色的。		The door of the office is yellow.
			历史课九点开始。		The history class starts at nine.
			女士们身着晚礼服。		The ladies were in evening dress.
			这里是湖最深的地方。		The lake is deepest at this spot.
			图书馆周日不开门。		The library is closed on Sundays.
			机器蒙上了一层灰。		The machine was coated with dust.
			影片得到的评价褒贬不一。		The movie received mixed reviews.
			这一消息证实了我的怀疑。		The news confirmed my suspicions.
			痛开始减轻了。		The pain has started to ease now.
			派对延期了一周。		The party was put off for a week.
			雨大得让我不能走。		The rain prevented me from going.
			她穿這套紅色的洋裝很好看。		The red dress looked good on her.
			谣言最后被证明是假的。		The rumor turned out to be false.
			食物的味道讓我餓了。		The smell of food made me hungry.
			大雪降低了能見度。		The snow was reducing visibility.
			桌上布满了粉末。		The table is covered with powder.
			城市安睡了。		The town was sleeping peacefully.
			墙上沾满了血。		The walls are covered with blood.
			有望会变晴。		The weather promises to clear up.
			全家都病倒了。		The whole family was sick in bed.
			年轻人应该尊敬老人。		The young should respect the old.
			他们的评论很有启发性。		Their comments were illuminating.
			他们的友情深深地感动了我们。		Their friendship moved us deeply.
			这湖里有许多鱼。		There are many fish in this lake.
			人生中有許多不可解的事物。		There are many mysteries in life.
			书桌上有几本书。		There are some books on the desk.
			我的袋子裡有草莓。		There are strawberries in my bag.
			桌子上有一臺電腦。		There is a computer on the table.
			写字台下是一只苹果。		There is an apple under the desk.
			十點鐘有一班火車。		There is the train at 10 o'clock.
			昨天下小雨。		There was a light rain yesterday.
			有一隻大蒼蠅在天花板上。		There's a big fly on the ceiling.
			再试也无济于事了。		There's no point in trying again.
			没办法。		There's nothing that can be done.
			这些人讨厌所有的外国人。		These people hate all foreigners.
			他们任命他为经理。		They appointed him as a director.
			他们在互相交谈。		They are talking with each other.
			他们错把他当成他的兄弟。		They mistook him for his brother.
			他们被埋在一座大坟墓里。		They were buried in a mass grave.
			他们被老师训斥了。		They were scolded by the teacher.
			他们会让我们知道发生了什么。		They'll let us know what happens.
			这个球是那个男孩的宝贝。		This ball is that boy's treasure.
			這件藍色毛衣很漂亮。		This blue sweater is very pretty.
			这本书对我来说很难读。		This book is hard for me to read.
			这本书值得再看一遍。		This book is worth reading again.
			这个洋娃娃是婶婶给我的礼物。		This doll is a gift from my aunt.
			这是一个例外。		This is an exception to the rule.
			這是他住的房子。		This is the house where he lived.
			这封信寄错地方了。		This letter is wrongly addressed.
			这个月我过得有点艰难。		This month was kind of difficult.
			這部電影值得再看一遍。		This movie is worth seeing again.
			这句话没意思。		This sentence doesn't make sense.
			这西装好像真的很贵。		This suit seems really expensive.
			這拉鍊卡卡的。		This zipper doesn't zip smoothly.
			可以相信他到什麼程度？		To what extent can he be trusted?
			汤姆和玛丽的家很乱。		Tom and Mary's home is cluttered.
			汤姆昨天晚上到了波士顿。		Tom arrived in Boston last night.
			汤姆没法压抑自己的怒火了。		Tom couldn't hold back his anger.
			汤姆不接受玛丽的道歉。		Tom didn't accept Mary's apology.
			汤姆似乎没有很难过。		Tom didn't seem to be very upset.
			汤姆没跟我说太多关于它的事。		Tom didn't tell me much about it.
			汤姆不知道怎样玩得开心。		Tom doesn't know how to have fun.
			汤姆不喜欢戴手表。		Tom doesn't like to wear a watch.
			汤姆在会议期间打瞌睡。		Tom dozed off during the meeting.
			汤姆鼓励玛丽再去尝试一次。		Tom encouraged Mary to try again.
			汤姆在晚会玩的很开心。		Tom enjoyed himself at the party.
			汤姆在洞穴里找到了一具骨架。		Tom found a skeleton in the cave.
			汤姆把我们需要的一切都给我们了。		Tom gave us everything we needed.
			汤姆去年得了心脏病。		Tom had a heart attack last year.
			汤姆害怕坐地铁。		Tom is afraid to ride the subway.
			汤姆掌握了三种语言。		Tom is fluent in three languages.
			汤姆在厨房里泡茶。		Tom is in the kitchen making tea.
			汤姆已经退休了不是吗？		Tom is retired already, isn't he?
			汤姆在尝试为玛丽找一份工作。		Tom is trying to find Mary a job.
			汤姆非常勇敢，不是么？		Tom is very courageous, isn't he?
			汤姆刚从澳大利亚回来。		Tom just got back from Australia.
			汤姆把伞落在了巴士上。		Tom left his umbrella on the bus.
			汤姆把他的雨伞忘在了公交车上。		Tom left his umbrella on the bus.
			汤姆可能能在明天来。		Tom may be able to come tomorrow.
			汤姆经常不守约。		Tom often fails to keep his word.
			汤姆说玛丽应该现在行动。		Tom said Mary should do that now.
			汤姆见证了所有发生的事情。		Tom saw everything that happened.
			汤姆现在应该已经完成了。		Tom should've finished it by now.
			汤姆还是不知道真相。		Tom still doesn't know the truth.
			汤姆告诉玛丽她是对的。		Tom told Mary that she was right.
			汤姆想跟你说玛丽的事。		Tom wants to tell you about Mary.
			汤姆在三年之后被杀了。		Tom was killed three years later.
			汤姆被警察盘问。		Tom was questioned by the police.
			汤姆在他的小屋里等着。		Tom was waiting inside his cabin.
			汤姆会在几天后后到达那里。		Tom will be there for a few days.
			汤姆做不了那项工作。		Tom won't be able to do that job.
			汤姆奇怪为什么玛丽哭。		Tom wondered why Mary was crying.
			汤姆在没有窗户的办公室里工作。		Tom works in a windowless office.
			汤姆是这个班级里唯一的男生。		Tom's the only guy in this class.
			明天是个大日子。		Tomorrow's going to be a big day.
			我们将于下周日结婚。		We are to be married next Sunday.
			我们别无选择只能冒着危险。		We have no choice but to risk it.
			我们必须查明汤姆在哪里。		We have to find out where Tom is.
			我们必须在五分钟之内离开。		We have to leave in five minutes.
			我们应该把那件事情告知他们。		We should inform them about that.
			我们还剩很多食物。		We still have a lot of food left.
			我们像澄清这个问题		We want to clear up this problem.
			我们去了林中散步。		We went for a walk in the forest.
			我们认识有好些年了。		We've known each other for years.
			你把鍋鏟怎麼處理了？		What did you do with the spatula?
			你用你的照相机做了什么？		What did you do with your camera?
			你觉得这些诗怎么样？		What do you think of these poems?
			汤姆想吃的是什么？		What is it that Tom wants to eat?
			你到底在这里干什么？		What on earth are you doing here?
			您最喜欢哪个季节？		What season do you like the best?
			波斯顿那时的情况如何？		What was the situation in Boston?
			你在阁楼上做了什么？		What were you doing in the attic?
			今天早上你在做什么？		What were you doing this morning?
			你说的话在逻辑上有问题。		What you're saying isn't logical.
			我问题的回答是什么？		What's the answer to my question?
			明天的天气预报怎么说？		What's the forecast for tomorrow?
			您此行的目的是什麼？		What's the purpose of your visit?
			你此行的目的是什麼？		What's the purpose of your visit?
			她答应几时见他？		When did she promise to meet him?
			你一般几点下班？		When do you usually get off work?
			你们一般几点下班？		When do you usually get off work?
			您一般几点下班？		When do you usually get off work?
			这所大学是什么时候建的？		When was this university founded?
			那些人一見面就吵架。		Whenever they meet, they quarrel.
			你要去哪裡吃午飯？		Where are you going to eat lunch?
			你明天想去那里？		Where do you want to go tomorrow?
			昨天晚上你在哪裡？		Where were you yesterday evening?
			你去过哪些国家？		Which countries have you visited?
			那边的两位女士是谁？		Who are the two women over there?
			你为什么给我这些钱？		Why are you giving me this money?
			为什么你买了旅行保险？		Why did you buy travel insurance?
			为什么你花了所有钱？		Why did you use up all the money?
			你为什么不读这杂志呢？		Why didn't you read the magazine?
			您为什么想买这本书？		Why do you want to buy this book?
			他明天能来吗？		Will he be able to come tomorrow?
			你愿意给我看看你买了什么吗？		Will you show me what you bought?
			酒是灌入瓶中的诗。		Wine is poetry put into a bottle.
			你能让我看看吗？		Would you like me to take a look?
			请把电视机关掉好吗？		Would you please turn off the TV?
			你喜欢什么时候打给我就什么时候打。		You can call me anytime you like.
			你可以在地上挖土。		You can dig dirt from the ground.
			你可以說你想說的話。		You can say whatever you want to.
			你想要待多久就待多久。		You can stay as long as you like.
			你什么也做不了。		You can't do anything about that.
			你该早一点起床。		You must get up a little earlier.
			晚飯後你不可以外出。		You must not go out after dinner.
			你不可以妄下結論。		You must not jump to conclusions.
			你需要装修你的房间。		You need to redecorate your room.
			你比我记得好。		You remember it better than I do.
			你应该马上回来。		You should come back immediately.
			你应该作最坏的准备。		You should prepare for the worst.
			你最好請教你的醫生。		You'd better consult your doctor.
			不做不知道。		You'll never know unless you try.
			不去做就不知道。		You'll never know unless you try.
			你们是汤姆的父母，对吧？		You're Tom's parents, aren't you?
			你的體型比我的好。		You're in better shape than I am.
			你年龄足够大了，该了解更多。		You're old enough to know better.
			你的腳踏車比我的好。		Your bicycle is better than mine.
			你成绩比我好。		Your grades are better than mine.
			你的第二顆鈕扣快掉了。		Your second button is coming off.
			你的建議似乎是合理的。		Your suggestion seems reasonable.
			“她也会来吗？”“我希望是这样。”		"""Is she coming, too?"" ""I hope so."""
			大好的前途摆在他面前。		A brilliant future lay before him.
			休息几天会对你好的。		A few days' rest will do you good.
			笔记本电脑比台式电脑好。		A laptop is better than a desktop.
			一个陌生人进了大楼。		A stranger came into the building.
			在公车上，一个陌生人和我说了话。		A stranger spoke to me on the bus.
			在公車上，一位陌生人跟我搭話。		A stranger spoke to me on the bus.
			我的软件全都是开源的。		All of my software is open source.
			各种人住在东京。		All sorts of people live in Tokyo.
			所有苹果树都被砍倒了。		All the apple trees were cut down.
			課堂上所有的男生都很用功。		All the boys in class worked hard.
			虽然正在下雪，但是我也非去不可。		Although it is snowing, I must go.
			阿拉伯语要从右往左读。		Arabic is read from right to left.
			是有人花钱让你做这事吗？		Are you being paid for doing this?
			你感觉不舒服吗？		Are you feeling under the weather?
			你确定你没见过他吗？		Are you sure you've never met him?
			他一看見我，就跑了。		As soon as he saw me, he ran away.
			奥克兰是一座新西兰的城市。		Auckland is a city in New Zealand.
			汽车在汽车工厂里生产。		Automobiles are made in factories.
			请带一张纸给我。		Bring me a sheet of paper, please.
			布什继里根之后当上了总统。		Bush followed Reagan as president.
			我能预定一下打高尔夫球吗？		Can I make a reservation for golf?
			这个我们明天能解决吗？		Can we take care of this tomorrow?
			您可以在三天内完成吗？		Can you finish this in three days?
			小孩儿不能在这条河里游泳。		Children can't swim in this river.
			您十一点时来看我吧。		Come and see me at eleven o'clock.
			马上！我就来！		Coming! I'll be there in a minute!
			比較你和他的翻譯。		Compare your translation with his.
			你能翻译这个句子吗？		Could you translate this sentence?
			你买石榴汁了吗？		Did you buy the pomegranate juice?
			昨晚你把她送回家了吗？		Did you drive her home last night?
			你今天早上喂过狗了吗？		Did you feed the dog this morning?
			你知道他们什么时候到吗？		Do you know when they will arrive?
			你不懂基本逻辑吗？		Do you not understand basic logic?
			你觉得我的工作简单吗？		Do you think that my work is easy?
			你想要另一杯咖啡吗？		Do you want another cup of coffee?
			你想要我叫警察吗？		Do you want me to call the police?
			不可被她的外表蒙騙。		Don't be fooled by her appearance.
			不要相信你聽到的每件事。		Don't believe everything you hear.
			别为玛丽犯的错责备汤姆。		Don't blame Tom for what Mary did.
			别用铅笔签合同。		Don't sign the contract in pencil.
			你不想知道原因吗？		Don't you want to know the reason?
			趁汤没凉之前喝下。		Eat your soup before it gets cold.
			這房子裡的每一扇門都被鎖上了。		Every door in the house is locked.
			大家都想坐在她旁边。		Everybody wants to sit beside her.
			他来这里的目的是什么？		For what purpose did he come here?
			您是从哪个学校毕业的？		From what school did you graduate?
			德国曾是意大利的同盟国。		Germany was once an ally of Italy.
			知足常乐。		Happy is the man who is contented.
			汤姆在医院待得久吗？		Has Tom been in the hospital long?
			你摔坏过你的眼镜吗？		Have you ever broken your glasses?
			他向他的朋友借錢。		He borrowed money from his friend.
			他的頭撞到了一根柱子。		He bumped his head against a post.
			他否认偷了钱。		He denied having stolen the money.
			除非有人跟他說話，他不說話。		He did not speak unless spoken to.
			他不太关注棒球。		He doesn't care much for baseball.
			他喝很少的水。		He drank very little of the water.
			他赚的比我多三倍。		He earns three times more than me.
			他最终决定结婚。		He finally decided to get married.
			他给了我食物和钱。		He gave me food and money as well.
			他让他的妻子补好衬衫。		He got his wife to mend his shirt.
			她很懂法語。		He has a good knowledge of French.
			他有豐富的經驗。		He has a great deal of experience.
			他在银行里有大量钱财。		He has a lot of money in the bank.
			他有抱負，所以他很努力工作。		He has ambition, so he works hard.
			他模仿了梵高的作品。		He imitated the works of Van Gogh.
			他有能力教授西班牙文。		He is capable of teaching Spanish.
			他决心去英国。		He is determined to go to England.
			他正在学怎么开车。		He is learning how to drive a car.
			他和一个美国女人结婚了。		He is married to an American lady.
			他已經到了能瞭解它的年紀。		He is old enough to understand it.
			他今晚会来我家。		He is to come to my house tonight.
			他比我高两寸。		He is two inches taller than I am.
			他对结果不满意。		He is unsatisfied with the result.
			他非常擅長拉小提琴。		He is very good at playing violin.
			他喜欢独自散步。		He likes taking a walk by himself.
			他住在那邊的那間房子。		He lives in that house over there.
			他設法穿過了人群。		He made his way through the crowd.
			他設法使收支平衡。		He managed to make both ends meet.
			他可能錯過了最後一班火車。		He may have missed the last train.
			他可能搭錯火車了。		He may have taken the wrong train.
			他今天必須完成他的功課。		He must finish his homework today.
			他拒绝跟我握手。		He refused to shake hands with me.
			他经济上依靠他的太太。		He relies on his wife financially.
			他說他要一些錢。		He said that he wanted some money.
			他很少給他的妻子禮物。		He seldom gives his wife presents.
			他給我看了他的影集。		He showed me his photograph album.
			他给我们看他母亲的照片。		He showed us his mother's picture.
			他很年輕就開始禿頭了。		He started going bald quite young.
			他自认为他自己是个伟大的诗人。		He thinks that he is a great poet.
			他丢了块肉给一条狗。		He threw a piece of meat to a dog.
			他朝狗扔了一块肉。		He threw a piece of meat to a dog.
			他参加了奥运会。		He took part in the Olympic Games.
			他怕被嘲笑。		He was afraid of being laughed at.
			他累了，但是他繼續工作。		He was tired, but he kept working.
			他迟早会回来的。		He will come back sooner or later.
			他该去火车站了。		He will have to go to the station.
			他比你高一點點。		He's a little taller than you are.
			他担心他可能会迟到。		He's afraid that he might be late.
			他總是缺錢。		He's always running short of cash.
			他有许多不愉快的经历。		He's had many unhappy experiences.
			他非常喜欢科幻小说。		He's very fond of science fiction.
			她母亲一直陪着她。		Her mother always accompanies her.
			她的新髮型遮住了耳朵。		Her new hairstyle covers her ears.
			他的行为值得尊重。		His behavior is worthy of respect.
			他的弟弟總是在看電視。		His brother is always watching TV.
			他家在这儿某处。		His house is somewhere about here.
			他的话深深触动了我们。		His speech impressed us very much.
			你在波士顿住了多久？		How long have you lived in Boston?
			火车要在这里停多久？		How long will the train stop here?
			一周有几天？		How many days are there in a week?
			你每天睡几个小时？		How many hours a day do you sleep?
			你还剩下几张票？		How many tickets do you have left?
			你看這看了多少次？		How many times have you seen this?
			快點！我不能再等了。		Hurry up! I can't wait any longer.
			我很高兴你们成功了。		I am glad that you have succeeded.
			我週日哪裡也不去。		I am not going anywhere on Sunday.
			他们的计划我一无所知。		I am quite ignorant of their plan.
			我相信你很快就能复原。		I believe you'll get over it soon.
			我在百貨公司買了它。		I bought it at a department store.
			我开门的时候弄坏了锁。		I broke the lock opening the door.
			我来警告你别那样做。		I came to warn you not to do that.
			我不敢相信汤姆那么做了。		I can't believe Tom just did that.
			我承認偷了錢。		I confessed to stealing the money.
			我忍不住要大笑。		I could hardly keep from laughing.
			我不同意他的看法。		I couldn't agree with his opinion.
			我给自己的邮件做了一份档案。		I created an archive of my emails.
			我也没想到我会在这里。		I didn't expect to be here either.
			上周一我没去上学。		I didn't go to school last Monday.
			我不知道汤姆是你的堂兄。		I didn't know Tom was your cousin.
			我没有告诉任何人你做了什么。		I didn't tell anyone what you did.
			我不觉得汤姆能赢。		I didn't think that Tom could win.
			我不相信鬼魂存在。		I don't believe that ghosts exist.
			我不怪你撞到他。		I don't blame you for hitting him.
			我不知道现在应该做什么。		I don't know what I should do now.
			我不知道用什么能打开它。		I don't know what to open it with.
			我不知道她是什么时候结婚的。		I don't know when she got married.
			我不知道你要去哪。		I don't know where you want to go.
			我天黑后不喜欢出门。		I don't like to go out after dark.
			我不认为她很在意。		I don't think she cares very much.
			我想没这个必要。		I don't think that it's necessary.
			我一点英语也不懂。		I don't understand English at all.
			我不想做任何冒險的事。		I don't want to do anything risky.
			我不想接受手術。		I don't want to have an operation.
			我不想談我自己。		I don't want to talk about myself.
			我每三个月献一次血。		I donate blood every three months.
			我在他的公司裡覺得很舒服。		I feel comfortable in his company.
			我突然好想大叫。		I felt an impulse to cry out loud.
			長途步行後我覺得餓了。		I felt hungry after the long walk.
			我覺得我的名譽受到了威脅。		I felt that my honor was at stake.
			我終於說服了他買它。		I finally persuaded him to buy it.
			我发现一家很好的墨西哥餐厅。		I found a good Mexican restaurant.
			我昨晚睡了五小时。		I got five hours sleep last night.
			我准时赶上了火车。		I got there in time for the train.
			我今天上午到了車站。		I got to the station this morning.
			我很累，但我感覺很好。		I got very tired, but I felt good.
			我同他们没有过共同之处。		I had nothing in common with them.
			说实话，我恨汤姆。		I hate Tom, to tell you the truth.
			我咳嗽，还有点发烧。		I have a cough and a little fever.
			我收到汤姆的一条紧急消息。		I have an urgent message from Tom.
			我刚从学校回来。		I have just come back from school.
			我拥有的书比我能读的书多。		I have more books than I can read.
			我跟他没啥共同点。		I have nothing in common with him.
			我要修冰箱。		I have to repair the refrigerator.
			我希望我能在死前做到。		I hope I can do that before I die.
			我期望能在圣诞节见到你。		I hope I can see you at Christmas.
			我希望汤姆已经吸取教训了。		I hope Tom has learned his lesson.
			我只是照著你的指示。		I just followed your instructions.
			我刚说了很蠢的话。		I just said something very stupid.
			我只是想有个人来帮助我。		I just wanted somebody to help me.
			我就是想让你看看这个。		I just wanted you to look at this.
			我知道汤姆知道我应该这样做		I know Tom knows I should do that.
			我喜欢学习外语。		I like to study foreign languages.
			我喜欢饭后散步。		I like to take a walk after meals.
			我每晚都听收音机。		I listen to the radio every night.
			我昨晚了聽一些唱片光碟。		I listened to some CDs last night.
			我期待著您的再次光臨。		I look forward to your next visit.
			我决定更努力地学习。		I made up my mind to study harder.
			我設法趕上了最後一班火車。		I managed to catch the last train.
			我从来没想到会发生那种事。		I never thought that would happen.
			我不同意她一个人去那儿。		I object to her going there alone.
			我在我的院子里种了棵桃树。		I planted a peach tree in my yard.
			我在超市碰到了汤姆。		I ran into Tom at the supermarket.
			我看见那儿有个很美的瀑布。		I saw a beautiful waterfall there.
			我见一只猫追着狗跑。		I saw a cat running after the dog.
			我見過狗游泳渡河。		I saw a dog swim across the river.
			我看到一个陌生人进了那间屋子。		I saw a stranger enter that house.
			我在窗户上看見了我的映像。		I saw my reflection in the window.
			我把咖啡倒翻在地毯上了。		I spilled my coffee on the carpet.
			我在波士頓待了三天。		I stayed in Boston for three days.
			我想我感到有點嫉妒。		I suppose I felt a little jealous.
			我觉得他有几分像个诗人。		I think he is something of a poet.
			我觉得最好别试。		I think it's better not to try it.
			我认为我的法语不太好。		I think my French isn't very good.
			我觉得他们很有意思。		I think that they're a lot of fun.
			我觉得我们得调低价格。		I think we should lower the price.
			我想你坐到我的座位了。		I think you're sitting in my seat.
			我本以为汤姆和玛丽疯了呢。		I thought Tom and Mary were crazy.
			我要去打汤姆，但是他避开了。		I tried to hit Tom, but he ducked.
			我通常約十一點鐘上床睡覺。		I usually got to bed about eleven.
			我通常七點吃早餐。		I usually have breakfast at seven.
			我想要按摩。我需要放松。		I want a massage. I need to relax.
			我想买一双滑雪靴。		I want to buy a pair of ski boots.
			我想吃點好吃的。		I want to eat something delicious.
			我想吃点好吃的。		I want to eat something delicious.
			我要汤姆向玛丽道歉		I wanted Tom to apologize to Mary.
			我整个下午都在花园里。		I was in the garden all afternoon.
			昨天的消息讓我感到震驚。		I was shocked by yesterday's news.
			该由我告诉汤姆。		I was the one who had to tell Tom.
			我累了，但是我睡不著。		I was tired, but I couldn't sleep.
			我被他的故事感染了。		I was very impressed by his story.
			他的故事給我留下了很深的印象。		I was very impressed by his story.
			我在晚上看電視。		I watch television in the evening.
			我昨天看了部很棒的電影。		I watched a great movie yesterday.
			早餐後我去散步了。		I went for a walk after breakfast.
			我明天下午有空。		I will be free tomorrow afternoon.
			我不知道我是不是伤害了汤姆的感情。		I wonder if I hurt Tom's feelings.
			我要一杯水，謝謝。		I'd like a glass of water, please.
			我想吃完飯再喝咖啡。		I'd like my coffee after the meal.
			我想更改我的預訂。		I'd like to change my reservation.
			待会我再和你谈谈。		I'll square things with you later.
			我会等在这儿直到他回来。		I'll wait here till he comes back.
			我会在这里等着到他回来的。		I'll wait here till he comes back.
			下周我会给你写信或打电话的。		I'll write or phone you next week.
			我怕她可能得了腮腺炎。		I'm afraid she may have the mumps.
			非常抱歉，我遲到了。		I'm awfully sorry that I was late.
			我開始忘掉法文了。		I'm beginning to forget my French.
			我正忙著找公寓。		I'm busy looking for an apartment.
			我要参加一个示威游行。		I'm going to join a demonstration.
			我在找有我尺寸的上衣。		I'm looking for a coat in my size.
			我在找一些固定工作。		I'm looking for some regular work.
			我期待再次見到他。		I'm looking forward to seeing him.
			我期待著見到你。		I'm looking forward to seeing you.
			我期待著您的光臨。		I'm looking forward to your visit.
			我很抱歉伤害了你的感情。		I'm so sorry I hurt your feelings.
			很抱歉让你遭这罪。		I'm sorry to put you through that.
			我正在大学里读经济。		I'm studying economics in college.
			我确定汤姆想来。		I'm sure Tom wanted to come along.
			我正等著這家店開門。		I'm waiting for the store to open.
			我一直都相信你的判断。		I've always trusted your judgment.
			我还是一个小男孩的时候就住在这里。		I've lived here since I was a boy.
			这样的话，我会改变主意。		In that case, I'll change my mind.
			附近有没有青年旅舍？		Is there a youth hostel near here?
			有什么想吃的吗？		Is there anything you want to eat?
			開車很好玩。		It is a lot of fun to drive a car.
			酒喝太多很危险。		It is dangerous to drink too much.
			这个问题很容易回答。		It is easy to answer the question.
			我觉得这难以置信。		It is hard for me to believe this.
			今天比昨天暖和。		It is warmer today than yesterday.
			你的狗看起来口渴了。		It looks like your dog is thirsty.
			他似乎什麼都知道。		It seems that he knows everything.
			看起来他什么都知道。		It seems that he knows everything.
			非常高興再次見到你。		It was very nice seeing you again.
			你似乎错了。		It would appear that you're wrong.
			它像婴儿的屁股一样光滑。		It's as smooth as a baby's bottom.
			学荷兰语不难。		It's not difficult to learn Dutch.
			讓我向你介紹我的母親。		Let me introduce my mother to you.
			让我再睡十分钟！		Let me sleep for ten more minutes.
			我们研究这个问题吧。		Let's get to work on that problem.
			我们等雨停吧。		Let's wait until it stops raining.
			和东京比，伦敦很小。		London is small compared to Tokyo.
			人类是唯一彼此交谈的动物。		Man is the only animal that talks.
			玛丽通常不戴首饰。		Mary doesn't usually wear jewelry.
			玛丽明天会来帮我们。		Mary is going to help us tomorrow.
			玛丽对她自己的美感到很自豪。		Mary prided herself on her beauty.
			玛丽把一些花放进了花瓶。		Mary put some flowers in the vase.
			帮我关下窗可以吗？		May I ask you to close the window?
			你可以给我画张画。		Maybe you could draw me a picture.
			我能问一下您的姓名和住址吗？		Might I ask your name and address?
			把椅子挪一挪靠近桌子。		Move the chair nearer to the desk.
			我最好的朋友舞跳得很好。		My best friend dances really well.
			我的老闆讓我很忙。		My boss is keeping me pretty busy.
			我的照相机在火车上被偷了。		My camera was stolen on the train.
			我爸爸明年春天就要退休了。		My father is retiring next spring.
			我爸爸常常洗碗。		My father often washes the dishes.
			我的想法和你的不同。		My ideas are different from yours.
			从她的年龄看来，我妈妈很年轻。		My mother looks young for her age.
			我的老婆孩子都依靠我。		My wife and children depend on me.
			没有药物能够治疗这种疾病。		No medicine can cure this disease.
			这首歌老少皆宜。		People of all ages like this song.
			打牌很有意思。		Playing cards is very interesting.
			请小心不要受伤了。		Please be careful not to get hurt.
			請給我些飲料喝。		Please give me something to drink.
			請隨意吃水果。		Please help yourself to the fruit.
			請留神看著我的手提箱。		Please keep an eye on my suitcase.
			請講慢一點。		Please speak a little more slowly.
			請好好照顧你自己。		Please take good care of yourself.
			請在車站等我。		Please wait for me at the station.
			她總是買昂貴的衣服。		She always buys expensive clothes.
			她立刻回信給我。		She answered my letter right away.
			她請他寄那封信。		She asked him to mail that letter.
			她无法看着他的脸。		She couldn't look him in the face.
			她用玫瑰花装饰了她的房间。		She decorated her room with roses.
			她好像没认出我。		She didn't appear to recognize me.
			她不想吃午飯。		She didn't feel like eating lunch.
			她不喜欢让自己丈夫喝醉。		She didn't like her husband drunk.
			她不想提了。		She doesn't want to talk about it.
			她发现这有点令她不快。		She finds it a little distasteful.
			她在香港有很多朋友。		She has many friends in Hong Kong.
			她坚持认为那是我的错。		She insisted that it was my fault.
			她在超市做秘书。		She is a clerk in the supermarket.
			她的母語是法語。		She is a native speaker of French.
			她为自己所做的事感到羞耻。		She is ashamed of what she's done.
			她渴望住在澳洲。		She is eager to live in Australia.
			她把她儿子独自留在了车里。		She left her son alone in the car.
			她一小时前离开了医院。		She left the hospital an hour ago.
			她给孩子们做了曲奇。		She made cookies for the children.
			她让我等了半小时。		She made me wait for half an hour.
			她可能是护士。我不太肯定。		She may be a nurse. I am not sure.
			她一定是搭錯了公車。		She must have taken the wrong bus.
			她把雜誌放在桌上。		She put the magazine on the table.
			晚飯後她讀日語。		She studied Japanese after dinner.
			她教我如何写诗。		She taught me how to write a poem.
			她告诉他说，她想要离婚。		She told him she wanted a divorce.
			她以前在週日打網球。		She used to play tennis on Sunday.
			她想在医院工作。		She wants to work at the hospital.
			顯然她害怕待在這裡。		She was visibly afraid to be here.
			她和她母親去購物。		She went shopping with her mother.
			从现在开始，由她来照顾你。		She will care for you from now on.
			出門前把你的鞋子擦亮。		Shine your shoes before going out.
			有些男孩走進了教室。		Some boys came into the classroom.
			有些人不应该原谅。		Some people shouldn't be forgiven.
			有人拍了拍我的肩膀。		Someone tapped me on the shoulder.
			有时我去，有时不去。		Sometimes I go, sometimes I don't.
			开口是银，沉默是金。		Speech is silver, silence is gold.
			深呼吸，然後放鬆。		Take a deep breath and then relax.
			起飛比降落容易。		Taking off is easier than landing.
			告诉她我在做晚饭。		Tell her that I am cooking dinner.
			非常谢谢你的礼物。		Thank you very much for your gift.
			那只黑鸟不是乌鸫。		That black bird isn't a blackbird.
			再糟糕不过了。		That couldn't have gone any worse.
			這家旅館非常靠近湖。		That hotel was very near the lake.
			那是他工作的辦公室。		That is the office where he works.
			這不是葡萄酒，是葡萄汁。		That isn't wine. It's grape juice.
			那药不会管用。		That medicine isn't going to help.
			这条河汇入太平洋。		That river flows into the Pacific.
			美国国旗有五十颗星。		The American flag has fifty stars.
			箭头表示行进方向。		The arrow indicates the way to go.
			银行星期六不营业。		The bank is not open on Saturdays.
			新娘好像非常漂亮。		The bride seems to be very pretty.
			巴西的首都是巴西利亚。		The capital of Brazil is Brasilia.
			委员会一个月召开两次。		The committee meets twice a month.
			公司取消了会议。		The company cancelled the meeting.
			公司很快就要倒闭了。		The company will soon go bankrupt.
			客服很出色。		The customer service is excellent.
			毒品是国际性的问题。		The drug problem is international.
			毒品问题是国际性的。		The drug problem is international.
			地球比太陽小。		The earth is smaller than the sun.
			猎人们用枪瞄准了大象。		The hunters aimed at the elephant.
			这是湖的最深处。		The lake is deepest at this point.
			风景对我来说很陌生。		The landscape is unfamiliar to me.
			你知道的越少越好，好吗？		The less you know, the better, OK?
			这座山被雪覆盖了。		The mountain is covered with snow.
			停车场是免费的。		The parking lot is free of charge.
			藥局在醫院附近。		The pharmacy is near the hospital.
			那幅画是黑白的。		The picture is in black and white.
			河的水位上升了。		The river's water level has risen.
			学生们在教室里。		The students are in the classroom.
			嫌疑人是一位白人女性。		The suspect is a caucasian female.
			这张票三日有效。		The ticket is good for three days.
			車票有效三天。		The ticket is good for three days.
			厕所冲水不正常。		The toilet doesn't flush properly.
			火车挤满了人。		The train was crowded with people.
			公园里有很多人。		There are many people in the park.
			罐子裡有一些餅乾。		There are some cookies in the jar.
			房里有个电视机。		There is a television in the room.
			昨晚下大雨。		There was a heavy rain last night.
			那儿除了我，一个人都没有。		There was no one there besides me.
			湖上有一些船。		There were some boats on the lake.
			我对此无能为力。		There's nothing I can do about it.
			这些机器目前不运转。		These machines aren't working now.
			這些玩具適合女生。		These toys are suitable for girls.
			他们从巴西远道而来。		They came all the way from Brazil.
			他们互相送礼物给对方。		They give presents to one another.
			这里只卖女鞋。		They only sell women's shoes here.
			他们报告目击了事故。		They reported seeing the incident.
			他们都穿着制服。		They were all dressed in uniforms.
			他们正努力降低成本。		They're trying to keep costs down.
			事情要失控了。		Things are getting out of control.
			这本书对我而言太贵了。		This book is too expensive for me.
			这个盒子没那个盒子大。		This box isn't as big as that one.
			这匹马有漂亮的大眼睛。		This horse has beautiful big eyes.
			这是我们之间的秘密。		This is secret between you and me.
			這是鎮上最便宜的商店。		This is the cheapest shop in town.
			这片湖是日本最深的。		This is the deepest lake in Japan.
			这药没有副作用。		This medicine has no side effects.
			这个理论很有争议。		This theory is very controversial.
			這班火車每站都停。		This train stops at every station.
			这项工作未必容易。		This work is not necessarily easy.
			那种鞋子用来登山是不行的。		Those shoes won't do for climbing.
			简而言之，我不同意。		To put it briefly, I do not agree.
			汤姆和玛丽有很多共同点。		Tom and Mary have a lot in common.
			汤姆问我是否同意他的意见。		Tom asked me if I agreed with him.
			汤姆打棒球打的非常好。		Tom certainly is good at baseball.
			汤姆似乎没有被吓到。		Tom didn't seem to be intimidated.
			汤姆不想跟任何人说话。		Tom didn't want to talk to anyone.
			汤姆不想在波士顿工作。		Tom didn't want to work in Boston.
			汤姆甚至没打算帮玛丽。		Tom doesn't even try to help Mary.
			汤姆没有很多自由。		Tom doesn't have a lot of freedom.
			汤姆没有微波炉。		Tom doesn't have a microwave oven.
			汤姆不知道玛丽住在哪里。		Tom doesn't know where Mary lives.
			汤姆不再需要我们的帮助了。		Tom doesn't need our help anymore.
			汤姆一般不吃早饭。		Tom doesn't usually eat breakfast.
			汤姆不想谈这件事。		Tom doesn't want to talk about it.
			汤姆经常说梦话。		Tom frequently talks in his sleep.
			汤姆今早出发晚了。		Tom got a late start this morning.
			汤姆最近相当忙。		Tom has been really busy recently.
			汤姆环游了世界。		Tom has traveled around the world.
			汤姆急着想知道结果。		Tom is anxious to know the result.
			今晚汤姆会来我家哦。		Tom is coming to my house tonight.
			汤姆很可能还在外面。		Tom is likely to still be outside.
			汤姆年纪足够去上学了。		Tom is old enough to go to school.
			汤姆正在自己房间里看书。		Tom is reading a book in his room.
			汤姆正在教我怎么开帆船。		Tom is teaching me to how to sail.
			汤姆正在等着玛丽回来。		Tom is waiting for Mary to return.
			汤姆正在客厅里等着。		Tom is waiting in the living room.
			汤姆不像他看上去的那样无辜。		Tom isn't as innocent as he seems.
			汤姆知道谁在他房子里。		Tom knew who was inside his house.
			汤姆知道在公众场合怎么样自处。		Tom knows how to behave in public.
			汤姆喜欢折纸飞机。		Tom likes to make paper airplanes.
			汤姆一周只洗一次澡。		Tom only takes a bath once a week.
			汤姆假装没听见。		Tom pretended to not hear a thing.
			汤姆意识到该走了。		Tom realized it was time to leave.
			汤姆说他感觉好点了。		Tom says he feels a little better.
			汤姆在大学里学的是哲学。		Tom studies philosophy at college.
			汤姆试着控制他的情绪。		Tom tried to control his emotions.
			汤姆通常不犯错。		Tom usually doesn't make mistakes.
			汤姆想做个更好的教师。		Tom wanted to be a better teacher.
			汤姆被玛丽说的话给难倒了。		Tom was puzzled by what Mary said.
			汤姆是班里唯一的男生。		Tom was the only boy in the class.
			汤姆和一堆陌生人在一起。		Tom was with a bunch of strangers.
			汤姆下个星期一会被判决。		Tom will be sentenced next Monday.
			汤姆，你已经吃过午餐了吗？		Tom, have you already eaten lunch?
			市中心的交通都堵塞了。		Traffic downtown is all backed up.
			尽量试着用好你的时间。		Try to make the most of your time.
			火山灰阻礙航運。		Volcanic ash disrupted air travel.
			明天早上早點叫醒我。		Wake me up early tomorrow morning.
			我们反对星期日工作。		We are against working on Sundays.
			今天早上下厚霜了。		We had a heavy frost this morning.
			我们有自己的问题要解决。		We have our own problems to solve.
			我们有许多未完成的事。		We have so many things left to do.
			我们要达成一些协定。		We have to come to some agreement.
			我们听到卧室里有声音。		We heard a voice from the bedroom.
			我们在一起生活了三年。		We lived together for three years.
			我们必须设法打破这个僵局。		We must try to break the deadlock.
			我们真的感激他们的努力。		We really appreciate their effort.
			我们中午十二点半要一起吃午饭。		We'll eat lunch together at 12:30.
			我要的不是茶，而是咖啡。		What I want isn't tea, but coffee.
			你明天要做什麼？		What are you going to do tomorrow?
			你觉得汤姆喜欢什么颜色？		What color do you think Tom likes?
			你昨天晚上做了什麼？		What did you do yesterday evening?
			你认为这是什么？		What do you suppose this could be?
			你觉得我之前在做什么？		What do you think I've been doing?
			你觉得这件毛衣怎么样？		What do you think of this sweater?
			你一般中午饭吃什么？		What do you usually eat for lunch?
			这周放什么电影？		What movies are playing this week?
			你胡说什么呢？		What nonsense are you talking now?
			我们那个时候讨论的是什么？		What was it we were talking about?
			你明天的行程安排是什麼？		What's your schedule for tomorrow?
			你昨天几点睡的？		When did you go to bed last night?
			你从哪里得到这么多钱的？		Where did you get that much money?
			你从哪里得到这些古钱的？		Where did you get those old coins?
			你的鞋脱哪儿了？		Where did you take your shoes off?
			最近的大卖场在哪里？		Where's the nearest shopping mall?
			最近的火车站在哪里？		Where's the nearest train station?
			最近的旅行社在哪裡？		Where's the nearest travel agency?
			狗和猫你更喜欢哪一个？		Which do you prefer, dogs or cats?
			日本和英格兰哪个大？		Which is larger, Japan or England?
			你家里谁做饭？		Who does the cooking in your home?
			那个朝我们跑过来的男孩是谁？		Who is that boy running toward us?
			那个穿棕色大衣的女人是谁？		Who's the woman in the brown coat?
			为什么我们在这上面浪费时间？		Why are we wasting time with this?
			为什么你昨晚睡不着？		Why couldn't you sleep last night?
			为什么你不告诉我真相？		Why did you not tell me the truth?
			怎么你昨晚没有给我打电话？		Why didn't you call me last night?
			我的网怎么会这么慢？		Why is my internet access so slow?
			为什么没人来我的网站呢？		Why is no one visiting my website?
			你能告诉我你为什么喜欢她吗？		Will you tell me why you like her?
			你想再要杯茶吗？		Would you like another cup of tea?
			你不必馬上出門。		You don't have to leave right now.
			你週日不必工作。		You don't have to work on Sundays.
			你有种奇怪的幽默感。		You have a strange sense of humor.
			你住在波士頓，不是麼？		You live in Boston now, don't you?
			你可以选择任何你想要的。		You may choose whichever you want.
			你得检查一下眼睛。		You need to get your eyes checked.
			你别嘲弄他们。		You ought not to make fun of them.
			你看起来像一个聪明人。		You seem like a very smart person.
			你应该知道这是不可能的。		You should know that's impossible.
			有借有还。		You should return what you borrow.
			你在说话前应该先思考。		You should think before you speak.
			有一天这会让你遗憾的。		You will be sorry for it some day.
			你也是学生不是吗？		You're a student, too, aren't you?
			你是有所有錢的人。		You're the one with all the money.
			你是我所知道的最聪明的人。		You're the smartest person I know.
			你太年轻了，还不能做这个。		You're too young to be doing that.
			你很健谈，不是吗？		You're very talkative, aren't you?
			你有很好的幽默感。		You've got a great sense of humor.
			年轻人必须遵纪守法。		Young people must respect the law.
			你我的问题很相似。		Your problem and mine are similar.
			他说：“我五天前见过她。”		"""I saw her five days ago,"" he said."
			“谢谢你们。”“不用谢。”		"""Thanks, guys."" ""Don't mention it."""
			一个男孩正沿着街走。		A boy is walking across the street.
			一群年輕人在打架。		A group of young men were fighting.
			说谎的人需要很好的记忆力。		A liar needs to have a good memory.
			許多士兵在這裡陣亡。		A lot of soldiers were killed here.
			一个人要为他的行为负责。		A man is responsible for his deeds.
			空气对人来说就是水对鱼的意义。		Air is to us what water is to fish.
			汤姆说的预言全部都应验了。		All of Tom's predictions came true.
			几乎没有人认为我们是姐妹。		Almost nobody thinks we're sisters.
			亚洲比澳洲大很多。		Asia is much larger than Australia.
			一开始，我以为他病了。		At first, I thought they were sick.
			進攻是最好的防禦。		Attack is the best form of defense.
			伯恩是瑞士首都。		Bern is the capital of Switzerland.
			我能用一下你的铅笔吗？		Can I borrow your pencil for a bit?
			你能为我翻译这首歌吗？		Can you translate this song for me?
			和你的车比起来，我的车很小。		Compared to yours, my car is small.
			指南针的指针指向北边。		Compass needles point to the north.
			您可以简单点儿说吗？		Could you put it in plain language?
			请问我该怎么去那里？		Could you tell me how to get there?
			汤姆提出其他建议了吗？		Did Tom give any other suggestions?
			我出去的时候有人打我电话吗？		Did anyone call me while I was out?
			你是在黑市上买的它吗？		Did you buy it on the black market?
			这个娃娃是你自己做的吗？		Did you make this doll by yourself?
			明天你有什么安排没有？		Do you have any plans for tomorrow?
			你会用这台相机吗？		Do you know how to use this camera?
			你认识画里面的男孩吗？		Do you know the boy in the picture?
			你知道汤姆把他的钥匙放哪了吗？		Do you know where Tom put his keys?
			你们知道谁发明了火药吗？		Do you know who invented gunpowder?
			你还记得我们第一次见面是在哪里吗？		Do you remember where we first met?
			你吃面条还是吃饭？		Do you want to eat noodles or rice?
			做那事是浪费你的时间。		Doing that is a waste of your time.
			不要怕犯错。		Don't be afraid of making mistakes.
			不要把你的手肘放在桌子上。		Don't put your elbows on the table.
			酒驾是个严重的问题。		Drunk driving is a serious problem.
			我们先吃饭，然后再走。		First we'll eat, and then we'll go.
			法语不是汤姆的母语。		French isn't Tom's native language.
			一般而言，日本人很害羞。		Generally, Japanese people are shy.
			把你手里的东西给我。		Give me what you have in your hand.
			你从昨天开始就忙吗？		Have you been busy since yesterday?
			他和他朋友坐在长凳上。		He and his friend sat on the bench.
			他宣布与她订婚。		He announced his engagement to her.
			他否認打破了窗口。		He denies having broken the window.
			他做的和我要求的相反。		He did the reverse of what I asked.
			他没立遗嘱就死了。		He died without having made a will.
			他把他的那段话从磁带里删除了。		He erased his speech from the tape.
			他的胸中还有足够的斗志。		He had plenty of fight left in him.
			他学了两个小时。		He has been studying for two hours.
			他对自己很有自信。		He has great confidence in himself.
			他有五本以上的字典。		He has more than five dictionaries.
			他是非不分。		He has no sense of right and wrong.
			他从重感冒中恢复了过来。		He has recovered from his bad cold.
			他藏到一个大石头后面了。		He hid himself behind a large rock.
			他是时代杂志的记者。		He is a reporter for Time magazine.
			他怕坐飞机。		He is afraid to fly in an airplane.
			他上学很可能会迟到。		He is likely to be late for school.
			他是三个孩子的父亲。		He is the father of three children.
			他把他的行李留在車站。		He left his luggage at the station.
			他住在松江七年了。		He lived in Matsue for seven years.
			他住在公园周围的某个地方。		He lives somewhere around the park.
			他在他弟弟旁边显得很年轻。		He looked young beside his brother.
			他犯了一些文法錯誤。		He made a few grammatical mistakes.
			他設法在天黑前回家。		He managed to get home before dark.
			他一定是搭錯火車了。		He must have taken the wrong train.
			他跑得比他哥哥快。		He ran faster than his brother did.
			他翹著二郎腿坐在那裡。		He sat there with his legs crossed.
			他很少，如果有的話，去教堂。		He seldom, if ever, goes to church.
			他在衣服上花了很多錢。		He spends lots of money on clothes.
			他把他的鉛筆放在他的耳朵後面。		He stuck his pencil behind his ear.
			他学习现代文学。		He studies contemporary literature.
			他比以前学得更努力了。		He studies much harder than before.
			他提议大家一起去游泳。		He suggested that we go for a swim.
			他继承了他父亲的事业。		He took over his father's business.
			他被迫在文件上簽字。		He was forced to sign the document.
			他以他祖父的名字被命名。		He was named after his grandfather.
			他没能力做这个工作。		He will not be able to do the work.
			他不善于记人名。		He's not good at remembering names.
			他不擅長記名字。		He's not good at remembering names.
			他比我高三英寸。		He's three inches taller than I am.
			隨意多吃點洋芋片吧。		Help yourself to more potato chips.
			你想吃什麼就吃什麼。		Help yourself to whatever you like.
			她父亲在她三岁时死了。		Her father died when she was three.
			她儿子在车祸中丧生。		Her son was killed in the accident.
			他的忠告总是很明智。		His advice is always very sensible.
			他的兴趣爱好是收集旧邮票。		His hobby is collecting old stamps.
			他父母对他期望过高。		His parents expect too much of him.
			他的画被悬挂在墙上。		His pictures were hung on the wall.
			他的声音听着很舒服。		His voice is pleasant to listen to.
			他妻子是个才女。		His wife is quite a talented woman.
			他老婆很有才。		His wife is quite a talented woman.
			今晚出去吃怎么样？		How about going out to eat tonight?
			你的父母是如何相處的？		How are your parents getting along?
			你怎么敢这样跟我说话！		How dare you speak to me like that!
			你在东京如何维持生计？		How did you make a living in Tokyo?
			你们怎么得出这个结论的？		How do you come to that conclusion?
			到那边需要多长时间？		How long will it take to get there?
			你一週吃多少根香蕉？		How many bananas do you eat a week?
			我同意你一部分的意见。		I agree with some of your opinions.
			我在冬季總是感冒。		I always catch colds in the winter.
			我怀疑他是否会来。		I am doubtful whether he will come.
			我期待見到你。		I am looking forward to seeing you.
			我迷路了，能不能请您帮我一下？		I am lost. Can you help me, please?
			我结婚了，而且有两个孩子。		I am married and have two children.
			我確信他已經完成了。		I am positive that he has finished.
			我确定他是个老实人。		I am sure that he is an honest man.
			我问他是否知道她的住址。		I asked him if he knew her address.
			上个月我买了一台新电脑。		I bought a new computer last month.
			我买了两张音乐会的票。		I bought two tickets for a concert.
			我很少能抽出时间看书。		I can seldom find time for reading.
			我无法忍受看着动物受苦。		I can't bear to see animals suffer.
			我无法确定我是高兴还是难过。		I can't decide if I'm happy or sad.
			我不明白他为什么要做那种事。		I can't understand why he did that.
			起初我聽不懂他說的話。		I couldn't understand him at first.
			我没想到它有那么大。		I did not expect it to be that big.
			我不知道他是日本人。		I didn't know that he was Japanese.
			我一开始不知道汤姆是谁。		I didn't know who Tom was at first.
			我没想到汤姆会害怕。		I didn't think Tom would be scared.
			我不敢对他说这种话。		I don't dare tell him such a thing.
			我不认识她，也不想认识。		I don't know her, nor do I want to.
			我不知道下一步做什么。		I don't know what the next step is.
			我不知道汤姆的袜子在哪里。		I don't know where Tom's socks are.
			我不喜欢没有英雄的小说。		I don't like novels without heroes.
			我不喜欢那家熟食店里的食物。		I don't like the food at that deli.
			稍微冷一点没关系。		I don't mind if it's a little cold.
			天气热点儿没关系。		I don't mind if the weather is hot.
			我想不起来我在哪儿买的了。		I don't remember where I bought it.
			我记不起来我在哪里买的了。		I don't remember where I bought it.
			我不认为这是一个好的决定。		I don't think it's a good decision.
			今天我不想去教堂。		I don't want to go to church today.
			我不想听你的理论。		I don't want to hear your theories.
			我今天感覺比昨天好。		I feel better today than yesterday.
			我感到背上有东西动。		I felt something moving on my back.
			我昨晚有輕微的頭痛。		I had a slight headache last night.
			我小时候发水痘。		I had chicken pox when I was a kid.
			我讓我的哥哥修理我的腳踏車。		I had my brother repair my bicycle.
			我让我哥修理我的自行车。		I had my brother repair my bicycle.
			我不得不在树下躲雨。		I had to take shelter under a tree.
			我有很多朋友帮我。		I have a lot of friends to help me.
			我有一个兄弟和两个姐妹。		I have one brother and two sisters.
			我必須把我的電腦拿去給人家修理。		I have to get my computer repaired.
			我还没做完作业。		I haven't finished my homework yet.
			我希望汤姆的预测是错的。		I hope Tom's predictions are wrong.
			你做的事我都知道。		I know everything that you've done.
			我知道怎麼做俄式炒牛肉片。		I know how to make beef stroganoff.
			我知道金钱不是万能的。		I know that money isn't everything.
			我知道金钱不代表一切。		I know that money isn't everything.
			我知道你可能需要一些帮助		I know you probably need some help.
			晚饭后我听收音机。		I listen to the radio after dinner.
			我住在城市中的一間公寓裡。		I live in an apartment in the city.
			我期待著再次見到你。		I look forward to seeing you again.
			我丢了我的票。我該怎麼辦？		I lost my ticket. What should I do?
			我需要个包。你能借我一个吗？		I need a bag. Will you lend me one?
			我必须问你一个蠢问题。		I need to ask you a silly question.
			我打開盒子看看裡面。		I opened the box and looked inside.
			多亏了你，我还活着。		I owe it you that I am still alive.
			我真的不应该再呆下去了。		I really shouldn't stay any longer.
			我也很想要学法语。		I really want to learn French, too.
			我立刻認出了你的聲音。		I recognized your voice right away.
			我记得去年夏天的历险。		I remember last summer's adventure.
			我看见一条脏狗进了花园。		I saw a dirty dog enter the garden.
			我看见一架直升飞机在头顶飞。		I saw a helicopter flying overhead.
			我昨天早上看到了很多鸟。		I saw many birds yesterday morning.
			我看见天上有奇怪的东西。		I saw something strange in the sky.
			我本不该告诉您什么的。		I shouldn't have told you anything.
			我每天搭火車上班。		I take the train to work every day.
			我觉得汤姆有些过于性急了。		I think Tom is a bit too impatient.
			我觉得汤姆有可能会来。		I think it's possible Tom may come.
			我觉得你正在做的是错的。		I think what you're doing is wrong.
			我以为汤姆要来这里呢。		I thought Tom was going to be here.
			我想最好還是保持沉默。		I thought it best to remain silent.
			我試著仔細地聽他說話。		I tried to listen to him carefully.
			我通常在晚飯後洗澡。		I usually take a bath after dinner.
			我想做一个程序员。		I want to be a computer programmer.
			我想去你要去的地方。		I want to go wherever you're going.
			我想知道这需要用多久时间。		I want to know how long it'll take.
			我想听日本的音乐。		I want to listen to Japanese music.
			我能找到他的地址。		I was able to find out his address.
			看到针管儿之前我一直都很淡定。		I was calm until I saw the syringe.
			我很高兴知道你成功了。		I was glad to hear of your success.
			我正要去写一封信。		I was just going to write a letter.
			我昨晚十二点去睡的。		I went to bed at twelve last night.
			我会一周内完成这个工作的。		I will get the work done in a week.
			我不允许你用我的钢笔。		I will not allow you to use my pen.
			我不会告诉汤姆他该做什么。		I won't tell Tom what he should do.
			我想知道汤姆为什么要那样做。		I wonder why Tom wanted to do that.
			我想告訴你一些事情。		I would like to tell you something.
			我想开个储蓄帐户。		I'd like to open a savings account.
			我希望你对此保密。		I'd like you to keep this a secret.
			我会在明天午饭前回来。		I'll be back before lunch tomorrow.
			无论你要我做什么，我都会去做的。		I'll do whatever you want me to do.
			我会尽快完成的。		I'll finish it as quickly as I can.
			我确实在这里丢了东西。		I'm clearly missing something here.
			我相当有自信我能做到这一点。		I'm fairly confident I can do that.
			我很高兴我们录用了你来担任这份工作。		I'm glad we hired you for this job.
			我正在学两门外语。		I'm learning two foreign languages.
			在这个房间里我很舒服。		I'm quite comfortable in this room.
			我坐在火車站裡。		I'm sitting in the railway station.
			我很抱歉，但我必須走了。		I'm sorry, but I really have to go.
			我开始想我女朋友了。		I'm starting to miss my girlfriend.
			我很抱歉那么晚回家。		I'm very sorry I came home so late.
			我已经活了大半辈子了。		I've already lived most of my life.
			我已经让汤姆去做它了。		I've already put Tom to work on it.
			我去過澳洲三次。		I've been to Australia three times.
			我决定当个工程师。		I've decided to become an engineer.
			我听够你的抱怨了。		I've had enough of your complaints.
			我从没读过那么恐怖的小说。		I've never read such a scary novel.
			假若他在这里，他会说什么？		If he were here, what would he say?
			如果你愿意，你可以用我的车。		If you want to, you can use my car.
			去年的進口商品額超過了出口商品額。		Imports exceeded exports last year.
			汤姆是在下个星期一回来吗？		Is it next Monday that Tom returns?
			汤姆真的不会读也不会写吗？		Is it true Tom can't read or write?
			我能为您做些什么吗？		Is there anything I can do for you?
			天看起来要下雨了。		It looks as if it is going to rain.
			這裡的冬天很少下雪。		It rarely snows here in the winter.
			雪持续下了十天。		It snowed for ten consecutive days.
			昨天早上很冷。		It was very cold yesterday morning.
			她虚弱的样子让我捏了一把汗。		It worried me that she looked pale.
			那裡連夏天也冷。		It's cold there even in the summer.
			把車停在這裡是違法的。		It's illegal to park your car here.
			汤姆有可能对你撒谎了。		It's possible that Tom lied to you.
			这里夏天非常热。		It's really hot here in the summer.
			这是我唯一能想到的事了。		It's the only thing I can think of.
			風很大，但不冷。		It's very windy, but it isn't cold.
			只要給我你的姓名和住址。		Just give me your name and address.
			行与行之间多留些空间。		Leave more space between the lines.
			你有钱的话，借我一些。		Lend me some money if you have any.
			让我看看那些照片。		Let me have a look at those photos.
			我给你介绍介绍我的朋友。		Let me introduce my friends to you.
			還有什麼事就告訴我。		Let me know when you need me again.
			让我们马上讨论这个问题吧。		Let's discuss the matter right now.
			我们在下个加油站停一下。		Let's stop at the next gas station.
			许多工人死于饥饿。		Many of the workers died of hunger.
			许多小公司倒闭了。		Many small companies went bankrupt.
			玛丽没她姐妹活跃。		Mary isn't as active as her sister.
			玛丽穿着深蓝色的裙子。		Mary was wearing a navy blue skirt.
			请问能给我一杯牛奶吗？		May I have a glass of milk, please?
			我的兄弟喜欢集邮。		My brother likes to collect stamps.
			我弟弟的房间总是很乱。		My brother's room is always a mess.
			我的电子邮箱改变了。		My e-mail address has been changed.
			我的家人每年冬天去滑雪。		My family goes skiing every winter.
			我爸爸週日上教堂。		My father goes to church on Sunday.
			我父親昨晚很晚才回家。		My father got home late last night.
			我父親感冒了。		My father is suffering from a cold.
			我父親的嗜好是種玫瑰花。		My father's hobby is growing roses.
			我祖父五年前去世了。		My grandfather died five years ago.
			我的祖母做了一套新衣服給我。		My grandmother made me a new dress.
			我心里充满着快乐。		My heart was filled with happiness.
			我的嗜好是收集舊瓶子。		My hobby is collecting old bottles.
			我母親教插花藝術。		My mother teaches flower arranging.
			我和妹妹去了城堡。		My sister and I went to the castle.
			我姐姐比我哥哥大。		My sister is older than my brother.
			我的姐姐就像我的祖母。		My sister resembles my grandmother.
			我妹妹亲眼看到它了。		My sister saw it with her own eyes.
			我的錢包和護照不見了。		My wallet and passport are missing.
			几乎所有的日本人头发都是黑色的。		Nearly all Japanese have dark hair.
			不要害怕犯錯。		Never be afraid of making mistakes.
			所有的電話都不通。		None of the telephones are working.
			不是所有的德国人都喜欢喝啤酒。		Not all Germans like to drink beer.
			没有什么是不劳而获的。		Nothing is achieved without effort.
			我们的友谊受到了考验。		Our friendship was put to the test.
			我校校长很老了。		Our school's principal is very old.
			打牌是一種流行的消遣方式。		Playing cards is a popular pastime.
			請盡情地跳舞。		Please enjoy yourself at the dance.
			请给我些时间来解释。		Please give me a minute to explain.
			請你隨便吃點水果。		Please help yourself to some fruit.
			请在下一站让我下车。		Please let me off at the next stop.
			請記得把信寄出去。		Please remember to mail the letter.
			请仔细洗牌。		Please shuffle the cards carefully.
			请您能不能尽量慢点说？		Please speak as slowly as possible.
			请尽量慢点说。		Please speak as slowly as possible.
			请你把冷气调高点。		Please turn up the AC a little bit.
			价格已经达到了十三年以来的最高点。		Prices have reached a 13-year high.
			把椅子放在桌子前面。		Put the chair in front of the desk.
			把它保存在外接式硬碟。		Save it on the external hard drive.
			她指責我犯了錯。		She accused me of making a mistake.
			她假装不在意。		She assumed an air of indifference.
			她用拳頭拍了桌子。		She banged the table with her fist.
			她向農夫借了一把鋸子。		She borrowed a saw from the farmer.
			她抱怨我的工資低。		She complained about my low salary.
			她仔细考虑了他的提议。		She considered his offer carefully.
			她不想跟任何人說話。		She didn't want to speak to anyone.
			她不喜欢唱悲伤的歌。		She doesn't like to sing sad songs.
			她在家不說日語。		She doesn't speak Japanese at home.
			她延長停留五天。		She extended her stay by five days.
			她多停留了五天。		She extended her stay by five days.
			她整齊地把她的手帕折好。		She folded her handkerchief neatly.
			她在桌子底下找到了她的錢包。		She found her purse under the desk.
			她給自己一間大房子。		She has the large house to herself.
			她坚持让我付钱。		She insisted on my paying the bill.
			她会十门语言。		She is able to speak ten languages.
			她可以教英语。		She is capable of teaching English.
			她今年春天要去仙台。		She is going to Sendai this spring.
			她非常周到和耐心。		She is very thoughtful and patient.
			她今天穿著白色的衣服。		She is wearing a white dress today.
			她設法保住面子。		She managed to keep up appearances.
			她可能錯過了七點的火車。		She may have missed the 7:00 train.
			她把白蘭地倒進玻璃杯裡。		She poured brandy into the glasses.
			她花很多钱在买鞋上。		She spends a lot of money on shoes.
			她作證說她看見了這名男子。		She testified that she saw the man.
			那条新裙子让她很满意。		She was pleased with the new dress.
			她对那个消息非常惊讶。		She was very surprised at the news.
			她昨天去了醫院。		She went to the hospital yesterday.
			她对绘画有很好的鉴赏力。		She's got a good eye for paintings.
			她没有比她妈妈更漂亮。		She's not prettier than her mother.
			有些事不做更好。		Some things are better left undone.
			一定要有人照顧病人。		Somebody must care for the patient.
			瑞士是一个美丽的国家。		Switzerland is a beautiful country.
			把橙子从冰箱里拿出来。		Take the oranges out of the fridge.
			章鱼小丸子真的很美味！		Takoyaki is really quite delicious.
			教英语是他的职业。		Teaching English is his profession.
			眼泪顺着她的脸颊流下来。		Tears were flowing down her cheeks.
			把玛丽交代你去做的事告诉汤姆。		Tell Tom what Mary asked you to do.
			告诉我你手里有什么。		Tell me what you have in your hand.
			謝謝你告訴我真相。		Thank you for telling me the truth.
			我先谢谢你的帮忙。		Thank you in advance for your help.
			非常感謝你所做的一切。		Thank you very much for everything.
			那个相当能说得通。		That actually makes a lot of sense.
			那位紳士經常戴著一頂帽子。		That gentleman usually wears a hat.
			那頂帽子花費了大約五十美元。		That hat cost around fifty dollars.
			這座山被雪所覆蓋。		That mountain is covered with snow.
			那个护士人很好，又有礼貌。		That nurse is very kind and polite.
			你穿那件紅色的毛衣好看。		That red sweater looks good on you.
			那个学生跑得很快，不是吗？		That student runs fast, doesn't he?
			那女人比我老很多。		That woman is much older than I am.
			那是住在隔壁的男人。		That's the man who lives next door.
			宝宝在摇篮里入睡了。		The baby fell asleep in the cradle.
			乌鸫的羽毛是黑色的。		The blackbirds' feathers are black.
			小男孩跑進了房間。		The boy came running into the room.
			这男孩的口袋里有个苹果。		The boy has an apple in his pocket.
			男孩躺着听收音机。		The boy lay listening to the radio.
			仪式以他的讲话开始。		The ceremony began with his speech.
			夜幕降临时，孩子们回家了。		The children returned home at dusk.
			那个钟每天都快了五分钟。		The clock gains five minutes a day.
			公司放弃了那个项目。		The company abandoned that project.
			钻石被镶在一个金戒指上。		The diamond was set in a gold ring.
			书桌上的词典是我的。		The dictionary on the desk is mine.
			醫生治好了他的癌症。		The doctor cured him of his cancer.
			九點鐘鎖門。		The door is locked at nine o'clock.
			這件衣服是由薄織物製成的。		The dress is made of a thin fabric.
			敌人对我们发起了攻击。		The enemy launched an attack on us.
			第一次攻击错过了目标。		The first attack missed the target.
			这个森林里猴子成群。		The forest is teeming with monkeys.
			這批貨物是由船隻運送的。		The goods were transported by ship.
			这套房子设施便利齐全。		The house has all the conveniences.
			猎人射死了狐狸。		The hunter shot and killed the fox.
			狮子是丛林之王。		The lion is the king of the jungle.
			這人把靈魂賣給魔鬼。		The man sold his soul to the devil.
			這座山被雪覆蓋著。		The mountain was covered with snow.
			此提議好得令人難以拒絕。		The offer is too good to turn down.
			该病人正逐步康复。		The patient is steadily recovering.
			那幅图挂在墙上。		The picture is hanging on the wall.
			飞机十分钟后起飞。		The plane takes off in ten minutes.
			行星繞著太陽轉。		The planets revolve around the sun.
			警察正在检查他们的包。		The police are checking their bags.
			警察会调查这起案件。		The police will look into the case.
			警察逮捕了小偷。		The policeman arrested the burglar.
			郵局在街那頭。		The post office is down the street.
			王子继承了王位。		The prince succeeded to the throne.
			校长想跟你谈话。		The principal wants to talk to you.
			这问题正在被讨论。		The problem is being discussed now.
			这一结果证实了我的猜想。		The result confirmed my hypothesis.
			天空晴朗，布满了星辰。		The sky is clear and full of stars.
			当我离开家的时候天空很明朗。		The sky was clear when I left home.
			士兵们占领了这个建筑。		The soldiers occupied the building.
			在冬天，太阳下山比往常更早。		The sun sets earlier in the winter.
			电话是由贝尔发明的。		The telephone was invented by Bell.
			火車今天晚了十分鐘。		The train is 10 minutes late today.
			火車該在中午到。		The train is due to arrive at noon.
			这两个男人是生意上的合作伙伴。		The two men were business partners.
			你们两个误了我一生。		The two of you have ruined my life.
			双方本周举行会谈。		The two sides hold talks this week.
			整个过程需要耗费数月。		The whole process will take months.
			风从北边来。		The wind is blowing from the north.
			世界每一分鐘都在改變。		The world is changing every minute.
			我们班有三十名学生。		There are 30 students in our class.
			这个盒子里有很多蛋。		There are a lot of eggs in the box.
			伦敦有很多公园。		There are a lot of parks in London.
			一年有四季。		There are four seasons in one year.
			桌上有些苹果。		There are some apples on the table.
			房顶上有很多雪。		There is a lot of snow on the roof.
			有条小路穿过农田。		There is a path through the fields.
			桌子上只有一本书。		There is only one book on the desk.
			這口井裡的水很少。		There was little water in the well.
			昨天一点风也没有。		There was no wind at all yesterday.
			他的家不幸有人身亡。		There's been a death in his family.
			已经不需要再伪装了。		There's no need to pretend anymore.
			冰箱里什么也没有了。		There's nothing left in the fridge.
			这汤里盐放多了。		There's too much salt in this soup.
			他们是从法国南部来的。		They come from the south of France.
			他们说他再也不会回来了。		They say that he will never return.
			这个坏掉的花瓶无法修复了。		This broken vase can't be repaired.
			这辆车很省油。		This car is very economical on gas.
			这个家庭热情地接待了我。		This family gave me a warm welcome.
			这是份好报纸，不是吗？		This is a good newspaper, isn't it?
			这是篇信息量很大的文章。		This is a very informative article.
			這是我身上所有的錢。		This is all the money I have on me.
			要花很多錢。		This is going to be very expensive.
			这是我知道的最好的餐馆。		This is the best restaurant I know.
			这是我所知道的最好的餐厅。		This is the best restaurant I know.
			這是日本最高的塔。		This is the tallest tower in Japan.
			这是他出生的城市。		This is the town where he was born.
			在这条河里游泳很危险。		This river is dangerous to swim in.
			这条河是欧洲最宽的。		This river is the widest in Europe.
			這家商店有各種香料。		This store has a variety of spices.
			这种茶对我而言不够甜。		This tea isn't sweet enough for me.
			人皆有錯，唯聖者能恕。		To err is human, to forgive divine.
			汤姆和玛丽在同一个班级。		Tom and Mary are in the same class.
			汤姆来了，坐到了玛丽的边上。		Tom came and sat down next to Mary.
			汤姆从派对上醉醺醺地回家了。		Tom came home drunk from the party.
			汤姆三年前去了波士顿。		Tom came to Boston three years ago.
			汤姆今早来了我的办公室。		Tom came to my office this morning.
			汤姆不想让玛丽失望。		Tom didn't want to disappoint Mary.
			汤姆的朋友不是很多。		Tom doesn't have very many friends.
			汤姆不需要担心。		Tom doesn't need to worry about it.
			汤姆不尊重玛丽的观点。		Tom doesn't respect Mary's opinion.
			汤姆什么都不想喝。		Tom doesn't want anything to drink.
			汤姆在海边发现了具尸体。		Tom found a dead body on the beach.
			汤姆刚改建了他的厨房。		Tom has just remodeled his kitchen.
			汤姆从小就认识玛丽了。		Tom has known Mary since childhood.
			汤姆爱玛丽很久了。		Tom has loved Mary for a long time.
			汤姆没有能求助的人。		Tom has no one to turn to for help.
			汤姆整整一个上午一句话也没说。		Tom hasn't said a word all morning.
			汤姆多年没有和玛丽说话了。		Tom hasn't talked to Mary in years.
			汤姆帮玛丽移动家具。		Tom helped Mary move the furniture.
			汤姆今天下午将会见玛丽。		Tom is meeting Mary this afternoon.
			汤姆现在可能很有钱。		Tom is probably pretty rich by now.
			汤姆比玛丽大三岁。		Tom is three years older than Mary.
			汤姆对结果不满。		Tom is unsatisfied with the result.
			汤姆失去了平衡摔落下来。		Tom lost his balance and fell down.
			汤姆可能错过了最后一班列车。		Tom might've missed the last train.
			汤姆说他从来没去过波士顿。		Tom said he'd never been to Boston.
			汤姆说他不知道要做什么。		Tom says he didn't know what to do.
			汤姆说他希望玛丽能做到。		Tom says he hopes Mary can do that.
			汤姆学了三年法语。		Tom studied French for three years.
			汤姆每周两次教我法语。		Tom teaches me French twice a week.
			汤姆告诉我他丢了课本。		Tom told me he'd lost his textbook.
			汤姆以前经常吃很多垃圾食品。		Tom used to eat a lot of junk food.
			汤姆想让玛丽一个人从他身边离开。		Tom wanted Mary to leave him alone.
			汤姆想知道你什么时候完事。		Tom wants to know when you're done.
			汤姆吓得说不出话。		Tom was too scared to say anything.
			汤姆，我想要你来操作这一个。		Tom, I want you to handle this one.
			明天，他将登上月球。		Tomorrow, he will land on the moon.
			明天他会在月球降落。		Tomorrow, he will land on the moon.
			请给我两杯苹果汁。		Two glasses of apple juice, please.
			在房間外面等待片刻。		Wait for a moment outside the room.
			我们毫不费力地想出了密码。		We easily figured out the password.
			我们选她为我们队的队长。		We elected her captain of our team.
			我们昨晚过得非常开心。		We had a very good time last night.
			我们恰巧上了同一辆公交车。		We happened to get on the same bus.
			我们要继续我们的工作。		We have to continue to do our jobs.
			我们要明白汤姆想要什么。		We have to find out what Tom wants.
			我们向山间小屋走去。		We headed for the mountain cottage.
			我们测量了这条河的深度。		We measured the depth of the river.
			我们要你做队长。		We want you to be the team captain.
			我们要在海边在烧烤架上烤肉。		We'll have a barbecue at the beach.
			下个月我们会有辆新车。		We're getting a new car next month.
			整周我们都会待在那里。		We're going to stay there all week.
			你在波士顿待了很久吗？		Were you in Boston for a long time?
			這次你找什麼？		What are you looking for this time?
			你跟摩托车到底怎么回事？		What is it with you and motorbikes?
			你觉得这是哪种语言？		What language do you think this is?
			你今天午餐吃什么？		What will you have for lunch today?
			如果我那么做你会怎么想？		What would you think if I did that?
			你说的关于汤姆的话不是真的。		What you said about Tom isn't true.
			你能记起来的最后一件事是什么？		What's the last thing you remember?
			你的行李多重？		What's the weight of your suitcase?
			我回到家的时候，感觉非常饿。		When I got home, I was very hungry.
			早饭在何时何地用？		When and where is breakfast served?
			世界末日是什么时候？		When will the world come to an end?
			最近的地鐵站在哪裡？		Where's the nearest subway station?
			你最有趣的朋友是誰？		Who's your most interesting friend?
			为什么你要烧这些图片呢？		Why are you burning these pictures?
			为什么你不来跟我跳舞？		Why don't you come dancing with me?
			你今天下午会在家吗？		Will you be at home this afternoon?
			女人往往比男人活得更長。		Women tend to live longer than men.
			请问您要多来点儿沙拉吗？		Would you like a little more salad?
			你和我有一些共同点。		You and I have something in common.
			你要对结果负责。		You are responsible for the result.
			你可以相信他会信守诺言。		You can trust him to keep his word.
			你自己选择了这份工作，是吗？		You chose this job yourself, right?
			你午饭吃的不多，不是吗？		You didn't eat much lunch, did you?
			您不需要提高音量。		You don't have to raise your voice.
			你不需要提高你的音量。		You don't have to raise your voice.
			你不明白流程。		You don't understand the procedure.
			你最好去看牙醫。		You had better go to the dentist's.
			你不如去死好了。		You might as well go kill yourself.
			你必须改掉这个坏习惯。		You must get rid of that bad habit.
			你该安静几天。		You must keep quiet for a few days.
			你该考虑他的年纪。		You must take his age into account.
			你该听妈妈的话。		You ought to listen to your mother.
			你該去洗牙了。		You should go and brush your teeth.
			你说得你好像什么都知道似的。		You talk as if you knew everything.
			你该告诉汤姆。		You were supposed to tell Tom that.
			你最好等下一班公車。		You'd better wait for the next bus.
			你现在不应该在这里。		You're not supposed to be here now.
			你是我唯一可以信任的人。		You're the only person I can trust.
			你的袜子上有个大洞。		You've got a big hole in your sock.
			牙齿卡了点东西。		You've got something in your teeth.
			“这是谁的椅子？”“它是我的。”		"""Whose chair is this?"" ""It is mine."""
			狗跑得比人快。		A dog can run faster than a man can.
			一个有名的建筑师造了这个房子。		A famous architect built this house.
			一个有名的建筑师造了这栋房子。		A famous architect built this house.
			患難見真情。		A friend in need is a friend indeed.
			一百年被叫做一个世纪。		A hundred years is called a century.
			地图帮助我们知道所在的位置。		A map helps us to know where we are.
			百闻不如一见。		A picture is worth a thousand words.
			准确性在计算中很重要。		Accuracy is important in arithmetic.
			晚飯後她清理了桌子。		After supper, she cleared the table.
			汤姆只是需要多一点时间。		All Tom needs is a little more time.
			天下无不散之筵席。		All good things must come to an end.
			你们除了信任对方，没什么要做的了。		All you can do is trust one another.
			不管是谁总比没人好。		Anybody would be better than nobody.
			你在说我有生命危险吗？		Are you saying my life is in danger?
			已經安排好了。		Arrangements have already been made.
			我们终于达到了我们的目标。		At last, we reached our destination.
			至少告诉我们你要去哪里。		At least tell me where you're going.
			美驻留在看的那个人的眼里。		Beauty's in the eye of the beholder.
			他的父母親都去世了。		Both his father and mother are dead.
			我可以借一会你的书吗？		Can I borrow your book for a minute?
			你可以想象在月球上行走吗？		Can you imagine walking on the moon?
			你明天早上七點可不可以叫我起床。		Can you wake me up at 7:00 tomorrow?
			你能告诉我该怎么做吗？		Could you tell me what I have to do?
			牛在草地上吃牧草。		Cows are eating grass in the meadow.
			牛在牧地上吃草。		Cows are eating grass in the meadow.
			把瓜切成六等分。		Cut the melon into six equal pieces.
			汤姆告诉你他去哪儿了吗？		Did Tom tell you where he was going?
			您听见我儿子拉小提琴了吗？		Did you hear my son play the violin?
			你知道怎么驾驶这玩意儿吗？		Do you know how to drive this thing?
			你知道什么是复合词吗？		Do you know what compound words are?
			你知道悲伤的滋味么？		Do you know what sadness feels like?
			您介不介意我把灯关了？		Do you mind if I turn off the light?
			你真的觉得我长得像汤姆吗？		Do you really think I look like Tom?
			不要对批评太敏感了。		Don't be too sensitive to criticism.
			我学习的时候不要打扰我。		Don't disturb me while I'm studying.
			当我学习的时候不要打扰我。		Don't disturb me while I'm studying.
			不要做评判，这样您自己才不会被人评判。		Don't judge and you won't be judged.
			别留着一半工作没干。		Don't leave your work half finished.
			别让孩子们在马路中间嬉戏。		Don't let children play in the road.
			不要让这些信息泄露出去。		Don't let this information leak out.
			不要把馬車放在馬的前面。		Don't put the cart before the horse.
			不要把本末倒置。		Don't put the cart before the horse.
			吃鱼有益于你的健康。		Eating fish is good for your health.
			每次下雨屋頂就漏水。		Every time it rains, the roof leaks.
			每个人都想分一点蛋糕。		Everyone wanted a piece of the cake.
			每个人都想要得到无法拥有的东西		Everyone wants what they can't have.
			请问下，这件毛衣要多少钱？		Excuse me, how much is this sweater?
			鱼和红酒不相配。		Fish and red wine don't go together.
			魚和紅酒不合。		Fish and red wine don't go together.
			新鲜的水果对你的健康有益。		Fresh fruit is good for your health.
			自助者天助。		God helps those who help themselves.
			上天会帮助自力更生的人。		God helps those who help themselves.
			你已经买了票吗？		Have you already bought the tickets?
			你买彩票了吗？		Have you bought a raffle ticket yet?
			你听说过这样的事吗？		Have you ever heard of such a thing?
			你读完那本书了吗？		Have you finished reading that book?
			他来信了吗？		Have you received a letter from him?
			他老是把我和我姐姐搞错。		He always mistakes me for my sister.
			他看起来健康强壮。		He appears to be strong and healthy.
			十岁时他就成了孤儿。		He became an orphan when he was ten.
			他从窗帘后出来了。		He came out from behind the curtain.
			他用一块木头刻出一尊佛像。		He carved a Buddha statue from wood.
			他没有工作，他退休了。		He doesn't have a job. He's retired.
			他能赚多少就赚多少。		He earned as much money as possible.
			他终于弄清楚怎么搞定这事了。		He finally found out how to make it.
			他给了我一个很棒的圣诞礼物。		He gave me a nice Christmas present.
			他留了胡子，为了让自己看起来更成熟。		He grew a beard to look more mature.
			他有个住在东京的兄弟。		He has a brother who lives in Tokyo.
			他在教学上拥有丰富的经验。		He has a lot of teaching experience.
			他去过夏威夷几次。		He has been to Hawaii several times.
			他怕得到肺癌。		He is afraid of getting lung cancer.
			他是你前些时候见过的那个人。		He is the man you met the other day.
			他是前几天和你见过面的那个人。		He is the man you met the other day.
			他不是我的兄弟。他是我的表弟。		He isn't my brother. He's my cousin.
			他住得离老家很远。		He lives far away from his hometown.
			他在一次意外中失去了他的視力。		He lost his eyesight in an accident.
			他游到不能游为止。		He swam until he could swim no more.
			他打出租车以及时赶到。		He took a taxi to get there in time.
			他从口袋中拿出了什么。		He took something out of his pocket.
			他天黑前能回家。		He was able to get home before dark.
			他昨天没来上学。		He was absent from school yesterday.
			他因酒後駕駛而被捕。		He was arrested for drunken driving.
			他在艺术世家长大。		He was raised in an artistic family.
			他代替他的父親去。		He went there instead of his father.
			他工作得太多，病倒了。		He worked too hard, and became sick.
			他已卧病在床四天了。		He's been sick in bed for four days.
			他家离这间商店不远。		His house isn't far from this store.
			你是怎样庆祝生日的？		How did you celebrate your birthday?
			怎么样才能让我的狗吃狗粮？		How do I get my dog to eat dog food?
			从这里到海滩该怎么走？		How do I get to the beach from here?
			你的姓怎麼讀？		How do you pronounce your last name?
			你的姓怎么读？		How do you pronounce your last name?
			你们两个在一起多久了？		How long have you two been together?
			那张木椅要多少钱？		How much does the wooden chair cost?
			快一點，你就可以搭上公車。		Hurry up, and you can catch the bus.
			快一点，你就能赶上火车了。		Hurry, and you will catch the train.
			我总是在上学前先吃饭。		I always eat before going to school.
			我是牛津大学的学生。		I am a student at Oxford University.
			今天晚上我打算看电视。		I am going to watch TV this evening.
			我对中国宗教感兴趣。		I am interested in Chinese religion.
			我学两种外语。		I am learning two foreign languages.
			我昨天买了一支像你那样的笔。		I bought a pen like yours yesterday.
			我既不能確認也不能否定。		I can neither confirm nor deny that.
			我能了解她在說什麼。		I can understand what she is saying.
			在某種程度上我能了解你。		I can understand you to some extent.
			我再也受不了那噪音了。		I can't stand that noise any longer.
			我整夜都能听到狗叫。		I could hear dogs barking all night.
			我买不起自行车。		I could not afford to buy a bicycle.
			我无法回答所有问题。		I couldn't answer all the questions.
			我想不到要說什麼話。		I couldn't think of anything to say.
			我每次看这部电影都会哭。		I cry every time I watch this movie.
			我没有参与对话。		I did not participate in the dialog.
			我以前不知道你想做什么。		I didn't know what you wanted to do.
			我不是很想出去。		I didn't really feel like going out.
			我不在乎将来。		I don't care a bit about the future.
			我不關心你是否信任我。		I don't care if you trust me or not.
			我今天没有时间去那里了。		I don't have time to go there today.
			这五个女人我一个都不认识。		I don't know any of the five ladies.
			我不知道什么时候要在那里。		I don't know when I should be there.
			我不知道你不喜欢汤姆的理由。		I don't know why you don't like Tom.
			我不記得寄過信了。		I don't remember mailing the letter.
			我不明白为什么我得跟着去。		I don't see why I had to come along.
			我们之前没有见过吧。		I don't think we've been introduced.
			我没有领会这个意义。		I don't understand its significance.
			我再也不要汤姆留下来。		I don't want Tom to stay any longer.
			我不想跟你交朋友。		I don't want to be friends with you.
			我不想再聽到這事。		I don't want to hear about it again.
			我不想再和汤姆说话了。		I don't want to talk to Tom anymore.
			我早上不洗头。		I don't wash my hair in the morning.
			我感觉大家都在关注我。		I feel like everybody's watching me.
			我偶然发现了那家餐馆。		I found that restaurant by accident.
			我與我的弟弟相處融洽。		I get along with my younger brother.
			我免費得到溜冰鞋。		I got the roller skates for nothing.
			我今天早上六點半起床。		I got up at six-thirty this morning.
			我毫不费劲就找到他的公司。		I had no trouble finding his office.
			我收集很多郵票。		I have a large collection of stamps.
			这个犯罪和我一点关系都没有。		I have nothing to do with the crime.
			我刚把你家的卫生做完。		I just finished cleaning your place.
			我知道你不想跟我说话。		I know you don't want to talk to me.
			我让我妹妹用我的新电脑。		I let my sister use my new computer.
			所有学科中，我比较喜欢英语。		I like English best of all subjects.
			我喜欢和父亲一起去钓鱼。		I like to go fishing with my father.
			我的钥匙就是在这附近丢失的。		I lost my key somewhere around here.
			我努力地改善我的成績。		I made efforts to improve my grades.
			我設法讓他明白了。		I managed to make him understand it.
			我注意到她当时戴了顶新帽子。		I noticed she was wearing a new hat.
			我拒绝被像一个孩子般对待。		I refuse to be treated like a child.
			我看见一个老太太穿过了马路。		I saw an old woman cross the street.
			我怀疑汤姆也感到兴趣。		I suspected that Tom was interested.
			我覺得我找到了更好的。		I think I've found something better.
			我认为这个事实很重要。		I think that fact is very important.
			我认为这可以撒些盐。		I think that it could use some salt.
			我覺得你在做蠢事。		I think what you're doing is stupid.
			我以为汤姆会喜欢这个聚会。		I thought Tom would enjoy the party.
			我以为你想见我呢。		I thought that you wanted to see me.
			我告诉过你不要再来这里了。		I told you never to come here again.
			我试着阻止它发生。		I tried to stop that from happening.
			我喝咖啡通常加牛奶。		I usually drink my coffee with milk.
			我想让这次变得不一样。		I want it to be different this time.
			我想要我的晚餐送到房间里来。		I want my dinner brought to my room.
			我想自己把工作做完。		I want to finish the work on my own.
			我对以后做什么很迷茫。		I was puzzled about what to do next.
			我对他的坚持感到很惊讶。		I was surprised by his perseverance.
			我在吃午饭前洗手。		I wash my hands before eating lunch.
			我去和朋友喝了杯啤酒。		I went to drink a beer with friends.
			上个月我参加了三场葬礼。		I went to three funerals last month.
			我希望住在你家附近。		I wish I could live near your house.
			我想复习英语。		I would like to brush up my English.
			我想买些靴子。		I would like to purchase some boots.
			我想请你参加派对。		I'd like to invite you to the party.
			我想跟你私下說話。		I'd like to talk with you privately.
			我马上把帐单拿给您。		I'll bring you the bill immediately.
			我下周会详细说明的。		I'll explain it in detail next week.
			我在下一站下车。		I'm getting off at the next station.
			我不像你想的那么傻。		I'm not as stupid as you think I am.
			我不是要求你，我是恳请你。		I'm not asking you. I'm begging you.
			我一点都不怕你。		I'm not the least bit scared of you.
			我适应新环境很慢。		I'm slow to adapt to new situations.
			我很遺憾你要離開這裡。		I'm sorry that you are leaving here.
			抱歉，你能再说一遍吗？		I'm sorry, could you say that again?
			我确定你不久就回来。		I'm sure you'll be back before long.
			这个我只和你说哦。		I'm telling you this confidentially.
			我尽量留着胃吃甜点。		I'm trying to save room for dessert.
			给你添麻烦了，真的非常抱歉。		I'm very sorry to have troubled you.
			我有點不安。		I've been feeling a little restless.
			我准备再前进一点。		I've decided to go a little further.
			我最近有很多事情要做。		I've had a lot of work to do lately.
			我必须靠自己做所有事。		I've had to do everything by myself.
			我没去过我叔叔的房子。		I've never been to my uncle's house.
			要是我很忙，我可能就会迟到。		If I am busy then I may arrive late.
			如果汤姆真的活着，他在哪里？		If Tom is really alive, where is he?
			如果你会唱歌就好了。		If you can sing, that's good enough.
			要是你有空的话，我们就去购物吧。		If you have time, let's go shopping.
			如果你饿了，为什么不吃饭呢？		If you're hungry, why don't you eat?
			在瑞士，春天在五月来临。		In Switzerland, spring comes in May.
			用筷子吃饭难吗？		Is eating with chopsticks difficult?
			你真的要试着那样做吗？		Is it true you're trying to do that?
			酒店中有花店吗？		Is there a flower shop in the hotel?
			这是你找的钥匙吗？		Is this the key you are looking for?
			众口难调。		It is difficult to satisfy everyone.
			你有必要到那里去。		It is necessary for you to go there.
			他这么说很奇怪。		It is strange that he should say so.
			这不是我所擅长的事。		It isn't something I'm very good at.
			貌似没有人知道真相。		It seems that no one knew the truth.
			不可能找得到答案。		It was impossible to find an answer.
			如果你唱歌的話一定很棒。		It would be great if you could sing.
			用手指点别人不礼貌。		It's bad manners to point at people.
			学游泳非常简单。		It's very easy to learn how to swim.
			日本的人口密度很高。		Japan has a high population density.
			喀布尔是阿富汗的首都。		Kabul is the capital of Afghanistan.
			让我们和他们讨论这个问题吧。		Let's discuss the problem with them.
			咱在汤姆回来之前开溜吧。		Let's skip out before Tom gets back.
			在你的词典查一查这个词。		Look up the word in your dictionary.
			看来今天会是漫长的一天啊。		Looks like today will be a long day.
			許多人只說一種語言。		Many people only speak one language.
			玛丽更想把头发染成金色。		Mary prefers to dye her hair blonde.
			相互理解能促进和平。		Mutual understanding promotes peace.
			我老板把艰巨的任务指派给了我。		My boss assigned the hard job to me.
			我弟弟去年死於癌症。		My brother died of cancer last year.
			我哥住在一座小村庄里。		My brother lives in a small village.
			爸爸准许我去游泳。		My father allowed me to go swimming.
			我爸爸既不喝酒也不抽烟。		My father neither drinks nor smokes.
			我的父親不抽菸也不喝酒。		My father neither smokes nor drinks.
			我妹妹正在厨房做饭。		My sister is cooking in the kitchen.
			那声音搅了我的美梦。		My sleep was disturbed by the sound.
			没人能阻止我去那儿。		No one can keep me from going there.
			谁也不知道他是否爱她。		No one knows if he loves her or not.
			不是每个人都想成为艺术家。		Not everybody wants to be an artist.
			张开嘴巴闭上眼睛。		Open your mouth and close your eyes.
			观点因人而异。		Opinions vary from person to person.
			耐心对一个教师来说是必需的。		Patience is essential for a teacher.
			请不要告诉你父母。		Please don't tell your parents this.
			请你将来注意点。		Please take more care in the future.
			以后请注意点。		Please take more care in the future.
			请把下面的句子翻译一下。		Please translate the sentence below.
			罗马有很多古建筑。		Rome has a lot of ancient buildings.
			她专注在她的新工作上。		She applied her mind to her new job.
			她没有驾照。		She doesn't have a driver's license.
			她梦见她是一个公主。		She dreamed that she was a princess.
			她每週日早上很晚起床。		She gets up late on Sunday mornings.
			她昨晚做了个美梦。		She had a pleasant dream last night.
			她有一个钢琴家女儿。		She has a daughter who is a pianist.
			她能說流利的英語和法語。		She is fluent in English and French.
			看到他的帽子，她笑了。		She laughed at the sight of his hat.
			她似乎比以往任何时候都漂亮。		She looked more beautiful than ever.
			上次我见到她的时候，她看上去挺好的。		She looked well when I last saw her.
			她现在应该已经到家了。		She should have arrived home by now.
			她每周上一次钢琴课。		She takes piano lessons once a week.
			她不得不放弃这个计划。		She was obliged to give up the plan.
			她累了，但她繼續工作。		She was tired, but she kept working.
			她差不多和你一样高。		She's almost the same height as you.
			奴役制是一种危害人类罪。		Slavery is a crime against humanity.
			一些人批评了我们的决定。		Some people criticized our decision.
			有人站在墙后。		Someone is standing behind the wall.
			告诉汤姆我不需要他的帮助！		Tell Tom that I don't need his help.
			谢谢你邀请我吃饭。		Thank you for inviting me to dinner.
			多亏你我胃口都没了。		Thanks to you I've lost my appetite.
			那个发现纯属偶然。		That discovery was quite accidental.
			婴儿终于不哭了。		The baby has finally stopped crying.
			恶劣的天气对他的健康带来了影响。		The bad weather affected his health.
			篮子里装满了草莓。		The basket was full of strawberries.
			船被用短繩繫著。		The boat was tied with a short line.
			男孩把他的名字刻在树上。		The boy carved his name on the tree.
			今天的西藍花不是很新鮮。		The broccoli today isn't very fresh.
			巴士不总是能准点到达。		The bus doesn't always come on time.
			巴士虽然停了，但是没有人下车。		The bus stopped, but no one got out.
			桌上的计算器是我的。		The calculator on the table is mine.
			这孩子有水痘的症状。		The child has a case of chicken pox.
			孩子们被照顾得很好。		The children were well looked after.
			那本词典分为两卷。		The dictionary comes in two volumes.
			医生治好了她的病。		The doctor cured her of her disease.
			实验证明了他的理论。		The experiment confirmed his theory.
			房子被大火烧成了灰烬。		The fire reduced the house to ashes.
			這隻狐狸和這隻熊一起生活了。		The fox and the bear lived together.
			问题还没有解决。		The matter has not been settled yet.
			警察抓住了那个男孩的手臂。		The policeman grabbed the boy's arm.
			富人有时会看不起穷人。		The rich sometimes despise the poor.
			这艘船没有雷达装备。		The ship is not equipped with radar.
			情况丝毫没有改变。		The situation hasn't changed at all.
			自动售货机在那边。		The vending machines are over there.
			墙被常青藤覆盖了一部分。		The wall is partly covered with ivy.
			浪拍在岩石上。		The waves crashed against the rocks.
			他们的计划对我来说很有意思。		Their plan sounds interesting to me.
			这个森林里有很多小鸟。		There are many birds in this forest.
			日本有许多地震。		There are many earthquakes in Japan.
			在火车的间隔中有漫长的等待。		There is a long wait between trains.
			两者没有关联。		There is no connection between them.
			这里以前有个商店。		There used to be a store right here.
			公园里有一大群人。		There was a large crowd in the park.
			去年冬天下了好多雪。		There was a lot of snow last winter.
			房间里没几个小孩子。		There were few children in the room.
			这些患者走路有困难。		These patients have trouble walking.
			他们谈计划谈了几个小时。		They talked over the plan for hours.
			他们一起为这个项目工作过。		They worked jointly on this project.
			这本书明年要出版。		This book will be printed next year.
			这本书会对我们有很大用处。		This book will be very useful to us.
			这是你要找的书。		This is the book you're looking for.
			这里就是事故发生的地方。		This is where the accident happened.
			该杂志每月出版。		This magazine comes out every month.
			這支鉛筆比那隻好。		This pencil is better than that one.
			数千人失业。		Thousands of people lost their jobs.
			老实说，我不喜欢他。		To tell the truth, I don't like him.
			汤姆和我差不多高。		Tom and I are about the same height.
			汤姆和玛丽在客厅里。		Tom and Mary are in the living room.
			汤姆明天会给你一个答案。		Tom can give you an answer tomorrow.
			汤姆用他的手捂住了他的脸。		Tom covered his face with his hands.
			汤姆不必帮我。		Tom doesn't have to help me anymore.
			汤姆不知道为什么玛丽缺席。		Tom doesn't know why Mary is absent.
			汤姆在学校里不专心。		Tom doesn't pay attention in school.
			汤姆没有感受到玛丽的热情。		Tom doesn't share Mary's enthusiasm.
			汤姆说话的法国腔很重。		Tom has a very strong French accent.
			汤姆对我一直很好。		Tom has always been very nice to me.
			汤姆之前做过很多次。		Tom has done that many times before.
			汤姆日语说得很流利。		Tom is a fluent speaker of Japanese.
			汤姆几乎跟他爸一样高。		Tom is almost as tall as his father.
			汤姆会和玛丽说他很忙。		Tom is going to tell Mary he's busy.
			汤姆在医院的等候室。		Tom is in the hospital waiting room.
			汤姆对玛丽一点也不感兴趣。		Tom isn't interested in Mary at all.
			汤姆知道玛丽不会让他失望。		Tom knew Mary wouldn't let him down.
			汤姆知道玛丽的很多事。		Tom knows a lot of stuff about Mary.
			汤姆让我们知道他需要做。		Tom let us know he needs to do that.
			汤姆经常去越野滑雪。		Tom often goes cross-country skiing.
			汤姆往他的面包片上放了许多蜂蜜。		Tom put a lot of honey on his toast.
			汤姆往他的吐司上放了许多蜂蜜。		Tom put a lot of honey on his toast.
			汤姆说他不喜欢他的新工作。		Tom said he didn't like his new job.
			汤姆说他乐意做这事。		Tom said he'd be willing to do this.
			汤姆跟玛丽说他想吃。		Tom told Mary that he wanted to eat.
			汤姆告诉我他准备回家了。		Tom told me that he was headed home.
			那时汤姆相当一个兽医。		Tom wanted to become a veterinarian.
			汤姆在一家快餐店工作。		Tom works at a fast-food restaurant.
			汤姆三年前创作了那首歌。		Tom wrote that song three years ago.
			请在下一个十字路口右转。		Turn right at the next intersection.
			两个侦探跟着嫌疑人。		Two detectives followed the suspect.
			水结冰后成为固体。		Water becomes solid when it freezes.
			我们谈论了各种各样的话题。		We discussed a wide range of topics.
			我们发现他是她的父亲。		We found out that he was her father.
			我们偶然乘上了同一辆列车。		We happened to be on the same train.
			我们常把黑色跟死亡联系起来。		We often associate black with death.
			我们看见地面被雪覆盖了。		We saw the ground covered with snow.
			我们应该废除死刑。		We should abolish the death penalty.
			过去我们每个周末都去溜冰。		We used to go skating every weekend.
			我们全力以赴来完成工作。		We went all out to get the job done.
			我们在吃过晚餐后出去散步了。		We went out for a walk after dinner.
			我们挤进了那间小房间里。		We were crowded into the small room.
			我们偶然间乘了同一列列车。		We were on the same train by chance.
			我们缺氧时就会打哈欠。		We yawn when we are short of oxygen.
			你一准备好，我们就走。		We'll leave as soon as you're ready.
			我们要从波士顿飞往芝加哥。		We're flying from Boston to Chicago.
			我们在镇子这片很有名气。		We're pretty well known around town.
			我所想要的是一点平和和安静。		What I want is some peace and quiet.
			你几点离开办公室？		What time will you leave the office?
			爆炸的原因是什么？		What was the cause of the explosion?
			要怎么才能把他拉下马？		What will it take to bring him down?
			您什么时候开始学英语的？		When did you begin studying English?
			你们什么时候开始学英语的？		When did you begin studying English?
			你什么时候开始学英语的？		When did you begin studying English?
			最近的警察局在哪里？		Where is the nearest police station?
			有志者事竟成。		Where there's a will, there's a way.
			最近的電話亭在哪裡？		Where's the nearest telephone booth?
			你推荐我买哪个？		Which one would you recommend I buy?
			站在那儿的女孩是谁？		Who is the girl standing over there?
			穿黃色雨衣的女孩是誰？		Who's the girl in a yellow raincoat?
			为什么汤姆不需要去波士顿？		Why didn't Tom need to go to Boston?
			为什么你今天没有把帽子带来？		Why didn't you bring your hat today?
			为什么你要读这样一本书？		Why do you need to read such a book?
			你到底为什么要这么做？		Why exactly did you need to do that?
			用纸巾把那口锅擦干。		Wipe the pan dry with a paper towel.
			用纸巾把平底锅擦干。		Wipe the pan dry with a paper towel.
			你能借我些钱吗？		Would you please lend me some money?
			请你给我看一下这条裙子好吗？		Would you please show me that skirt?
			你不用马上回答。		You don't have to answer right away.
			你必须做出困难的选择。		You have a difficult choice to make.
			你有如此美麗的淡褐色眼睛。		You have such beautiful, hazel eyes.
			你一定要回家過聖誕節啊。		You have to come home for Christmas.
			你和你哥哥长得一模一样。		You look just like your big brother.
			你本应该接受他的建议。		You should have accepted his advice.
			你应该提前付租金。		You should pay your rent in advance.
			你该早一点来的。		You should've come a little earlier.
			你最好不要開了我的車。		You'd better not have driven my car.
			你会需要一个特殊的工具来做这件事。		You'll need a special tool to do it.
			你是唯一一个能帮助我们的人。		You're the only one who can help us.
			你的作文有一些錯誤。		Your composition has a few mistakes.
			“你怎么样？”“我很好，谢谢。”		"""How are you?"" ""I'm fine, thank you."""
			“汤姆不在那儿。”“那么他在哪儿？”		"""Tom isn't here."" ""Then where is he?"""
			“我该做什么呢？”我自言自语道。		"""What should I do?"" I said to myself."
			来自波士顿的一对夫妇也被杀害了。		A couple from Boston was also killed.
			笨蛋難聚財。		A fool and his money are soon parted.
			一个绅士是不会做这种事的。		A gentleman wouldn't do such a thing.
			酸雨不是自然现象。		Acid rain isn't a natural phenomenon.
			所有文章都必须在规定时间内交上来。		All essays must be handed in on time.
			地震随时都可能发生。		An earthquake can happen at any time.
			你确定汤姆现在在澳洲吗？		Are you sure Tom is in Australia now?
			你真的知道这个怎么做吗？		Are you sure you know how to do this?
			快点，不然要赶不上火车了。		Be quick, or you will miss the train.
			情人眼裡出西施。		Beauty is in the eye of the beholder.
			汤姆和玛丽都不说法语。		Both Tom and Mary can't speak French.
			上床睡觉前要刷牙。		Brush your teeth before going to bed.
			佛教起源於印度。		Buddhism had its beginnings in India.
			奶油和乳酪是由牛奶做成的。		Butter and cheese are made from milk.
			顺便说一句，你最近见过他吗？		By the way, have you seen him lately?
			在明天早上九点见可以吗？		Can we meet tomorrow morning at nine?
			孩子们应该每天喝牛奶。		Children should drink milk every day.
			巧克力的鐵質含量比菠菜還要多。		Chocolate has more iron than spinach.
			巧克力含有比菠菜更多的鐵質。		Chocolate has more iron than spinach.
			滴水穿石。		Constant dripping wears away a stone.
			水滴石穿。		Constant dripping wears away a stone.
			你告诉汤姆那是紧急情况了吗？		Did Tom tell you it was an emergency?
			警察找到指纹了吗？		Did the police find any fingerprints?
			你见到今天早上的彩虹了吗？		Did you see the rainbow this morning?
			你叔叔让你开他的车了吗？		Did your uncle let you drive his car?
			如果可能的话，在明天前做好这个工作。		Do this work by tomorrow if possible.
			你知道她会说英语吗？		Do you know if she can speak English?
			您知道这个词的意思吗？		Do you know the meaning of this word?
			你真想搬去波士頓？		Do you really want to move to Boston?
			你认为我们会遇到好天气吗？		Do you think we'll have good weather?
			别忘了把垃圾拿出去。		Don't forget to take out the garbage.
			不要探听别人的事。		Don't pry into the affairs of others.
			别告诉任何人我尿床了。		Don't tell anyone that I wet the bed.
			吃生蛋可能是危險的。		Eating raw eggs could be bad for you.
			每个人都知道汤姆的法语很好。		Everyone knew Tom was good at French.
			爸爸出去了，但妈妈在家。		Father is out, but Mother is at home.
			给我从浴室拿几条毛巾来。		Get me some towels from the bathroom.
			上帝知道我们做了我们所能做的事。		God knows we did everything we could.
			你读完那本小说了吗？		Have you finished reading that novel?
			你有看过镜子里的自己吗？		Have you seen yourself in the mirror?
			他三岁就到东京了。		He came to Tokyo at the age of three.
			他既会打网球，又会打棒球。		He can play both tennis and baseball.
			他转变了话题。		He changed the topic of conversation.
			他拿他的車和新款車作比較。		He compared his car to the new model.
			他用牙齒咬碎了核桃。		He cracked the walnut with his teeth.
			他乘小船過河。		He crossed the river in a small boat.
			他在火旁烘干他的湿衣服。		He dried his wet clothes by the fire.
			他在口袋里摸着找他的钱包。		He felt in his pocket for his wallet.
			他每天去学校学习。		He goes to school to study every day.
			他不知道为什么他的妻子要离开他。		He had no idea why his wife left him.
			他有个装满草莓的篮子。		He has a basket full of strawberries.
			他为他的迟到制造了一个借口。		He invented an excuse for being late.
			他有权得到奖励。		He is entitled to receive the reward.
			他熟悉日本文化。		He is familiar with Japanese culture.
			他留给他女儿一大笔财产。		He left his daughter a great fortune.
			他把耳朵貼在門上聽。		He listened with his ear to the door.
			他大半生都住在国外。		He lived abroad for much of his life.
			他在意外中失明了。		He lost his eyesight in the accident.
			他每週六和他的女朋友見面。		He meets his girlfriend on Saturdays.
			他把他的财产传给了他儿子。		He passed his property on to his son.
			他不情愿地同意了我的提案。		He reluctantly agreed to my proposal.
			他給她選了件聖誕禮物。		He selected a Christmas gift for her.
			他扔了很多旧信件。		He threw away a bunch of old letters.
			他迅速瞥了一眼杂志。		He took a quick look at the magazine.
			他把诗翻译成英语。		He translated the verse into English.
			他正在思考他未来的生活。		He was meditating on his future life.
			他站在街角。		He was standing at the street corner.
			他正遭受严重头痛的困扰。		He was suffering from a bad headache.
			他去美国学医了。		He went to America to study medicine.
			他长大了会成为一名医生。		He will be a doctor when he grows up.
			我不在的时候，他将是我的代理人。		He will be my deputy while I am away.
			他的辦公室離車站很近。		His office is near the train station.
			他的思維方式很幼稚。		His way of thinking is very childish.
			最近过得怎样？		How are you getting along these days?
			你怎么让汤姆告诉你的？		How did you get Tom to tell you that?
			你打算在这儿待多久？		How long do you plan on staying here?
			香蕉多少錢一公斤？		How much does a kilo of bananas cost?
			這支鋼筆多少錢？		How much does this fountain pen cost?
			快点，不然你就要错过火车了。		Hurry up, or you will miss the train.
			当我看到这张图片的时候总是哭。		I always cry when I see this picture.
			我孤单的时候总会想起他。		I always think of him when I'm alone.
			我很关心他的健康。		I am very concerned about his health.
			我面对陌生人很不自在。		I am very ill at ease with strangers.
			我天黑之前到达了村庄。		I arrived at the village before dark.
			我不能忍著不笑。		I couldn't stop myself from laughing.
			我没有抓到他演讲的重点。		I didn't get the point of his speech.
			这一点我不赞成你。		I don't agree with you on this point.
			只要你开心就行了。		I don't care as long as you're happy.
			我做得不如以前好了。		I don't do that as well as I used to.
			我一點也不想思考原因。		I don't even want to think about why.
			我讨厌那种事。		I don't go in for that sort of thing.
			我不知道任何有關他過去的事。		I don't know anything about his past.
			我不知道我是否有时间做。		I don't know if I have time to do it.
			我再也不知道該信甚麼了。		I don't know what to believe anymore.
			我不喜欢以这种方式被对待。		I don't like being treated like this.
			我认为我们不能再等了。		I don't think we can wait any longer.
			我不想要汤姆给我的礼物。		I don't want the present Tom gave me.
			我今天不想起床。		I don't want to get out of bed today.
			我不想在恐惧中生活。		I don't want to live my life in fear.
			我不愿意勾起久远的回忆。		I don't want to stir up old memories.
			我昨晚認識了他。		I got acquainted with him last night.
			我比汤姆来的早一点。		I got here a little earlier than Tom.
			我前一天丢了一台相机。		I had lost a camera the previous day.
			我在打开包装时遇到了麻烦。		I had trouble unwrapping the package.
			我有个美国朋友。		I have a friend who lives in America.
			我没时间再跟你说话了。		I have no more time to talk with you.
			我没有特别的理由去做。		I have no particular reason to do so.
			我必须马上和你说话。		I have to speak with you immediately.
			我只是待在家里看电视。		I just stayed at home and watched TV.
			我知道他的名字，但不知道他长什么样。		I know him by name, but not by sight.
			我知道他的样子，但不知道他的名字。		I know him by sight, but not by name.
			我跟你哥哥很熟。		I know your older brother quite well.
			我喜欢狗，我妹妹喜欢猫。		I like dogs and my sister likes cats.
			我自己搞定，修好了我的车。		I managed to repair my car by myself.
			我需要一本日英字典。		I need a Japanese-English dictionary.
			我用两千日元买了这本书。		I paid two thousand yen for the book.
			我真的很感激你所做的一切。		I really appreciate what you've done.
			我记得好像在哪里见过她。		I remember having seen her somewhere.
			我记得你以前跳舞的方式。		I remember the way you used to dance.
			我上周开始学中文了。		I started learning Chinese last week.
			我还没完成作业。		I still haven't finished my homework.
			我挣扎着挤出地铁。		I struggled to get out of the subway.
			我赢得了我想要的。		I succeeded in getting what I wanted.
			我成功地得到了我想要的。		I succeeded in getting what I wanted.
			我忽然想起了我死去的妈妈。		I suddenly thought of my dead mother.
			我怀疑汤姆已经厌烦这么做了。		I suspect Tom is tired of doing that.
			我觉得你是时候该懂事了。		I think it's time for you to grow up.
			我认为汤姆会睡到中午。		I thought Tom would sleep until noon.
			我觉得这就是我们所需要的。		I thought that that's what we needed.
			我试着说服汤姆回家。		I tried to convince Tom to come home.
			我以前吃披萨，但现在不了。		I used to eat pizza, but now I don't.
			我要一件新衬衫。你想要什么？		I want a new shirt. What do you want?
			我只想注意积极方面。		I want to just focus on the positive.
			我叔叔给了我一块漂亮的手表。		I was given a nice watch by my uncle.
			我害怕一个人处在黑暗之中。		I was scared to be alone in the dark.
			不论发生什么事，我都会在你身边。		I will stand by you whatever happens.
			我希望更多人也能感受到。		I wish more people felt the same way.
			我今年不結婚。		I won't be getting married this year.
			我怀疑有什么事在他身上发生了。		I wonder if anything happened to him.
			我想要一杯咖啡。		I would like to have a cup of coffee.
			我想喝一杯咖啡。		I would like to have a cup of coffee.
			我很想找出她为什么这么说的原因。		I'd love to find out why she said so.
			比起出去钓鱼，我更想待在家里。		I'd rather stay home than go fishing.
			我到家后给你打电话。		I'll give you a call when I get home.
			我絕不能忍受。		I'll never be able to live this down.
			我恐怕您打错电话了。		I'm afraid you have the wrong number.
			我很高兴你能来参加派对。		I'm glad you could come to the party.
			我今天覺得比昨天好多了。		I'm much better today than yesterday.
			我不饿。我刚吃过早餐。		I'm not hungry. I just had breakfast.
			我和我的邻居关系很好。		I'm on good terms with the neighbors.
			我很惊讶你得了奖。		I'm really surprised you got a prize.
			我经常烦你，对不起。		I'm sorry to always be bothering you.
			我强烈反对妥协		I'm strongly opposed to a compromise.
			汤姆今天下午一定会赢。		I'm sure Tom will win this afternoon.
			我才是那个想和你在一起的人！		I'm the one who wants to be with you.
			我对这些故事很感兴趣。		I'm very interested in these stories.
			我一直想登富士山。		I've always wanted to climb Mt. Fuji.
			我一直忙于写一部短篇小说。		I've been busy writing a short story.
			我数年来都和这家商店做生意。		I've dealt with this store for years.
			我有个东西您该看看。		I've got something you've got to see.
			我租了一間離這裡不遠的屋子。		I've rented a room not far from here.
			如果这是真的，您要怎么办？		If that were true, what would you do?
			如果你不知道答案，猜猜看。		If you don't know the answers, guess.
			如果你需要笔的话，我借你一支。		If you need a pen, I'll lend you one.
			如果你錯了，那麼我也錯了。		If you're wrong, then I'm wrong, too.
			想象一下，假如你有一台时光机。		Imagine that you have a time machine.
			在你们国家，汤姆是个常见的名字吗？		Is Tom a common name in your country?
			有什么你想让我买的吗？		Is there anything you want me to buy?
			全知是不可能的。		It isn't possible to know everything.
			似乎发生了什么事。		It seems that something has happened.
			我到旅馆的时候，天已经黑了。		It was dark when I reached the hotel.
			这件事情不是你告诉我的。		It wasn't you who told me about this.
			完成这个工作不会花太长时间。		It won't take long to finish the job.
			很遗憾他们离婚了。		It's a pity they're getting divorced.
			这只不过全是个大误会而已。		It's all just a big misunderstanding.
			猴子爬树容易。		It's easy for monkeys to climb trees.
			中午到達那裡是不可能的。		It's impossible to get there by noon.
			能在日本找到这样的大的院子实属罕见。		It's rare to find big yards in Japan.
			一月通常是最冷的月份。		January is usually the coldest month.
			日本生产很多好相机。		Japan produces a lot of good cameras.
			现在女生穿牛仔裤很流行。		Jeans are now in fashion among girls.
			十和田湖以它的美麗聞名。		Lake Towada is famous for its beauty.
			只要雨一停我们就走。		Let's go as soon as it stops raining.
			人类是唯一能够彼此交谈的动物。		Man is the only animal that can talk.
			许多人在工业城市工作。		Many people work in industrial towns.
			玛丽没有认出她的前夫。		Mary didn't recognize her ex-husband.
			可以麻烦你把窗关了吗？		May I trouble you to shut the window?
			富士山是日本最高的山。		Mt. Fuji is Japan's tallest mountain.
			我的兄弟買了電子吉他。		My brother bought an electric guitar.
			我的兄弟明天不在家。		My brother won't be at home tomorrow.
			我父親每天早上去慢跑。		My father goes jogging every morning.
			我父親每天早上都跑步。		My father goes jogging every morning.
			我的父親在晚飯前洗澡。		My father takes a bath before supper.
			我父親每天早上去散步。		My father takes a walk every morning.
			她的悲伤无法言喻。		No words can express her deep sorrow.
			我没有一个同学住在这儿附近。		None of my classmates live near here.
			不是所有国家都加入了联合国。		Not every country belongs to the U.N.
			似乎不是每个人都同意汤姆。		Not everyone seems to agree with Tom.
			冰箱里什么都没剩下。		Nothing remained in the refrigerator.
			我们学校离公园非常近。		Our school is very close to the park.
			我们学校的图书馆很小，但是是新的。		Our school library is small, but new.
			请尽快回来。		Please come back as soon as possible.
			请自重。		Please conduct yourself with dignity.
			鲑鱼在淡水中产卵。		Salmon lay their eggs in fresh water.
			她向我抱怨他的粗鲁无礼。		She complained to me of his rudeness.
			她声称自己没罪。		She declared that she was not guilty.
			她在一个寒冷的十二月晚上死了。		She died on a cold night in December.
			她从银行取了钱。		She drew out the money from the bank.
			她原谅了男孩的粗鲁。		She forgave the boy for his rudeness.
			她在五點鐘前做完了她的工作。		She got through her work before five.
			她对她的孩子非常生气。		She got very angry with her children.
			我打电话的时候，她刚回到家。		She had just come home when I called.
			她不理他，这被证明是不明智的。		She ignored him, which proved unwise.
			她邀请我们去她的生日派对。		She invited us to her birthday party.
			她拿了其中一个玻璃花瓶。		She picked up one of the glass vases.
			她把脏盘子放进水池里。		She put the dirty dishes in the sink.
			她说她有点累了。		She said that she was a little tired.
			她几乎不说英语。		She spoke scarcely a word of English.
			她用人造黄油代替了黄油。		She substituted margarine for butter.
			她想洗脏衣服。		She wanted to wash the dirty clothes.
			她年轻时很美丽。		She was beautiful when she was young.
			她急于见她的父亲。		She was in a hurry to see her father.
			她不得不和这个老男人结婚。		She was obliged to marry the old man.
			她在他耳邊低聲說話。		She whispered something into his ear.
			她为一本书收集材料。		She's collecting material for a book.
			她不如她姊姊漂亮。		She's not as beautiful as her sister.
			她现在依然依靠父母生活。		She's still dependent on her parents.
			她是啃老族。		She's still dependent on her parents.
			您下午做啥呢？		So what will you do in the afternoon?
			有人在火车上偷了我的钱包。		Someone stole my wallet on the train.
			她可能出什么事了。		Something might have happened to her.
			相扑是日本传统的体育活动。		Sumo is a traditional Japanese sport.
			跟她說我正在看新聞。		Tell her that I am watching the news.
			那个男孩否认偷了自行车。		That boy denies stealing the bicycle.
			那朵云对我来说像一只兔子。		That cloud looks like a rabbit to me.
			丑闻让他付出了失去声誉的代价。		That scandal cost him his reputation.
			蒙娜丽莎有着神秘的微笑。		The Mona Lisa has an enigmatic smile.
			事故发生在一个雨天。		The accident happened on a rainy day.
			孩子抓住了猫的尾巴。		The child caught the cat by the tail.
			这家饭馆的咖哩挺好。		The curry at this restaurant is good.
			这本字典对我很实用。		The dictionary is of great use to me.
			地球公转时间是一年。		The earth orbits the sun once a year.
			大爆炸致死六人。		The huge explosion killed six people.
			這小男孩怕黑。		The little boy is afraid of the dark.
			护士会告诉你怎么做。		The nurse will tell you how to do it.
			老人今天早上去世了。		The old man passed away this morning.
			这里的人习惯了寒冷。		The people here are used to the cold.
			花瓣浮在水面上。		The petals are floating on the water.
			铁路与公路平行。		The railroad is parallel to the road.
			下雨使我无法出门。		The rain prevented me from going out.
			这顶红帽子很衬她的裙子。		The red hat goes well with her dress.
			本来这间房间里没有家具。		The room originally had no furniture.
			学校会提供帐篷给我们。		The school will provide tents for us.
			蛋壳容易破碎。		The shell of an egg is easily broken.
			这个学校的学生很友好。		The students of this school are kind.
			虽然有阳光照射，但还是很冷。		The sun was shining, yet it was cold.
			他们两个里高的那一个先出来了。		The taller of the two went out first.
			气温突然下降了。		The temperature has suddenly dropped.
			世界不是围着你转的。		The world doesn't revolve around you.
			他们的苹果没有我们的好吃。		Their apples aren't as tasty as ours.
			那片湖裡有很多魚。		There are a lot of fish in that lake.
			这儿有不少于五百名学生。		There are at least 500 students here.
			桥对面有一间小屋。		There is a cottage beyond the bridge.
			我的車子故障了。		There is something wrong with my car.
			我钱包里没钱了。		There was no money left in my wallet.
			在轉角有一家酒吧。		There's a pub just around the corner.
			在左边有一条秘密通道。		There's a secret passage on the left.
			城裡有一家古老的電影院。		There's an old movie theater in town.
			有件事情我要对你说。		There's something I want to tell you.
			这些鞋子太紧了，伤脚。		These shoes are too tight. They hurt.
			他们总是为了小事吵架。		They always fight over little things.
			他们要求加薪。		They asked for an increase of salary.
			他们并不总是服从父母。		They don't always obey their parents.
			他们比我们先开始。		They had started earlier than we had.
			他们知道如何制造原子弹。		They know how to make an atomic bomb.
			这个海滩是冲浪者的天堂。		This beach is a paradise for surfers.
			这本书有精美的插图。		This book is beautifully illustrated.
			这本书没那本大。		This book isn't as large as that one.
			这个钟每天慢三分钟。		This clock loses three minutes a day.
			这是搭帐篷的好地方。		This is a good place to pitch a tent.
			这是世界上最大的车。		This is the biggest car in the world.
			这是昨天来的那个女孩。		This is the girl that came yesterday.
			這是他工作的辦公室。		This is the office in which he works.
			他这个时候该到了。		This is the time he normally arrives.
			这是我昨天买的表。		This is the watch I bought yesterday.
			来到这个公园会让我想起自己的童年。		This park reminds me of my childhood.
			今天是我一个朋友的生日。		Today is one of my friends' birthday.
			汤姆和玛丽入住了一家高档酒店。		Tom and Mary stayed at a fancy hotel.
			汤姆问玛丽她的男朋友是谁。		Tom asked Mary who her boyfriend was.
			汤姆几乎能游得跟我一样快。		Tom can swim almost as fast as I can.
			汤姆的确是个很会讲话的人。		Tom certainly is an eloquent speaker.
			汤姆不喜欢谈论他的工作。		Tom doesn't like to discuss his work.
			汤姆一年内增加了一倍的投资。		Tom doubled his investment in a year.
			汤姆在他的院子里种着草莓。		Tom grows strawberries in his garden.
			汤姆脑瓜灵。		Tom has a good head on his shoulders.
			汤姆是唯一一个有相机的人。		Tom is the only one who has a camera.
			汤姆比玛丽小三岁。		Tom is three years younger than Mary.
			汤姆不习惯光着脚漫步。		Tom isn't used to walking barefooted.
			汤姆不习惯赤脚漫步。		Tom isn't used to walking barefooted.
			汤姆知道玛丽什么时候来。		Tom knew when Mary would be arriving.
			汤姆住在一个小渔村。		Tom lived in a small fishing village.
			汤姆昨晚看来很健康。		Tom looked pretty healthy last night.
			汤姆从人群中拥出来。		Tom pushed his way through the crowd.
			汤姆在超市偶遇玛丽。		Tom ran into Mary at the supermarket.
			汤姆说他不知道怎么游泳。		Tom says he doesn't know how to swim.
			汤姆和我说明天玛丽会离开。		Tom told me Mary is leaving tomorrow.
			汤姆告诉我他有权看它。		Tom told me he had a right to see it.
			汤姆想要孩子，但玛丽不想。		Tom wants children, but Mary doesn't.
			汤姆为去音乐会而激动。		Tom was excited to go to the concert.
			汤姆对玛丽做的事感到惊讶。		Tom was surprised that Mary did that.
			汤姆穿着一双旧鞋。		Tom was wearing an old pair of shoes.
			汤姆新的女朋友是素食主义者。		Tom's new girlfriend is a vegetarian.
			我们很高兴你加入了我们班。		We are glad to have you in our class.
			我们几乎没空吃早饭。		We hardly have time to eat breakfast.
			我们完全没有共同点。		We have absolutely nothing in common.
			我们坐着谈很久以前的事。		We sat talking about the remote past.
			我们想学一些日文歌曲。		We want to learn some Japanese songs.
			我们能赶上最后一班火车。		We were able to catch the last train.
			我们正要进房间。		We were just about to enter the room.
			再想别的办法吧。		We'll find some other way to do that.
			我们后天出发。		We're leaving the day after tomorrow.
			我们不畏惧任何困难。		We're not afraid of any difficulties.
			奥林匹克的起源是什么？		What are the origins of the Olympics?
			你到底想暗示什么？		What in the world are you getting at?
			你认为我是哪种女人？		What kind of woman do you think I am?
			在美国人们说哪些语言？		What languages are spoken in America?
			第一班火车什么时候出发？		What time does the first train leave?
			东京巨蛋的电话号码是多少？		What's the number for the Tokyo Dome?
			你什么时候旅游回来的啊？		When did you get back from your trip?
			日本最长的隧道在哪里？		Where is the longest tunnel in Japan?
			船和火车哪个跑得快？		Which goes faster, a ship or a train?
			我睡午觉的时候做了个怪梦。		While napping, I had a strange dream.
			谁负责销售部门？		Who's in charge of the sales section?
			站在那儿的女人是谁？		Who's that woman standing over there?
			你家誰唱歌最好聽？		Who's the best singer in your family?
			你班裡最聰明的小孩是誰？		Who's the smartest kid in your class?
			想报警的是谁？		Whose idea was it to call the police?
			你为何想当一个老师？		Why did you want to become a teacher?
			为什么不让你的嘴巴休息呢？		Why don't you give your mouth a rest?
			你下周也会在波士顿吗？		Will you be in Boston next week, too?
			你能让我知道汤姆什么时候来吗？		Would you let me know when Tom comes?
			你想再来杯酒吗？		Would you like another glass of wine?
			要一起吃午餐吗？		Would you like to eat lunch together?
			昨天是最后一天上学。		Yesterday was the last day of school.
			昨天天气非常好。		Yesterday, the weather was very nice.
			你不怕鬼，不是麼？		You aren't afraid of ghosts, are you?
			你可以骑上我的摩托车去遛一圈。		You can have a ride on my motorcycle.
			你昨天没来学校。		You did not come to school yesterday.
			你没必要待到最后。		You don't have to wait until the end.
			你不妨告訴我一切。		You may as well tell me all about it.
			你一定要注意他的建议。		You must pay attention to his advice.
			你应该对邻居好点。		You should be good to your neighbors.
			你应该给他看看这装置。		You should have shown him the device.
			你太担心您的体重了。		You worry about your weight too much.
			你最好不要吃了蛋糕。		You'd better not have eaten the cake.
			你最好告诉我们发生了什么。		You'd better tell us what's going on.
			你很幸運能有這麼好的工作。		You're lucky to have such a good job.
			你就是我一直要找的人。		You're the man I've been looking for.
			您是新来的秘书吧，不是吗？		You're the new secretary, aren't you?
			你的提议值得考虑。		Your suggestion is worth considering.
			你的建议值得考虑。		Your suggestion is worth considering.
			“电话响了。”“我去接。”		"""The phone is ringing."" ""I'll get it."""
			“电话响了。”“我来接。”		"""The phone is ringing."" ""I'll get it."""
			“怎么了”“车出了故障”		"""What happened?"" ""The car broke down."""
			塑料盘子在烤箱里会化的。		A plastic dish will melt on the stove.
			一个聪明人不会说这种话。		A wise man would not say such a thing.
			所有美国人都需要缴税。		All Americans have to pay their taxes.
			你确定这就是你想要的吗？		Are you certain this is what you want?
			你是向汤姆求助的人中的一员吗？		Are you the one who asked Tom to help?
			没有合格的申请人吗？		Aren't there any qualified applicants?
			亚美尼亚语是一门印欧语言。		Armenian is an Indo-European language.
			问他会不会来参加会议。		Ask him if he will attend the meeting.
			十一点准时到车站。		Be at the station at 11 o'clock sharp.
			波士頓是養育孩子的好地方。		Boston is a great place to raise kids.
			棕色不是汤姆天生的发色。		Brown is not Tom's natural hair color.
			你今晚能不能到我家来？		Can you come over to my house tonight?
			能再告诉我一点吗？		Can you tell us a bit more about that?
			来吧。我想让你看点东西。		Come on. I want to show you something.
			你能给我土豆泥吗？		Could you pass me the mashed potatoes?
			你昨天上午打网球了吗？		Did you play tennis yesterday morning?
			你有除锈的东西吗？		Do you have anything to remove stains?
			请问现在波士顿是几点钟？		Do you know what time it is in Boston?
			你知道现在哪本书卖得好吗？		Do you know which book sells well now?
			你知道这是谁的字吗？		Do you know whose handwriting this is?
			你要我关灯吗？		Do you want me to turn off the lights?
			你想跟我去野餐吗？		Do you want to go on a picnic with me?
			列车停下前别下车。		Don't get off the train till it stops.
			别把氨水和漂白剂混在一起。		Don't mix ammonia and bleach together.
			不要低估自己的实力。		Don't underestimate your own strength.
			在考试的时候，汤姆作弊抄了玛丽的答案。		During the exam, Tom cheated off Mary.
			世界各地都讀英語。		English is studied all over the world.
			每个人都有他的长处和短处。		Everyone has strengths and weaknesses.
			抱歉，火車站在哪裡？		Excuse me, where is the train station?
			你曾经得过重病吗？		Have you ever had any serious illness?
			你见过灌肠的做法吗？		Have you ever seen sausage being made?
			你的论文写完了吗？		Have you finished writing your thesis?
			他向她求婚求了七次。		He asked her seven times to marry him.
			他把她的秘密告诉了他的朋友。		He betrayed her secret to his friends.
			他似乎无法理解那首诗。		He can't seem to understand that poem.
			他未經允許進了我房間。		He entered my room without permission.
			他一个月剪三次头发。		He gets a haircut three times a month.
			他有权出入美国大使馆。		He has access to the American Embassy.
			他是个绝对不会偷工减料的人。		He is a person who never cuts corners.
			他在那次意外中失去了他的視力。		He lost his eyesight in that accident.
			他更愿意工作而不是无所事事。		He preferred working to doing nothing.
			他什么也没说，这让她很生气。		He said nothing, which made her angry.
			他仍然时不时来看我。		He still comes to see me now and then.
			他在班上出類拔萃。		He towers above the rest of the class.
			他试图把注意力集中在信上。		He tried to concentrate on the letter.
			他对他们的请求置若罔闻。		He turned a deaf ear to their request.
			他在心里反复思量这件事。		He turned over the matter in his mind.
			他因为没有被邀请而气得快疯了。		He was mad because he was not invited.
			为了看野生动物，他去了非洲。		He went to Africa to see wild animals.
			他反对种族歧视。		He's opposed to racial discrimination.
			他是村子里面唯一在世的人。		He's the only survivor in the village.
			这儿是他们通常吃晚饭的地方。		Here's where they usually have dinner.
			他弟弟是个有名的足球选手。		His brother is a famous soccer player.
			他的工作是驾驶观光巴士。		His job is driving a sight-seeing bus.
			他的发音远非完美。		His pronunciation is far from perfect.
			他的演讲简短且切中要害。		His speech was short and to the point.
			你怎么样？旅游愉快吗？		How are you? Did you have a good trip?
			“我爱你”用法语怎么讲？		"How do you say ""I love you"" in French?"
			你多久看一次郵箱？		How frequently do you check your mail?
			你等我多久了？		How long have you been waiting for me?
			汉字有多少个？		How many Chinese characters are there?
			你想让我买多少个苹果？		How many apples do you want me to buy?
			那艘船上有多少人？		How many people were aboard that ship?
			我早餐一定会喝牛奶。		I always drink milk with my breakfast.
			我买了几个鸡蛋和一点牛奶。		I bought a few eggs and a little milk.
			我再也忍受不了她了！		I can't bear to deal with her anymore.
			我无法忘记那天发生了什么。		I can't forget what happened that day.
			我不能忍受那種政治家。		I can't stand that kind of politician.
			我受不了那种政治家。		I can't stand that kind of politician.
			我没法再在这家公司里面工作了。		I can't work for this company anymore.
			在这件事上，我无法赞同你。		I cannot agree with you on the matter.
			房子里面的人我一个也不认得。		I didn't recognize anyone in the room.
			我不知道她什么时候会回来。		I do not know when she will come back.
			我没时间跟您碰头。		I don't have time to meet up with you.
			我不知道，我也不想知道。		I don't know and I don't want to know.
			我不知道如何表達我的謝意。		I don't know how to express my thanks.
			我不知道我是否可以去派对。		I don't know if I can go to the party.
			我不知道这个词的意思。		I don't know the meaning of this word.
			我不知道你指的是什么。		I don't know what you're referring to.
			我不喜欢学习不规则动词。		I don't like learning irregular verbs.
			我不喜欢你嘲笑她的方式。		I don't like the way you laugh at her.
			我不太明白他说什么。		I don't quite understand what he says.
			我今天不想买报纸。		I don't want to buy a newspaper today.
			我不想再听到其他借口了。		I don't want to hear any more excuses.
			我发现读这本书很难。		I found it difficult to read the book.
			我讨厌在情人节一人独处。		I hate being alone on Valentine's Day.
			我对祖母的记忆很模糊。		I have a dim memory of my grandmother.
			我不知道穿甚麼好。		I have no idea what I'm going to wear.
			我有大量的书在我的书架上。		I have numerous books on my bookshelf.
			我得换工服了。		I have to change into my work clothes.
			我明天得早起。		I have to get up quite early tomorrow.
			我有两个兄弟和三个姐妹。		I have two brothers and three sisters.
			高中毕业之后我就没那样做过了。		I haven't done that since high school.
			我以前在这里没见过你。		I haven't seen you around here before.
			我时不时得到母亲的消息。		I hear from my mother once in a while.
			我刚跟主管人谈过。		I just talked to the person in charge.
			我只想弄清楚发生了什么。		I just want to find out what happened.
			我認識他但是我不知道他的名字。		I know him, but I don't know his name.
			我知道我想要的都在這裡。		I know that everything I need is here.
			我知道有些人看重我的工作。		I know that some people value my work.
			我知道这看起来像是失去了某人。		I know what it's like to lose someone.
			我喜欢她因我的笑话而欢笑的样子。		I like the way she laughs at my jokes.
			我昨晚聽了一些唱片。		I listened to some records last night.
			我爱他，但他有了心上人。		I love him, but he loves someone else.
			我喜欢圣诞蛋糕上有草莓。		I love strawberries on Christmas cake.
			我需要用药来镇痛。		I need some medicine to kill the pain.
			我从没想过它会变成这样。		I never thought it would come to this.
			我真想知道发生了什么。		I really want to know what's going on.
			我该用短一点的用户名的。		I should've chosen a shorter username.
			我昨晚睡得很晚。		I stayed up till very late last night.
			我每天吃过晚饭后都会学法语。		I study French after dinner every day.
			我认为汤姆可能不想那样做。		I think Tom might not want to do that.
			我认为你该吃火腿三明治。		I think you should eat a ham sandwich.
			我每六小时量一次体温。		I took my temperature every six hours.
			我明白怎么解决问题。		I understand how to solve the problem.
			我想上学并努力学习。		I want to go to school and study hard.
			我想跟你说点事。		I want to talk to you about something.
			你来的时候我刚好要走。		I was about to leave when you came in.
			我被這景色深深迷住了。		I was deeply impressed by the scenery.
			在我洗澡的时候，电话响了。		I was in the bath when the phone rang.
			我是最后交的考试卷。		I was the last one to turn in my test.
			我害羞得不敢正面看她的脸。		I was too shy to look her in the face.
			我听到这个消息很惊讶。		I was very surprised to hear the news.
			电话响的时候，我在看电视。		I was watching TV when the phone rang.
			我不会在这家店买任何东西。		I wouldn't buy anything in this store.
			我想要一个直飞纽约的航班。		I'd like a nonstop flight to New York.
			我想知道汤姆怎么了。		I'd like to know what happened to Tom.
			能为你服务我会感到非常高兴。		I'll be very happy if I can serve you.
			我会跟着你走到桥那里。		I'll go with you as far as the bridge.
			我五点到你家来接你。		I'll pick you up at your home at five.
			你回来之前我会跟汤姆在一起。		I'll stay with Tom until you get back.
			我就要读完这本书了。		I'm almost finished reading this book.
			你流利的英语让我很吃惊。		I'm amazed at your fluency in English.
			我正在开发一个安卓应用。		I'm developing an Android application.
			下禮拜我要去拜訪她一下。		I'm going to drop in on her next week.
			我在给魔鬼当辩护士。		I'm just playing the devil's advocate.
			对不起，我忘了作业这回事了。		I'm sorry, I forgot to do my homework.
			抱歉，我把作业落在家里了。		I'm sorry, I left my homework at home.
			很抱歉，我还有另一个约会。		I'm sorry. I have another appointment.
			我肯定她很快就会回来的。		I'm sure that she will come back soon.
			我很确定你也会为我做同样的事。		I'm sure you would do the same for me.
			我今晚带玛丽出去吃饭。		I'm taking Mary out to dinner tonight.
			我厌倦了这种生活。		I'm tired of living this kind of life.
			你一旦不做个乖孩子，圣诞老人就不会来噢。		If you don't behave, Santa won't come.
			很難把中文說得好。		It is difficult to speak Chinese well.
			你相信他真是太愚蠢了。		It is stupid of you to believe in him.
			日本的夏天很热。		It is very hot in the summer in Japan.
			看来汤姆热恋着玛丽。		It looks like Tom has a crush on Mary.
			这次旅途下了三场雨。		It rained three times during the trip.
			这次出游下了三次雨。		It rained three times during the trip.
			因为你我们才迟了。		It's because of you that we were late.
			你求他帮忙没有用。		It's no use your begging him for help.
			要掌握法语一点都不容易。		It's not at all easy to master French.
			步行到車站要花十分鐘。		It's ten minutes' walk to the station.
			轮到你回答问题了。		It's your turn to answer the question.
			让我们享受这平静和安宁。		Let's just enjoy this peace and quiet.
			我们别再浪费时间争论了。		Let's not waste time arguing about it.
			今日的生活是迅息萬變和複雜的。		Life today is fast-moving and complex.
			看那边那幢高楼。		Look at the large building over there.
			人是唯一会说话的动物。		Man is the only animal that can speak.
			如今很多的货物都由飞机运送。		Many goods are now transported by air.
			婚姻是造成離婚的主因。		Marriage is the main cause of divorce.
			我的宝宝开始哭了，他想要吃奶。		My baby began crying, asking for milk.
			我父亲爱世上的每一个人。		My father loves everyone in the world.
			我姐姐吉他弹得很好。		My older sister plays the guitar well.
			我的预感被证明是正确的。		My premonition turned out to be right.
			这些天我的视力正在变差。		My vision is getting worse these days.
			我的妻子害怕开我的新车。		My wife is afraid to drive my new car.
			一百年称为一个世纪。		One hundred years is called a century.
			其中一个学生今天没来。		One of the students didn't come today.
			要不我们找时间喝一顿。		Perhaps we could get a drink sometime.
			请在三天内回来。		Please come again in three days' time.
			请找到问题的解决方法。		Please find a solution to the problem.
			請給我你的永久地址。		Please give me your permanent address.
			请替我向你父亲问好。		Please give my regards to your father.
			请把每一页复印三份。		Please make three copies of each page.
			罗密欧和朱丽叶正在剧场上演。		Romeo and Juliet is on at the theater.
			昨晚她很晚打电话给我。		She called me up very late last night.
			她给她妈妈打电话。		She called up her mother on the phone.
			她抱怨我的薪水很低。		She complained that my salary was low.
			她一直哭哭啼啼。		She did nothing but cry all the while.
			她把她的座位让给了一个老人。		She gave her seat to a senior citizen.
			她是我家最早起床的人。		She gets up the earliest in my family.
			她的帽子被风吹掉了。		She had her hat blown off by the wind.
			她老是弄丢她的手帕。		She is always losing her handkerchief.
			她讲话非常俗气。		She is extremely vulgar in her speech.
			她倒很可爱，但我不喜欢她。		She may be cute, but I don't like her.
			她利用空闲时间做布娃娃。		She spends her free time making dolls.
			她比丈夫多活十年。		She survived her husband by ten years.
			她照顾可怜的小鸟。		She took care of the poor little bird.
			她把书带回了图书馆。		She took the book back to the library.
			她是由她的祖母带大的。		She was brought up by her grandmother.
			她现在忙，不能跟你说话。		She's busy now and can't speak to you.
			其中一些似乎太难了。		Some of them seem to be too difficult.
			有人穿错了我的鞋。		Someone has taken my shoes by mistake.
			有人拿错了我的鞋。		Someone has taken my shoes by mistake.
			有人偷走了我的鉛筆。		Someone has walked off with my pencil.
			楼下有人在等您。		Someone is waiting for you downstairs.
			有时候成人表现得像儿童。		Sometimes adults behave like children.
			不好意思，我聽不清你說的話。		Sorry, but I can't hear you very well.
			网球在学生中非常流行。		Tennis is very popular among students.
			那是我妹妹的照片。		That's my younger sister's photograph.
			事故差点让他丢了性命。		The accident almost cost him his life.
			飞机十分钟前起飞了。		The airplane took off ten minutes ago.
			汤姆送我的苹果好好吃。		The apples Tom sent me were delicious.
			船逆流航行。		The boat is going against the current.
			保镖戴着耳机。		The bodyguard was wearing an earpiece.
			男孩穿着袜子就上床睡觉了。		The boy went to bed with his socks on.
			建筑物在地震中摇晃。		The buildings shook in the earthquake.
			明天举行典礼。		The ceremony will take place tomorrow.
			這孩子非常想念他的母親。		The child missed his mother very much.
			孩子们在尘土里游戏。		The children were playing in the dirt.
			窗帘是房间变漂亮了。		The curtains make this room beautiful.
			医生决定立刻动手术。		The doctor decided to operate at once.
			电梯好像故障了。		The elevator seems to be out of order.
			旅行最快的方式是乘飞机。		The fastest way to travel is by plane.
			天气预报说明天会下雪。		The forecast says it'll snow tomorrow.
			马倒下时脖子断了。		The horse broke its neck when it fell.
			音乐的重要性被低估了。		The importance of music is underrated.
			这件事他铭记于心。		The incident was etched in his memory.
			这个岛是孩子们的天堂。		The island is a paradise for children.
			蝴蝶的寿命短。		The life span of a butterfly is short.
			你昨天看到的那个男人是我叔叔。		The man you saw yesterday is my uncle.
			市长否认收受了贿赂。		The mayor denied having taken a bribe.
			男厕所在二楼。		The men's room is on the second floor.
			汽车的数量在增长。		The number of cars is on the increase.
			蜿蜒的小路爬上了陡坡。		The path zigzagged up the steep slope.
			难民与饥饿作斗争。		The refugees struggled against hunger.
			现在学生在放假。		The students are currently on holiday.
			学生们无法给出一个答案。		The students could not give an answer.
			城市由一支大军守卫。		The town was defended by a large army.
			台风袭击了关东地区。		The typhoon struck the Kanto district.
			整个国家被大雪覆盖了。		The whole country was covered in snow.
			篮子里有很多鸡蛋。		There are a lot of eggs in the basket.
			有一只风筝在树上。		There is a kite flying above the tree.
			这条路上的车辆不多。		There isn't much traffic on this road.
			她声调突然变了。		There was a sudden change in her tone.
			音乐会上有很多人。		There were many people at the concert.
			还有几间空房。		There were several rooms still vacant.
			世上没有免费的午餐。		There's no such thing as a free lunch.
			天下没有免费的午餐。		There's no such thing as a free lunch.
			天下没有白吃的午餐。		There's no such thing as a free lunch.
			没有人知道他接下来会干什么。		There's no telling what he'll do next.
			没有我不会给汤姆做的事。		There's nothing I wouldn't do for Tom.
			有一个人想见你。		There's someone who wants to meet you.
			他们把他奉为领袖。		They looked up to him as their leader.
			他们说她是在德国出生的。		They say that she was born in Germany.
			他们像老朋友一样交谈。		They talked together like old friends.
			这辆公交车能载你去机场。		This bus will take you to the airport.
			这是本有趣的书，不是吗？		This is an interesting book, isn't it?
			這件事真難處理。		This is really difficult to deal with.
			这部电影是我迄今为止看过的最好的一部。		This is the best movie I've ever seen.
			這位就是誰想見你的夫人。		This is the lady who wants to see you.
			这是我读过的书里面写的最差的一本了。		This is the worst book I've ever read.
			这种药会减轻你的疼痛。		This medicine will decrease your pain.
			这部小说很难读懂。		This novel is difficult to understand.
			这地方给我一个很差的印象。		This place gives me a really bad vibe.
			这条规则不是任何情况下都奏效的。		This rule does not apply in all cases.
			令我惊讶的是，我的钱没了。		To my astonishment, my money was gone.
			汤姆和玛丽达成了协议。		Tom and Mary came to an understanding.
			汤姆和玛丽拥有一个小型的有机农场。		Tom and Mary own a small organic farm.
			汤姆叫玛丽买一份礼物给约翰。		Tom asked Mary to buy a gift for John.
			汤姆烤了些巧克力脆饼。		Tom baked some chocolate chip cookies.
			汤姆不能把他的真实感受告诉玛丽。		Tom can't tell Mary his real feelings.
			汤姆甚至不和玛丽说话了。		Tom doesn't even talk to Mary anymore.
			汤姆不知道怎么系自己的鞋带。		Tom doesn't know how to tie his shoes.
			汤姆的钱包里几乎什么都没有。		Tom has next to nothing in his wallet.
			汤姆有很多帮他的朋友。		Tom has plenty of friends to help him.
			汤姆可能还在学法语。		Tom is probably still studying French.
			汤姆不是我们队里最棒的球员。		Tom isn't the best player on our team.
			汤姆对局势一无所知。		Tom knows nothing about the situation.
			汤姆让他的仆人们在黑暗下进餐。		Tom made his servants eat in the dark.
			我们叫汤姆做什么，他从来不做。		Tom never did what we asked him to do.
			汤姆把欠我的钱还给我了。		Tom paid me back the money he owed me.
			汤姆应该跟你讨论过那事了。		Tom should've discussed that with you.
			汤姆跟玛丽说了这问题。		Tom spoke about the problem with Mary.
			汤姆阻止我进银行。		Tom stopped me from entering the bank.
			汤姆希望他能懂法语。		Tom wished he could understand French.
			在第一个信号灯处右转。		Turn right at the first traffic light.
			蔬菜越来越贵了。		Vegetables are getting more expensive.
			我们有充裕的时间赶上火车。		We have ample time to catch our train.
			在人群中，我们失去了那个男人的踪影。		We lost sight of the man in the crowd.
			我们必须保持家庭传统。		We must keep up the family traditions.
			我们昨天发出了邀请。		We sent out the invitations yesterday.
			我们采取了强有力的预防措施。		We took strong measures to prevent it.
			我们使用了强大的措施来预防。		We took strong measures to prevent it.
			我们在公园等了好久。		We waited in the park for a long time.
			这鸟你们用英语怎么称呼？		What do you call this bird in English?
			我们今晚出去吃饭，你说怎么样？		What do you say to dining out tonight?
			你认为汤姆的腰围是多少？		What do you think Tom's waist size is?
			你想如何过完一生？		What do you want to do with your life?
			他最后一本小说的主题是什么？		What is the theme of his latest novel?
			在这种情况下，他们该做什么？		What should they do in this situation?
			你几点会到车站？		What time will you get to the station?
			你和汤姆昨天做了什么？		What were you and Tom doing yesterday?
			你想吃什麼作晚餐？		What would you like to eat for dinner?
			你说的没有意义。		What you're saying doesn't make sense.
			做汤姆的女朋友怎么样？		What's it like being Tom's girlfriend?
			你的电脑有什么问题？		What's the problem with your computer?
			请问在欧洲最高的山是哪儿呢？		What's the tallest mountain in Europe?
			你最喜欢哪类的衣服？		What's your favorite item of clothing?
			你最喜欢的操作系统是哪个？		What's your favorite operating system?
			去哪里可以买到欧洲的地图？		Where can I go to get a map of Europe?
			机场大巴从哪里出发？		Where do the airport buses leave from?
			春天和秋天，你更喜欢哪个？		Which do you prefer, spring or autumn?
			那个拿着花的女人是谁？		Who is that woman holding the flowers?
			为什么这世界上还有战争？		Why are there still wars in the world?
			我凭什么花时间做这事？		Why should I take the time to do that?
			红茶里要加糖吗？		Would you like some sugar in your tea?
			你想和我一起去逛街吗？		Would you like to go shopping with me?
			你无权进入那里。		You are not authorized to enter there.
			你在任何一家邮局都能买到邮票。		You can buy stamps at any post office.
			哪条路都可以去公园哦。		You can reach the park by either road.
			你能看到天空中的繁星。		You can see a lot of stars in the sky.
			你可以在這裡等到雪停。		You can stay here till the snow stops.
			你可以使用旅馆的游泳池。		You can use the hotel's swimming pool.
			你不能怪汤姆生气了。		You can't blame Tom for getting angry.
			你不需要考试。		You don't have to take an examination.
			你看起来很像你的哥哥。		You look just like your older brother.
			你或许想和汤姆讨论一下。		You might want to discuss it with Tom.
			你应该一直让手保持干净。		You must always keep your hands clean.
			您应该一直让手保持干净。		You must always keep your hands clean.
			你仅仅是一个小时前才开始这份工作的。		You only started this job an hour ago.
			你让我想起我过去认识的一个男孩。		You remind me of a boy I used to know.
			你们很久前就应该完成了。		You should have completed it long ago.
			昨天你没有去学校。		You were absent from school yesterday.
			我告诉你，你也不会信。		You wouldn't believe me if I told you.
			你很快就会习惯吃日本料理了。		You'll soon get used to Japanese food.
			你才是自己命运的主人。		You're the master of your own destiny.
			“我想打牌。”“我也是。”		"""I feel like playing cards."" ""So do I."""
			没有笑声的一天肯定是最为虚度的一天。		A day without laughter is a day wasted.
			一知半解很危險。		A little learning is a dangerous thing.
			一个男的突然出现在门口。		A man suddenly appeared in the doorway.
			一条受伤的鲸鱼在海滩边搁浅了。		A wounded whale washed up on the beach.
			除了相信对方以外，你们没什么要做的了。		All you need to do is trust each other.
			以眼還眼，以牙還牙。		An eye for an eye, a tooth for a tooth.
			你依然和父母住一起吗？		Are you still living with your parents?
			你确定你要去那儿吗？		Are you sure that you want to go there?
			据我所知，他没做错任何事。		As far as I know, he did nothing wrong.
			据我所知，她仍然失踪。		As far as I know, she is still missing.
			你想到几岁才结婚呢？		At what age do you want to get married?
			咬指甲是个坏习惯。		Biting your fingernails is a bad habit.
			一般来说，男生会比女生高一些。		Boys, as a rule, are taller than girls.
			我能用一下你的字典吗？		Can I use your dictionary for a minute?
			请问你能给我点事做吗？		Can you please give me something to do?
			你能容忍他做事的方式么？		Can you put up with the way he behaves?
			猫的眼睛对光很敏感。		Cats' eyes are very sensitive to light.
			八點半開始上課。		Class doesn't begin until eight-thirty.
			尽管他很富有，他还是不满足。		Despite his riches, he's not contented.
			底特律因它的汽车工业而出名。		Detroit is famous for its car industry.
			你听见有人按门铃了吗？		Did you hear someone ring the doorbell?
			你在附近看见过一只咖啡色的钱包吗？		Did you see a brown wallet around here?
			日本人每天都会吃寿司吗？		Do Japanese people eat sushi every day?
			你知道为什么他今天逃课了吗？		Do you know why he skipped class today?
			你认为他是自己独立完成这份工的吗？		Do you think he did the job on his own?
			汤姆仍然想去澳大利亚吗？		Does Tom still want to go to Australia?
			当你出门时，别忘了锁门。		Don't forget to lock up when you leave.
			别忘了带上急救箱。		Don't forget to take the first-aid kit.
			别用你的脏手碰这个。		Don't touch this with your dirty hands.
			吃得太多对健康不好。		Eating too much is bad for your health.
			英语变成了我最喜欢的学科。		English has become my favorite subject.
			每个人都听腻了那个故事。		Everyone's tired of hearing that story.
			明天肯定会下雨。		Evidently, it's going to rain tomorrow.
			不好意思，请问您知道现在几点了吗？		Excuse me, do you know what time it is?
			得寸进尺。		Give him an inch and he'll take a yard.
			你最近检查我们的补给了吗？		Have you checked our supplies recently?
			他把他的成功归功于好运。		He attributed his success to good luck.
			他将他的成功归功于好运。		He attributes his success to good luck.
			他比较了复印稿和原件。		He compared the copy with the original.
			他再也忍不住气了。		He couldn't hold his temper any longer.
			他不知道他自己五音不全。		He doesn't realise that he's tone deaf.
			他忘记给她买过一个礼物了。		He forgot that he bought her a present.
			他在課堂上心不在焉。		He had his head in the clouds in class.
			他本希望可以成功，但是他没有。		He had hoped to succeed, but he didn't.
			他是一家海滨餐厅的服务员。		He is a waiter in a seaside restaurant.
			他的英語有很大的進步。		He is making great progress in English.
			他知道如何去吸引他的聽眾。		He knows how to captivate his audience.
			他既不喜欢棒球，又不喜欢足球。		He likes neither baseball nor football.
			他的英語有了顯著的進步。		He made remarkable progress in English.
			他偶尔会阅读一些侦探小说。		He occasionally reads detective novels.
			他常和她一起去看电影。		He often goes with her to watch movies.
			他后悔自己的挥金如土。		He regrets his having wasted his money.
			他时不时地因为工作去东京。		He sometimes goes to Tokyo on business.
			他想要减少进口品的税。		He wanted to reduce the tax on imports.
			他被車撞了之後便過世了。		He was hit by a car and died instantly.
			他被他的邻居们愚弄了。		He was made a fool of by his neighbors.
			他年轻的时候穷困潦倒。		He was terribly poor when he was young.
			他会是我妹妹的好丈夫的。		He will be a good husband to my sister.
			他为了孩子的幸福，拼命的工作。		He worked hard to make his child happy.
			他是哈佛大学的生物学教授。		He's a professor of biology at Harvard.
			她父亲把一生都贡献给科学事业了。		Her father devoted his life to science.
			她家在一座山的山脚下。		Her house is at the foot of a mountain.
			他的死对我们公司是一个巨大的损失。		His death was a great loss to our firm.
			他的医生建议他戒烟。		His doctor advised him to quit smoking.
			他最大的缺点就是话太多。		His greatest fault is talking too much.
			他的记忆力总让我吃惊。		His memory never ceases to astonish me.
			他的意見不值得聽。		His opinions aren't worth listening to.
			他的突然出现，让我们都感到惊讶。		His sudden appearance surprised us all.
			你的寒假怎么过的？		How did you spend your winter vacation?
			你要在波士頓待多久？		How long are you going to be in Boston?
			请问您有多少件行李？		How many pieces of baggage do you have?
			你在波士顿花了多少钱？		How much money did you spend in Boston?
			我在报纸上刊登了我的房子的广告。		I advertised my house in the newspaper.
			我昨晚差点踩到一只臭鼬。		I almost stepped on a skunk last night.
			晚饭后，我总要休息一个小时。		I always rest for an hour after dinner.
			我是芬兰人，但我也说瑞典语。		I am Finnish, but I speak also Swedish.
			我完全相信你是清白的。		I am fully convinced of your innocence.
			谢谢您的好意。		I am grateful to you for your kindness.
			我每个星期日礼拜完都买甜甜圈。		I buy donuts every Sunday after church.
			我不能相信汤姆要结婚了。		I can't believe Tom is getting married.
			我没法改变昨天发生的事情。		I can't change what happened yesterday.
			我不能再管这问题了。		I can't deal with this problem anymore.
			我不能抓到他演讲的重点。		I couldn't get the point of his speech.
			我之前不怎么想去滑雪。		I didn't really feel like going skiing.
			我不喜欢他怎么对待他人。		I do not like the way he treats others.
			我没有车，但我姐妹有。		I don't have a car, but my sister does.
			我觉得这没什么好。		I don't have a good feeling about this.
			我不知道这个用日语该怎么说。		I don't know how to put it in Japanese.
			我不知到我爸的年收入是多少。		I don't know my father's annual income.
			我不知道接下来我要做什么。		I don't know what I'm going to do next.
			我对那位女士印象不深。		I don't remember much about that woman.
			我完全不负任何责任。		I don't take any responsibility at all.
			我不了解你在說什麼。		I don't understand what you are saying.
			我不想再惹事了。		I don't want to cause any more trouble.
			我在海滩上发现了一个漂亮的贝壳。		I found a beautiful shell on the shore.
			我想我会一辈子单身。		I guess I'm never going to get married.
			我跟那个事件没有什么关系。		I had nothing to do with that incident.
			我有些钱。		I have a certain amount of money on me.
			目前我问题很多。		I have a lot of problems at the moment.
			我今天要早点回家。		I have to go home a little early today.
			我有两个出去上大学的孩子。		I have two children away at university.
			我知道汤姆不能阻止我做那件事。		I know Tom can stop me from doing that.
			我虽然喜欢吃葡萄，但是我吃不了那么多。		I like grapes, but I can't eat so many.
			我听了，但什么也没听到。		I listened, but I didn't hear anything.
			也许我会马上放弃然后去打盹。		I may give up soon and just take a nap.
			我第一次遇见她是在伦敦。		I met her in London for the first time.
			我昨天第一次見到他。		I met him yesterday for the first time.
			我年轻时经常打网球。		I often played tennis when I was young.
			我对汤姆发誓我不会说任何话了。		I promised Tom I wouldn't say anything.
			我答应他我今天会来。		I promised him that I would come today.
			我在欧洲偶遇了姑母。		I ran into my aunt by chance in Europe.
			我真的不懂这个问题。		I really don't understand this problem.
			我对自己说，“那是个好主意。”		"I said to myself, ""That's a good idea."""
			我本该和汤姆一起去澳大利亚。		I should've gone to Australia with Tom.
			我觉得我是误删了这个文件。		I think I mistakenly deleted that file.
			我认为我能做好。		I think I'll be able to deal with that.
			我想有人在敲门。		I think someone's knocking on the door.
			我想这药会对您有好处的。		I think this medicine will do you good.
			我觉得看电视是浪费时间。		I think watching TV is a waste of time.
			我的意见是，你该再次参加测试。		I think you should take the test again.
			我乘电梯上三楼。		I took the elevator to the third floor.
			我每天至少用一次煎鍋。		I use a frying pan at least once a day.
			我通常在晚上洗澡。		I usually take a shower in the evening.
			我想问他的电话号码是多少。		I want to ask him for his phone number.
			我想成为日语老师。		I want to become a teacher of Japanese.
			我想跟你度過一整天。		I want to spend the whole day with you.
			我昨天去河里游泳了。		I went swimming in the river yesterday.
			那我明天会问他的。		I will ask him about it tomorrow, then.
			明天下午之前我会把它完成。		I will finish it by tomorrow afternoon.
			今天早晨被头给疼醒了。		I woke up with a headache this morning.
			我想把英語說得很流利。		I would like to speak English fluently.
			我想講一口流利的英語。		I would like to speak English fluently.
			如果你不介意的话，我想一个人呆着。		I'd like to be alone if you don't mind.
			我想和你一起去海邊。		I'd like to go to the seaside with you.
			我想再要一杯咖啡。		I'd like to have another cup of coffee.
			我想明天下午見他。		I'd like to see him tomorrow afternoon.
			我想某一天拜访你的国家。		I'd like to visit your country someday.
			我会在七八点回家。		I'll be back by seven or eight o'clock.
			我明天十点起会在办公室里。		I'll be in my office from ten tomorrow.
			我办完事会立刻联络你。		I'll call you as soon as I've finished.
			不管发生什么，我还是会遵守诺言。		I'll keep my word, whatever may happen.
			我恐怕您必须亲自去。		I'm afraid you'll have to go in person.
			我正在算有多少人在那裡。		I'm counting how many people there are.
			我现在在这所学校任教。		I'm currently a teacher at this school.
			我要摆脱这一切。		I'm going to get rid of all this stuff.
			我在找关于古罗马历史的书。		I'm looking for books on Roman history.
			我不会让汤姆独自去做。		I'm not letting Tom do this by himself.
			我现在不特别渴。		I'm not particularly thirsty right now.
			我在考虑明年去国外。		I'm thinking of going abroad next year.
			我很担心我儿子的安全。		I'm very anxious about my son's safety.
			我听到聚会的事很高兴。		I'm very happy to hear about the party.
			我被小孩围着非常不舒服。		I'm very uncomfortable around children.
			我也去過波士頓很多次。		I, too, have been to Boston many times.
			如果你有任何问题请告诉我		If you have any questions, let me know.
			如果你想的话，今天下午给我打电话。		If you want to, call me this afternoon.
			利率和通货膨胀很高。		Interest rates and inflation were high.
			说法语真有那么难吗？		Is it really that hard to speak French?
			你還能告訴我甚麼？		Is there anything else you can tell me?
			你還有什麼想說的？		Is there anything else you want to say?
			你是不是有什么事情没告诉我。		Is there something you haven't told me?
			和他争论这件事得不出结果。		It is no use arguing with him about it.
			你很幸運找到了它。		It was lucky for you that you found it.
			这是我度过的最好的夜晚之一。		It was one of the best nights I've had.
			昨天太冷了，我只好待在家里。		It was so cold yesterday I stayed home.
			我相信，知识就是力量。		It's my belief that knowledge is power.
			你有可能不知道这事。		It's possible that you don't know this.
			很少能见到像你那么好的人。		It's rare to meet nice people like you.
			充足的休息十分重要。		It's very important to get enough rest.
			日本靠阿拉伯国家提供石油。		Japan relies on Arab countries for oil.
			日本上班族工作得非常辛苦。		Japanese office workers work very hard.
			琵琶湖是日本最大的湖。		Lake Biwa is the largest lake in Japan.
			忘了今天的事儿吧。		Let's forget about what happened today.
			咱们现在走吧。要不咱们要迟到了。		Let's go now. Otherwise, we'll be late.
			我们今晚一起出去找乐子吧。		Let's go out and have some fun tonight.
			就像上好的红酒一样，他随着年龄的增长变得越来越好。		Like a good wine, he improves with age.
			玛丽去环游世界了。		Mary went on a voyage around the world.
			明天的课我能不来吗？		May I be excused from tomorrow's class?
			明尼苏达州的官方鸟就是蚊子。		Minnesota's state bird is the mosquito.
			我的兄弟和我在一个班级。		My brother and I are in the same class.
			我父亲不让我养狗。		My father won't allow me to keep a dog.
			我妈妈英语说得不太好。		My mom doesn't speak English very well.
			我妈妈早上早起。		My mother gets up early in the morning.
			不，謝謝你。我只是四處看看。		No, thank you. I'm just looking around.
			现在是天气预报的时间。		Now it's time for the weather forecast.
			甲之蜜糖，乙之砒霜。		One man's meat is another man's poison.
			洋蔥比馬鈴薯快熟。		Onions cook more quickly than potatoes.
			洋蔥比土豆煮得更快些。		Onions cook more quickly than potatoes.
			好痛！被门夹到手指了！		Ouch! My finger got caught in the door.
			我们的老师给作业给得很多。		Our teacher gives us a lot of homework.
			请坐一会。		Please remain seated for a few minutes.
			兔子有长耳朵和短尾巴。		Rabbits have long ears and short tails.
			兔子长着长长的耳朵和短短的尾巴。		Rabbits have long ears and short tails.
			她在晚飯前把自己梳洗打扮了一下。		She freshened herself up before supper.
			为了她的重要约会，她精心打扮了一下。		She got all dolled up for her big date.
			她跟醫生預約看診了。		She had an appointment with the doctor.
			她今天比昨天要好很多。		She is far better today than yesterday.
			她把鼻子贴在玻璃上。		She pressed her nose against the glass.
			她对自己说：“我很幸福”。		"She said to herself, ""I am very happy."""
			她用茶匙搅她的咖啡。		She stirred her coffee with a teaspoon.
			她想知道是谁送的花。		She wants to know who sent the flowers.
			她被要求用墨水写下她的名字。		She was asked to write her name in ink.
			她无所事事地看向窗外		She was idly looking out of the window.
			没人盯着她的时候，她甚至会哭。		She'll cry even when no one is looking.
			她下决心要成为秘书。		She's determined to become a secretary.
			一些人用手吃寿司。		Some people eat sushi with their hands.
			有人应该告诉汤姆怎么表现。		Somebody should tell Tom how to behave.
			有时候，我不得不读一些无聊的小说。		Sometimes I have to read boring novels.
			講外語是不容易的。		Speaking foreign languages is not easy.
			突然就下起了大雨。		Suddenly, it started to rain very hard.
			谢谢你答应来见我。		Thank you for agreeing to meet with us.
			谢谢你一直以来对我的照顾。		Thank you for always taking care of me.
			感谢你请我来参加派对。		Thank you for inviting me to the party.
			这种人注定惨败。		That kind of person will fail for sure.
			那个高个少年救了溺水儿童。		That tall boy saved the drowning child.
			这辆车停在银行前。		The car pulled up in front of the bank.
			这辆车在银行前面停下来了。		The car pulled up in front of the bank.
			白天变得越来越长。		The days are getting longer and longer.
			考试时间为两个半小时。		The exam was two and a half hours long.
			女厕所在三楼。		The ladies' room is on the third floor.
			树叶变红了。		The leaves on the tree have turned red.
			主要的问题是汤姆的感受如何。		The main question is how does Tom feel.
			这男人和他妻子互相帮助。		The man and his wife helped each other.
			坐在我旁边的男人跟我说话了。		The man sitting next to me spoke to me.
			失踪的猫还没被找到。		The missing cat has not been found yet.
			月球是地球唯一的卫星。		The moon is the earth's only satellite.
			我现在仅有的东西就是我的记忆了。		The only thing I have now are memories.
			这幅画远看更好。		The picture looks better at a distance.
			警方正在调查。		The police are looking into the matter.
			警察瞄准了那个男人。		The policeman aimed his gun at the man.
			警察抓著小偷的胳膊。		The policeman grabbed the robber's arm.
			警察小心翼翼地抬起箱子。		The policeman lifted the box carefully.
			总统很难接近。		The president is difficult to approach.
			記者批評了政治家。		The reporter criticized the politician.
			这家酒店服务很好。		The service is excellent in this hotel.
			这艘船穿过巴拿马运河		The ship went through the Panama Canal.
			士兵们失去了战斗的勇气。		The soldiers lost the courage to fight.
			我打的这辆出租车很老，也很小。		The taxi I took was very old and small.
			几分钟后，电话响了。		The telephone rang a few minutes later.
			番茄是蔬菜而不是水果。		The tomato is a vegetable, not a fruit.
			列车在晚上很挤。		The train is very crowded this evening.
			这两个国家有强大的贸易关系。		The two nations have strong trade ties.
			哄堂大笑。		The whole audience erupted in laughter.
			全班同学每周出席一次。		The whole class is present once a week.
			他们的货品有着最高的品质。		Their goods are of the highest quality.
			我家旁边有几家商店。		There are a few shops next to my house.
			这条河里有很多鱼。		There are plenty of fish in this river.
			我家附近有个漂亮的公园。		There is a beautiful park near my home.
			许多年前这里有一座城堡。		There was a castle here many years ago.
			醫生甚麼也做不了。		There was nothing the doctors could do.
			车站前有个银行。		There's a bank in front of the station.
			报纸上没什么重要的东西。		There's nothing important in the paper.
			这些产品质量同等。		These products are of the same quality.
			他们之间隔着很远的距离。		They are separated by a great distance.
			因为风暴，他们晚到了。		They arrived late because of the storm.
			这篇英语作文离完美还差得远。		This English essay is far from perfect.
			这咖啡热得我没办法喝。		This coffee is too hot for me to drink.
			该仪器需要校准。		This instrument needs to be calibrated.
			这是我第一次看牙医。		This is my first time seeing a dentist.
			这是我每天都用的字典。		This is the dictionary I use every day.
			这是我看过的最差劲的电影了。		This is the worst movie I've ever seen.
			这个地方有一种神秘的气氛。		This place has a mysterious atmosphere.
			这个句子在语法上是正确的。		This sentence is grammatically correct.
			这张沙发起码可以坐三个人。		This sofa can seat three people easily.
			这种方法早已过时了。		Those kinds of methods are out of date.
			让我出乎意料的是，他居然很会唱歌。		To my surprise, he was good at singing.
			今日的朋友是明日的敌人。		Today's friends are tomorrow's enemies.
			汤姆求我让他早点回家。		Tom begged me to let him go home early.
			汤姆每次来看我们的时候都给我们带礼物。		Tom brings us gifts whenever he visits.
			汤姆这人确实很有意思。		Tom certainly is an interesting person.
			汤姆不记得他干过的事。		Tom couldn't remember what he had done.
			汤姆看起来的确比玛丽年轻。		Tom definitely looks younger than Mary.
			汤姆不知道怎么控制住自己。		Tom didn't know how to control himself.
			汤姆不知道今天是期限。		Tom didn't know the deadline was today.
			汤姆不像我这样开车小心。		Tom doesn't drive as carefully as I do.
			汤姆不知道他现在应该做什么。		Tom doesn't know what he should do now.
			汤姆鼓励他儿子学法语。		Tom encouraged his son to study French.
			汤姆必须提醒玛丽喂狗。		Tom had to remind Mary to feed the dog.
			汤姆很长时间没洗澡了。		Tom hasn't taken a bath in a long time.
			汤姆害怕晚上一个人出门儿。		Tom is afraid to go out alone at night.
			汤姆挺固执的不是吗？		Tom is being quite obstinate, isn't he?
			汤姆今晚会去演唱会。		Tom is going to a concert this evening.
			汤姆不再是俱乐部的成员了。		Tom is no longer a member of this club.
			汤姆是世界上最酷的人。		Tom is the coolest person in the world.
			汤姆是唯一不得不那样做的人		Tom is the only one who had to do that.
			汤姆时薪大约三十美元。		Tom makes about thirty dollars an hour.
			汤姆可能会在这里待几天。		Tom might be here for a couple of days.
			汤姆年轻时从不那么干。		Tom never did that when he was younger.
			汤姆从未想过玛丽会离开他。		Tom never thought Mary would leave him.
			汤姆说他打算让门开着。		Tom said that he'd leave the door open.
			汤姆说他是习惯的产物。		Tom says that he's a creature of habit.
			汤姆以为玛丽会喜欢那么做。		Tom thought Mary would like doing that.
			汤姆告诉我他父亲去世了。		Tom told me his father had passed away.
			汤姆是最后一个上面包车的。		Tom was the last one to get in the van.
			汤姆今天脾气不太可能会那么坏了。		Tom won't likely be grumpy again today.
			很不幸，没有人在身边。		Unfortunately, there was no one around.
			我通常骑自行车或乘公交车去上班。		Usually I cycle or get the bus to work.
			我们不想给你添麻烦。		We don't want to cause you any trouble.
			六七月份雨很多。		We have a lot of rain in June and July.
			我们保证我们不会再做了。		We promise you we'll never do it again.
			我们只会在那样的条件下同意。		We will only consent on that condition.
			我们做这事没有额外报酬。		We won't get paid extra for doing this.
			我们希望你来我们的聚会。		We would like you to come to our party.
			发生这种情况的几率多大？		What are the chances of that happening?
			你们的优点和缺点是什么？		What are your strengths and weaknesses?
			你到底在我房间里干什么？		What on earth are you doing in my room?
			怎么了？你看上去不太开心。		What's wrong? You don't look too happy.
			去度假的时候我要租辆车。		When I go on vacation, I'll rent a car.
			当我听到这个消息时，我想哭。		When I heard the news, I wanted to cry.
			他心情好就去散步。		When he feels fine, he goes for a walk.
			你在哪儿修的照相机？		Where did you get your camera repaired?
			你更喜欢哪个，这个还是那个？		Which do you like better, this or that?
			你上週末跟誰閒逛了？		Who did you hang out with last weekend?
			谁告诉你我和汤姆在交往的？		Who told you that Tom and I are dating?
			你为什么想学习那门语言？		Why do you want to learn that language?
			能否请您给我看一下您的护照？		Will you show me your passport, please?
			介意我关上窗吗？		Would you mind if I closed the windows?
			你能再给我点茶吗？		Would you please give me some more tea?
			你不必要呆在医院。		You don't have to stay in the hospital.
			你犯了跟上次相同的錯誤。		You made the same mistake as last time.
			你必须在天黑前回来。		You must come back before it gets dark.
			你需要往花瓶里加更多的水。		You need to put more water in the vase.
			您该为您的粗鲁道歉。		You should apologize for your rudeness.
			你应该每天睡八个小时觉。		You should sleep for eight hours a day.
			你考虑周到，没有打扰我们。		You were considerate not to disturb us.
			无论我做什么，你都不高兴。		You won't be happy no matter what I do.
			你最好在這裡待久一點。		You'd better stay here a little longer.
			你不应该待在这里。		You're not supposed to be in this area.
			你没打算耍我，对吧？		You're not trying to trick me, are you?
			你可能比你想的更聪明。		You're probably smarter than you think.
			你是我最可靠的朋友。		You're the most reliable friend I have.
			只有你懂我。		You're the only one who understands me.
			您对什么都太怀疑了。		You're too suspicious about everything.
			你对什么都太怀疑了。		You're too suspicious about everything.
			您可以做任何您想做的事。		You're welcome to do anything you like.
			你的手表比我的贵。		Your watch is more expensive than mine.
			昨天强盗闯进了店里。		A burglar broke into the shop yesterday.
			要住在郊区的话，汽车是必需的。		A car is a must for life in the suburbs.
			只有一點點的知識是危險的事。		A little knowledge is a dangerous thing.
			许多人夏天在这里游泳。		A lot of people swim here in the summer.
			一点火花让火药爆炸。		A spark caused the gunpowder to explode.
			木质房屋很容易着火。		A wooden building can easily catch fire.
			生活中绝对没有什么是持久的。		Absolutely nothing is permanent in life.
			我们所有的学生都在学法语。		All of our students are studying French.
			你所要做的就是留下意見。		All you have to do is to make a comment.
			你们对外语感兴趣吗？		Are you interested in foreign languages?
			他说的时候，我脑中浮现出了画面。		As he spoke, pictures came into my mind.
			澳洲比南美洲小。		Australia is smaller than South America.
			你能稍微告诉我关于自己的事情吗？		Can you tell me a little about yourself?
			把你的答案和老师的比较一下。		Compare your answers with the teacher's.
			请问你能不在房间里吸烟吗？		Could you please not smoke in this room?
			你可以告诉我我下一步该做什么吗？		Could you tell me what I should do next?
			你能告诉我能在哪里上公交车吗？		Could you tell me where I can get a bus?
			你知道商场什么时候关门吗？		Do you know when the supermarket closes?
			你打算自己一人把它全部吃了吗？		Do you plan to eat all of that yourself?
			它花多少钱对你很重要吗？		Does it matter to you how much it costs?
			汤姆不是每个月都去澳大利亚吗？		Doesn't Tom go to Australia every month?
			不要忘记汤姆对花生过敏。		Don't forget Tom is allergic to peanuts.
			不要笑他犯了错误。		Don't laugh at him for making a mistake.
			不要因为他犯了一个错误就嘲笑他。		Don't laugh at him for making a mistake.
			英语有很多法语外来词。		English has many loan words from French.
			欧洲是一个比我以为的还要危险的地方。		Europe is more dangerous than I thought.
			盡可能明確地表達你自己。		Express yourself as clearly as possible.
			外国人真有意思，不是吗？		Foreigners are interesting, aren't they?
			万幸，没乘客受伤。		Fortunately, no passengers were injured.
			立刻聯絡你的經紀人。		Get in touch with your agent right away.
			重力将一切带下地球表面。		Gravity brings everything down to Earth.
			他磕碎了下巴，掉了几颗牙。		He got a broken jaw and lost some teeth.
			他以优异的成绩毕业于剑桥大学。		He graduated from Cambridge with honors.
			他通过努力挣了大笔钱。		He has made a fortune through hard work.
			他有超过一百万美元的资产。		He has over a million dollars in assets.
			他接手了他父亲的公司。		He has taken over his father's business.
			他打開了浴缸裡的水龍頭。		He has the water running in the bathtub.
			他不像他的兄长那样聪明。		He is not as smart as his older brother.
			他没他哥哥聪明。		He is not as smart as his older brother.
			他为了惹恼我故意犯错。		He made mistakes on purpose to annoy me.
			他反对妻子在外工作。		He objected to his wife working outside.
			他保证过会来却没有来。		He promised to come, but he didn't come.
			他在吃过晚餐后回到了自己的房间。		He retired to his own room after supper.
			他是聪明能干的人。		He was an intelligent and practical man.
			听到她成功的消息，他很高兴。		He was happy at the news of her success.
			他一直很担心他的女儿。		He's always worrying about his daughter.
			她的父親要她告訴他一切。		Her father made her tell him everything.
			怎么可能在我不知道的情况下做完呢？		How could it be done without my knowing?
			您想要多少工资？		How much do you want in terms of salary?
			你在波士顿再待多久？		How much longer will you stay in Boston?
			你每年捐多少钱？		How much money do you donate every year?
			我总觉得木偶戏有点吓人。		I always find puppet shows a bit creepy.
			我经常忘记别人的名字。		I always have trouble remembering names.
			我很高興有這麼多好朋友。		I am happy to have so many good friends.
			我差點被卡車撞上。		I barely escaped being hit by the truck.
			我买了份英文写的报纸。		I bought a newspaper written in English.
			我能看德语，但是不能说。		I can read German, but I can't speak it.
			我能看懂德语，但不会说。		I can read German, but I can't speak it.
			我不能让自己做这样的事。		I can't bring myself to do such a thing.
			我受不了这大热天了。		I can't put up with the heat any longer.
			我没带眼镜就什么都看不到。		I can't see anything without my glasses.
			我不会告诉你我有多想念汤姆。		I can't tell you how much I'll miss Tom.
			我能聽到她在臥室裡抽泣。		I could hear her sobbing in her bedroom.
			我能闻到他呼吸中的酒精味。		I could smell the alcohol on his breath.
			我不记得曾经见过她。		I couldn't remember ever having met her.
			我今天不想吃东西。		I don't feel like eating anything today.
			我不知道她想不想和我一起去。		I don't know if she wants to go with me.
			我不跟你这样的人做生意。		I don't make deals with people like you.
			我不认为这件事让每个人都满意了。		I don't think that anyone was satisfied.
			我不认为每个人都满意这件事。		I don't think that anyone was satisfied.
			我不认为那可以变得更糟		I don't think that it can get any worse.
			聚会上我和他谈得很愉快。		I enjoyed talking with him at the party.
			在派对中我和他聊得很开心。		I enjoyed talking with him at the party.
			我为老师擦黑板。		I erased the blackboard for the teacher.
			我感覚我的頭要炸了。		I feel like my head is going to explode.
			我忘记在信封上贴邮票了。		I forgot to put a stamp on the envelope.
			我在花园种了番茄和洋葱。		I grow tomatoes and onions in my garden.
			昨晚我做了一个可怕的噩梦。		I had a really bad nightmare last night.
			除了接受报价，我别无选择。		I had no choice but to accept the offer.
			我不知道玛丽是你的姐姐。		I had no idea that Mary was your sister.
			我很難找到他的房子。		I had some trouble in finding his house.
			你打在我手臂上的地方超级痛。		I have a very sore arm where you hit me.
			我这个月要减少开支。		I have to reduce my expenses this month.
			我知道原因，但我不能告诉你。		I know the reason, but I can't tell you.
			我看了他一段时间。		I looked after him for a period of time.
			我需要一支铅笔，我能用你的其中一支吗？		I need a pencil. Can I use one of yours?
			我记得在哪儿听到过那首音乐。		I remember hearing that music somewhere.
			几天前我在站看到了他。		I saw him at the station a few days ago.
			我打心底里感激你。		I thank you from the bottom of my heart.
			我十分感谢你的好意。		I thank you very much for your kindness.
			我认为你应该在这里开个账户。		I think you should open an account here.
			我以为汤姆今晚有足球比赛。		I thought Tom had a soccer game tonight.
			我和汤姆说了，我觉得这个主意很好。		I told Tom I thought it was a good idea.
			我搭电梯去了四楼。		I took the elevator to the fourth floor.
			我小时候常常独自玩耍。		I used to play alone when I was a child.
			我每天早上到公园里遛狗。		I walk my dog in the park every morning.
			我已经在忙于计划假期了。		I was already busy planning my vacation.
			我被问到我是不是要这么做。		I was asked whether I wanted to do that.
			我昨天大部分时间在家。		I was at home most of the day yesterday.
			有人告訴我我不用做。		I was told that I don't need to do that.
			我用浴室的体重计量了体重。		I weighed myself on the bathroom scales.
			我要去给她生日买点东西。		I will do the shopping for her birthday.
			你生日的时候，我送你一辆自行车。		I will get you a bike for your birthday.
			我希望我能和你一起参加派对。		I wish I could go to the party with you.
			我希望我能说法语说得更好。		I wish that I could speak French better.
			我给汤姆当了三年助手。		I worked three years as Tom's assistant.
			与其让我在他手下干，我宁愿辞职。		I would rather quit than work under him.
			比起出门，我更喜欢待在家。		I would rather stay at home than go out.
			我要一间有淋浴的单人间。		I'd like a single with a shower, please.
			我想介紹你給我父母認識。		I'd like to introduce you to my parents.
			这些天我会抽一天来看你的。		I'll come and see you one of these days.
			我现在在上班，所以晚点打给你。		I'm at work now, so I'll call you later.
			我期待再見到你。		I'm looking forward to seeing you again.
			我父亲很穷并不让我觉得丢脸。		I'm not ashamed of my father being poor.
			我准备好了承担后果。		I'm prepared to accept the consequences.
			我爸爸能做一手好菜，我很自豪。		I'm proud that my father is a good cook.
			让您等了很久，我很抱歉。		I'm sorry I've kept you waiting so long.
			我很抱歉给你惹来所有的这些麻烦。		I'm sorry to cause you all this trouble.
			我是三个孩子中第二大的。		I'm the second oldest of three children.
			我一直想学习如何游泳。		I've always wanted to learn how to swim.
			我刚从邮局回来。		I've just returned from the post office.
			我从没见过那么壮丽的日落景色。		I've never seen such a beautiful sunset.
			如果我中了彩票，我会买辆新车。		If I won the lottery, I'd buy a new car.
			如果不是太贵的话，我会买的。		If it's not too expensive, I'll do that.
			再不快点我们就赶不上火车了。		If we don't hurry, we'll miss our train.
			如果我们不继续赶路，我们会迟到的。		If we don't keep walking, we'll be late.
			如果你需要铅笔，我借你一支。		If you want a pencil, I'll lend you one.
			无论如何，都不关你的事。		In any case, it's none of your business.
			对猴子来说，爬树很容易。		It is easy for a monkey to climb a tree.
			你必须马上行动。		It is imperative for you to act at once.
			您必须马上行动。		It is imperative for you to act at once.
			他的理论很难懂。		It's difficult to understand his theory.
			买不买由你决定。		It's up to you whether to buy it or not.
			闭嘴看着。		Keep your mouth shut and your eyes open.
			让我们看看能不能把大门关上。		Let's see if we can get the gate closed.
			没有爱情的生活毫无意义。		Life without love has no meaning at all.
			语言学是门很有意思的学科。		Linguistics is a very interesting field.
			玛丽是班里面长得最漂亮的女孩。		Mary is the prettiest girl in her class.
			玛丽不是真病。她只是装病。		Mary isn't really sick. She's faking it.
			不只是钱关系重大。		Money isn't the only thing that matters.
			我父亲会游泳但我母亲不会。		My father can swim, but my mother can't.
			我父亲在花园边上装了篱笆。		My father put a fence around the garden.
			母亲经常为我们做苹果派。		My mother often bakes apple pies for us.
			我妹妹每天早上洗頭髮。		My sister washes her hair every morning.
			那个时候，没有人在这个岛上生活。		No one lived on the island at that time.
			现在是买它的最好时机。		Now is a great time to buy one of those.
			我们的孩子喜欢狗，但我更喜欢猫。		Our child likes dogs, but I prefer cats.
			我们走开的时候，房子被盗窃了。		Our house was robbed while we were away.
			您这个年龄的人经常有这个问题。		People your age often have this problem.
			请不要忘记寄信。		Please don't forget to mail this letter.
			本月结束之前请等待。		Please wait until the end of this month.
			数量不如质量。		Quality is more important than quantity.
			红发的人往往有雀斑。		Red-haired people tend to have freckles.
			腳踏車雙載是危險的。		Riding double on a bicycle is dangerous.
			看见新鲜龙虾，我有了食欲。		Seeing the fresh lobster made me hungry.
			她问我是不是发生了什么事。		She asked me if anything was the matter.
			她让我母亲照顾孩子。		She had my mother take care of the baby.
			她的英語正在進步中。		She is making progress with her English.
			她现在正待在她叔叔家。		She is now staying at her uncle's house.
			她在睡眠中安详地去世了。		She passed away peacefully in her sleep.
			她去年环球旅行。		She traveled around the world last year.
			她太矮了，看不到围墙外面。		She was too short to see over the fence.
			她会尽全力及时赶到这儿的。		She will do her best to be here on time.
			她很善于砍价。		She's good at bargaining the price down.
			短裙已經不流行了。		Short skirts are already out of fashion.
			由于我生病了，我便没去上学。		Since I was sick, I didn't go to school.
			這些文章中有一些非常有趣。		Some of the essays are very interesting.
			有人把她淹死在浴缸裡。		Somebody had drowned her in the bathtub.
			有一天我买了一台棉花糖机。		Someday I'll buy a cotton candy machine.
			雄辯如銀，沉默如金。		Speech is silver, but silence is golden.
			说来奇怪，他不知道这个消息。		Strange to say, he didn't know the news.
			雪梨是澳洲最大的城市。		Sydney is the largest city in Australia.
			得克萨斯州约是日本的两倍大。		Texas is nearly twice as large as Japan.
			那个男人在一周前死于肺癌。		That man died of lung cancer a week ago.
			那人什麼也不想做。		That person doesn't want to do anything.
			那就是我不赞同你的计划的原因。		That's why I don't approve of your plan.
			总统在电视上对国民讲话。		The President spoke to the nation on TV.
			这场灾难的唯一幸存者是一个婴儿。		The accident's only survivor was a baby.
			大使被从华沙召回。		The ambassador was recalled from Warsaw.
			船被安全地领入港口。		The boat was piloted safely into harbor.
			这个孩子长大后成为了一个伟大的政治家。		The boy grew up to be a great statesman.
			該建築高一百公尺。		The building is one hundred meters high.
			出租车司机没有受重伤。		The cab driver wasn't seriously injured.
			货船早到了四小时。		The cargo ship arrived four hours early.
			教堂位于山脚。		The church is at the foot of a mountain.
			罪犯没有放人质们走。		The criminal didn't let the hostages go.
			这一家人一起看电影。		The family is watching a movie together.
			弹钢琴的女孩是我妹妹。		The girl playing the piano is my sister.
			这冰太薄不能承受你的重量。		The ice is too thin to bear your weight.
			这些信息对我们非常重要。		The information is very important to us.
			这句句子意思模糊。		The meaning of this sentence is obscure.
			会议将在下周日召开。		The meeting will take place next Sunday.
			小说以女主角的死告终。		The novel ends with the heroine's death.
			由于下雨，野餐泡汤了。		The picnic was canceled because of rain.
			警方正在调查那起谋杀案。		The police are investigating the murder.
			探头配有麦克风。		The probe is equipped with a microphone.
			雨点打着窗户。		The rain is beating against the windows.
			他額頭上的疤痕很醒目。		The scar on his forehead is conspicuous.
			学生们现在都坐在桌前。		The students are all at their desks now.
			受害者在醫院裡死去了。		The victim died at a hospital in Boston.
			日本有很多温泉。		There are a lot of hot springs in Japan.
			人生里有更重要的事情。		There are more important things in life.
			这博物馆里面没有活的生物。		There are no live animals in the museum.
			地球上有七大洲。		There are seven continents on the earth.
			测速的方法有很多。		There are several ways to measure speed.
			盒子里有些空瓶。		There are some empty bottles in the box.
			书桌上有一把剪刀。		There is a pair of scissors on the desk.
			我们有些事要谈。		There's something we need to talk about.
			他们不会允许我们进花园的。		They won't allow us to enter the garden.
			这只是我们发现的东西之一。		This is only one of the things we found.
			这是镇上最好的餐厅。		This is the best restaurant in the city.
			汤姆通常把他的车停在这里。		This is where Tom usually parks his car.
			这药会让你舒服些。		This medicine will give you some relief.
			这药会让你好受点。		This medicine will make you feel better.
			这收音机不比火柴盒大。		This radio is no bigger than a matchbox.
			这对双胞胎长得一模一样。		Those twins look like two peas in a pod.
			尽管受了伤，他们还是继续战斗。		Though wounded, they continued to fight.
			更糟糕的是開始下雪了。		To make matters worse, it began snowing.
			汤姆和玛丽结束了三十年的婚姻。		Tom and Mary ended 30 years of marriage.
			汤姆为他的粗鲁向玛丽道歉。		Tom apologized to Mary for his rudeness.
			汤姆过来看看玛丽有没有什么需要帮忙的。		Tom came to see if Mary needed any help.
			汤姆把椅子拿到了下个房间。		Tom carried the chairs to the next room.
			汤姆不能掩饰他的失望。		Tom couldn't conceal his disappointment.
			汤姆没给我我跟他要的。		Tom didn't give me what I asked him for.
			汤姆甚至连怎么煎鸡蛋都不知道。		Tom doesn't even know how to fry an egg.
			汤姆不喜欢任何辣的食物。		Tom doesn't like any kind of spicy food.
			汤姆和他的父亲长得一点也不像。		Tom doesn't look like his father at all.
			汤姆认为那没有好处。		Tom doesn't think that will do any good.
			汤姆不认为这是一个巧合。		Tom doesn't think this is a coincidence.
			汤姆仔细地给玛丽解释。		Tom explained it to Mary very carefully.
			汤姆在学校遇到了很多问题。		Tom had a lot of problems at the school.
			汤姆是我多年的朋友。		Tom has been a friend of mine for years.
			汤姆住在波士顿已经一年多了。		Tom has lived in Boston for over a year.
			汤姆有让那发生的能力。		Tom has the ability to make that happen.
			汤姆和一个叫玛丽的加拿大人结婚了。		Tom is married to a Canadian named Mary.
			汤姆永远也不会原谅我了，是吗？		Tom is never going to forgive me, is he?
			汤姆是我知道的最好的人之一。		Tom is one of the kindest people I know.
			汤姆在一场车祸中失去了他的独子。		Tom lost his only son in a car accident.
			汤姆经常用手机拍照。		Tom often takes pictures with his phone.
			汤姆终身未娶。		Tom remained a bachelor until his death.
			汤姆说他会考虑我的问题。		Tom said he'd think about my suggestion.
			汤姆说他不想出去。		Tom says he doesn't feel like going out.
			有人应该帮汤姆做这些事。		Tom should have someone do that for him.
			汤姆对玛丽笑了笑，她也笑着回应了。		Tom smiled at Mary, and she smiled back.
			汤姆在澳大利亚呆了三年。		Tom stayed in Australia for three years.
			汤姆告诉玛丽，他觉得她很傻。		Tom told Mary he thought she was stupid.
			汤姆把文档译成法语。		Tom translated the document into French.
			汤姆以前每年夏天都去波士顿。		Tom used to come to Boston every summer.
			汤姆想去还欠的钱。		Tom wants to pay back the money he owes.
			汤姆不会等待超过三十分钟		Tom won't wait more than thirty minutes.
			我们国家不缺石油。		We are not short of oil in this country.
			我们无法否认，他确实是很诚实的人。		We can't deny the fact that he's honest.
			我们能从窗户看到日落。		We could see the sunset from the window.
			我们不指望汤姆能活得更久。		We don't expect Tom to live much longer.
			我们试了三次，都失败了。		We had three tries and failed each time.
			我们要设法跟他们交流。		We have to try to communicate with them.
			我们打算让你知道这个秘密。		We intended to let you in on the secret.
			除非雨停了，我们才会出去。		We won't go out unless it stops raining.
			我们被要求不再这么做。		We've been asked to not do this anymore.
			夜晚很长，不是吗？		Well, the night is quite long, isn't it?
			聖誕節假有什麼安排？		What are you doing over Christmas break?
			这种昆虫在英语中叫什么？		What do you call this insect in English?
			你计划去大学后主修什么吗？		What do you plan to major in at college?
			你长大后想成为什么？		What do you want to be when you grow up?
			长大后你想作什么？		What do you want to be when you grow up?
			汤姆的早餐经常吃什么？		What does Tom usually eat for breakfast?
			你朋友的女儿怎么了？		What happened to your friend's daughter?
			你想看哪种类型的电影？		What kind of movie do you want to watch?
			你擅長說哪種語言？		What languages are you good at speaking?
			你以后想当什么呢？		What would you like to be in the future?
			以后打算干什么？		What would you like to do in the future?
			学习一门语言最好的方法是什么？		What's the best way to learn a language?
			你的国家的最低工资是多少？		What's the minimum wage in your country?
			一年之中，你最喜欢哪个季节？		What's your favorite season of the year?
			我在你这个年纪的时候，冥王星是一颗行星。		When I was your age, Pluto was a planet.
			你什么时候给我做事？		When have you ever done anything for me?
			山上无老虎，猴子称大王。		When the cat's away, the mice will play.
			你最喜欢哪位作曲家？		Which of the composers do you like best?
			为什么人们不总是讲真话？		Why do people not always tell the truth?
			你为什么会认为我在想你？		Why do you think I'm thinking about you?
			您愿意听我说几分钟话吗？		Will you listen to me for a few minutes?
			能不能请你等几分钟？		Would you please wait for a few minutes?
			请您等几分钟好吗？		Would you please wait for a few minutes?
			昨天我一整天都在工作。		Yesterday I spent the whole day working.
			紧急情况下，您可以联系我。		You can contact me in case of emergency.
			你可以在这片森林里看到很多动物。		You can see many animals in this forest.
			你不想去就别去。		You don't have to go unless you want to.
			你已经知道了，不是吗？		You knew about this already, didn't you?
			电池要额外付钱。		You need to pay extra for the batteries.
			你该戒烟戒酒了。		You should give up smoking and drinking.
			你应该试试学点法语。		You should try to learn a little French.
			你不该让他们等那么久。		You shouldn't keep them waiting so long.
			你最好立刻離開這裡。		You'd better get away from here at once.
			你最好立刻剪頭髮。		You'd better have your hair cut at once.
			这几天你最好还是别下床。		You'd better stay in bed for a few days.
			你最好等到警察前来。		You'd better wait until the police come.
			你要南辕北辙了。		You're not going in the right direction.
			你从没有女朋友，不是么？		You've never had a girlfriend, have you?
			你的行为离要求的太远了。		Your behavior leaves much to be desired.
			你的论文还需要改进。		Your essay still needs some improvement.
			你的名字已经从名单删除了。		Your name has been crossed off the list.
			“酒水免费吗？”“仅女士而已。”		"""Are the drinks free?"" ""Only for ladies."""
			“她有狗吗？”“没有。”		"""Does she have a dog?"" ""No, she doesn't."""
			“来杯茶吗？”“嗯，好的。”		"""Would you like some tea?"" ""Yes, please."""
			一艘船突然从雾中出现。		A boat suddenly appeared out of the mist.
			一个足球队由十一个球员组成。		A soccer team consists of eleven players.
			如果真的是朋友的话，是不会说这样的话的吧。		A true friend would not say such a thing.
			暴风雨后，大海恢复了平静。		After the storm, the sea was quiet again.
			蘋果通常是綠色、黃色或紅色。		Apples are usually green, yellow, or red.
			牛肉通常比豬肉貴。		Beef is usually more expensive than pork.
			我今晚能借你的数码相机吗？		Can I borrow your digital camera tonight?
			我能跟你私下谈一分钟吗？		Can I talk to you privately for a minute?
			您能教我弹钢琴吗？		Could you teach me how to play the piano?
			外交官有多种特权。		Diplomats are allowed various privileges.
			你知道任何关于汤姆父母的事吗？		Do you know anything about Tom's parents?
			你认为他适合这个职位吗？		Do you think he is good for the position?
			要不一起到车站去？		Do you want to go to the station with me?
			根本不可能做那件事。		Doing that is simply out of the question.
			大家都知道是汤姆做的		Everyone knew Tom was the one who did it.
			实话说，我不赞成你。		Frankly speaking, I don't agree with you.
			给我机会来让你为我感到自豪。		Give me a chance to make you proud of me.
			你见过这张照片上的男人吗？		Have you ever seen the man in this photo?
			他指控我偷了他的手表。		He accused me of having stolen his watch.
			他竭尽全力地讨好他老婆。		He bent over backward to please his wife.
			他否认参与了犯罪。		He denied having taken part in the crime.
			他把奖金存到银行了。		He deposited the prize money in the bank.
			他没有任何朋友玩。		He doesn't have any friends to play with.
			他解释事故是怎么发生的。		He explained how the accident came about.
			他是美国大使馆的外交官。		He is a diplomat at the American Embassy.
			他全神贯注。		He is giving his whole attention to that.
			他喜欢偶尔去海边。		He likes to go to the beach now and then.
			他跟所有他遇見的人交朋友。		He makes friends with everybody he meets.
			他经常坐在我旁边听音乐。		He often sits by me and listens to music.
			他一个月玩两到三次高尔夫。		He plays golf two or three times a month.
			他穿着衣服冲进房间。		He rushed into the room with his coat on.
			他通宵备考。		He spent all night cramming for the test.
			他想成为科学家。		He wants to be a scientist in the future.
			他够大方，借了我一点钱。		He was kind enough to lend me some money.
			他写了一本关于丛林冒险的书。		He wrote a book about a jungle adventure.
			她老公现居东京。		Her husband is currently living in Tokyo.
			他的所作所为总是让我惊讶。		His behavior never ceases to surprise me.
			他的评论简洁且击中要害。		His comment was concise and to the point.
			经过银行，左边就是他的办公室了。		His office is past the bank on your left.
			他会几种外语？		How many foreign languages can you speak?
			你多久看一次牙医？		How often do you have to see the dentist?
			在某种程度上，我认同你所说的。		I agree with what you say to some extent.
			比赛前我一直都很紧张。		I always get nervous just before a match.
			我总是在离手不远的地方放一本字典。		I always keep a dictionary close at hand.
			我睡觉前总要洗个澡。		I always take a bath before going to bed.
			我要回房间了，在那儿我可以学习。		I am going to my room, where I can study.
			我正在为我的妈妈寻找礼物。		I am looking for a present for my mother.
			我问汤姆为什么他昨天没在这里		I asked Tom why he wasn't here yesterday.
			我分不清他和他的弟弟。		I can't distinguish him from his brother.
			我无法找到问题的根源。		I can't locate the source of the problem.
			我收集各国的娃娃。		I collect dolls from different countries.
			我把你视为我最要好的朋友之一。		I consider you one of my closest friends.
			我今天不想学习英语。		I don't feel like studying English today.
			我感覺不太好，我該回家。		I don't feel very well. I should go home.
			我没有一个愿意跟我一起旅行的人。		I don't have anyone who'd travel with me.
			我没力气继续尝试了。		I don't have the strength to keep trying.
			我没时间跟你玩游戏。		I don't have time to play games with you.
			我不知道你怎么样，但我饥肠辘辘。		I don't know about you, but I'm starving.
			我不怎么想住在澳大利亚。		I don't really want to live in Australia.
			我觉得我不太喜欢这游戏。		I don't think I like this game very much.
			我不觉得她像她妈妈。		I don't think she takes after her mother.
			我认为我们不应该跟汤姆一起走。		I don't think that we should go with Tom.
			我不想把結局提前透露給你。		I don't want to spoil the ending for you.
			感觉这不会有个好结局。		I feel like this isn't going to end well.
			我最终得到了我要的那本书。		I finally got hold of that book I wanted.
			我用不到一小时就完成了这个工作。		I finished the work in less than an hour.
			我在牙医那儿检查了牙齿。		I had my teeth examined at the dentist's.
			我有很多朋友住在波士顿。		I have a lot of friends living in Boston.
			我知道你還是想跟我一起。		I know that you still want to be with me.
			我住在离波士顿不远的一个农场。		I live on a farm not too far from Boston.
			我需要跟你說點事。		I needed to speak to you about something.
			我经常用那本词典找单词。		I often look up words in that dictionary.
			我在银行附近碰见老朋友。		I ran across an old friend near the bank.
			那时候就该听汤姆的。		I should've listened to Tom at that time.
			我在阅读中度过了一天中最美好的部分。		I spent the best part of the day reading.
			我一整天都在看这本小说。		I spent the whole day reading that novel.
			我還是不明白出了什麼事。		I still don't understand what's going on.
			我觉得你想坐下。		I think you're going to want to sit down.
			我以为你昨晚就会到那儿了。		I thought that you'd be there last night.
			我摘下帽子进了教堂。		I took off my hat and entered the church.
			我也想要和你身上那件同样的外套。		I want the same jacket as you're wearing.
			我想吃点不甜的东西。		I want to eat something that isn't sweet.
			我想在这儿待几天。		I want to stay here for a couple of days.
			我想你待在这里直到我回来。		I want you to stay here until I get back.
			我当时是高中生。		I was a high school student at that time.
			我今天累，所以我睡得早。		I was tired today so I went to bed early.
			我那时没法去他的生日派对。		I was unable to go to his birthday party.
			那场比赛，我从头看到尾。		I watched the game from beginning to end.
			如果你离开日本，我会非常想你的。		I will badly miss you if you leave Japan.
			我希望当时我不用一个人做那件事。		I wish I hadn't had to do that by myself.
			我希望我们有更多时间呆在一起。		I wish we could spend more time together.
			我做钢琴调音师很多年了。		I worked as a piano tuner for many years.
			讓我向您介紹我的妻子。		I would like to introduce you to my wife.
			我真想跟你去波士頓。		I'd really like to go to Boston with you.
			如果有人把事情抖出来，我就麻烦了。		I'll be in trouble if the story gets out.
			恐怕他永远也不会承认自己的罪行。		I'm afraid he will never admit his guilt.
			我肯定这是淡水鱼。		I'm sure that this is a fresh water fish.
			我很累，但我还是没办法入睡。		I'm very tired, but I can't get to sleep.
			我已经考虑过那种可能性了。		I've already considered that possibility.
			我最近压力有点大。		I've been under a lot of pressure lately.
			我从没听过她说别人坏话。		I've never heard her speak ill of others.
			我在这项计划上投入了所有精力。		I've put all of my energy into this plan.
			如果我够钱的话，就能出国了。		If I had enough money, I could go abroad.
			如果明天下雨，我们就呆在家。		If it rains tomorrow, we'll stay at home.
			你不杀他们，他们就杀你。		If you don't kill them, they'll kill you.
			如果你快一点，还能赶上他。		If you hurry, you will catch up with him.
			除了英文，他還說德文。		In addition to English, he speaks German.
			做任何事，你必须要做到最好。		In doing anything, you must do your best.
			你还有什么事情需要我去做的吗？		Is there anything else you want me to do?
			你的电话出问题了吗？		Is there something wrong with your phone?
			这是你第一次滑雪吗？		Is this the first time you've ever skied?
			說三種語言是很困難的。		It is difficult to speak three languages.
			很明顯的是他犯了錯。		It is evident that he has made a mistake.
			照顾他们是你自己的事儿。		It is your business to take care of them.
			不是我告訴你不要去做的。		It wasn't me who told you not to do that.
			说苗条比说瘦更有礼貌。		It's more polite to say thin than skinny.
			人们都说，东京是座很安全的城市。		It's said that Tokyo is a very safe city.
			日本的石油依靠进口。		Japan depends on other countries for oil.
			日本米市场禁止进口。		Japan's rice market is closed to imports.
			告诉我考试结果。		Let me know about the result of the exam.
			来抽签决定谁先走吧。		Let's draw lots to decide who goes first.
			来好好利用大周末吧。		Let's take advantage of the long weekend.
			閃電常常伴隨著雷鳴。		Lightning is usually followed by thunder.
			那个工厂开除了很多工人。		Many workers were laid off at that plant.
			以前，玛丽想和一位有雄心壮志的男人结婚。		Mary wanted to marry a man with ambition.
			大部分人写的东西是关于他们的日常生活的。		Most people write about their daily life.
			我的车在事故中受到严重损坏		My car was badly damaged in the accident.
			我的朋友邀請我去吃晚餐。		My friend invited me to go out to dinner.
			我外婆患有骨質疏鬆症。		My grandmother suffers from osteoporosis.
			我奶奶患有骨質疏鬆症。		My grandmother suffers from osteoporosis.
			我的家与他的隔着一条江。		My home is separated from his by a river.
			我妈不让我穿迷你裙。		My mother didn't let me wear a miniskirt.
			我妈妈小心翼翼地打开门。		My mother opened the door very carefully.
			我的母亲对我的失败感到失望。		My mother was disappointed by my failure.
			我的房間是你的三倍大。		My room is three times as large as yours.
			一个是日本人，另一个是意大利人。		One is Japanese and the other is Italian.
			傻瓜才会那么干。		Only a fool would do something like that.
			我们的眼睛需要时间来适应黑暗。		Our eyes take time to adjust to the dark.
			請盡快回家。		Please come back home as soon as you can.
			请在词典里查这个词。		Please look up this word in a dictionary.
			她经常在饭后收拾桌子。		She always clears the table after a meal.
			她照顾她的父亲直到他去世。		She cared for her father until his death.
			她提前一小时完成了工作。		She finished her work an hour in advance.
			从上周三起，她一直缺席。		She has been absent since last Wednesday.
			她总是在班上拿倒数第一。		She is always at the bottom of the class.
			她榨了許多柳橙汁。		She squeezed the juice from many oranges.
			她经常来这个国家。		She's a frequent visitor to this country.
			足球是所有体育运动中最受欢迎的。		Soccer is the most popular of all sports.
			一些家具是用膠水黏在一起。		Some furniture is put together with glue.
			从你来时的路回家。		Take the same road home that you came on.
			谢谢你烤的美味蛋糕。		Thank you for baking this delicious cake.
			那房子是我出生的地方。		That house is the place where I was born.
			红色屋顶的房子是我叔叔的屋子。		That house with a red roof is my uncle's.
			那家店卖报纸和杂志。		That shop sells newspapers and magazines.
			那个是我的。我不知道你的在哪里。		That's mine. I don't know where yours is.
			瑞士人消耗不少啤酒。		The Swiss consume a large amount of beer.
			电视遥控器在沙发下面。		The TV remote control is under the couch.
			实验室里的空调坏了。		The air conditioner in the lab is broken.
			鸟儿身上铺满了白色的羽毛。		The bird was covered with white feathers.
			老板对你的工作有很高的评价。		The boss has a good opinion of your work.
			那个我以为诚实的男孩欺骗了我。		The boy I thought was honest deceived me.
			男孩在玩玩具兵。		The boy is playing with his toy soldiers.
			孩子们早上去学校。		The children go to school in the morning.
			咳嗽糖浆有股甘草的味道。		The cough syrup has a licorice flavoring.
			我碰蚯蚓的时候，它扭动起来。		The earthworm wriggled when I touched it.
			一家人在陽臺上吃早飯。		The family eats breakfast on the balcony.
			在面包房工作的姑娘很可爱。		The girl who works at the bakery is cute.
			我住的房子不是太大。		The house I'm living in isn't very large.
			图书馆位于城市中心。		The library is in the center of the city.
			图书馆位于市中央。		The library is in the middle of the city.
			图书馆是我最喜欢去的地方之一。		The library is one of my favorite places.
			小木屋沐浴在月光之中。		The little cabin was bathed in moonlight.
			这男人试着安装他自己的天线。		The man tried to install his own antenna.
			博物馆周一到周五开门。		The museum is open from Monday to Friday.
			下一场音乐会将在六月份举办。		The next concert will take place in June.
			风暴几个小时没有减弱了。		The storm didn't abate for several hours.
			罢工妨碍了国家经济。		The strike affected the nation's economy.
			罢工影响了国家经济。		The strike affected the nation's economy.
			学生们用心学习了很多首诗。		The students learned many poems by heart.
			老师不可能说过这样的事。		The teacher can't have said such a thing.
			真相可能比谎言更令人痛苦。		The truth can be more painful than a lie.
			社会上满是不称职的医生。		The world is full of incompetent doctors.
			伦敦有很多漂亮的公园。		There are many beautiful parks in London.
			这些书架上没有很多书。		There aren't many books on these shelves.
			桌子上有一本关于舞蹈的书。		There's a book about dancing on the desk.
			我的银行账户里没留下钱。		There's no money left in my bank account.
			可能是发生交通事故了吧。		There's probably been a traffic accident.
			这些照片真美。		These pictures are really very beautiful.
			他们指责汤姆造成了事故。		They blamed Tom for causing the accident.
			前天，他们离开了那儿。		They left there the day before yesterday.
			没有你这个城市孤单又冷清。		This city is cold and lonely without you.
			没有你，这座城市寒冷又孤寂。		This city is cold and lonely without you.
			这朵花散发出强烈的香味。		This flower gives off a strong fragrance.
			这是我第一次来澳大利亚。		This is my first time to visit Australia.
			这是她曾经住过的房子。		This is the house where she used to live.
			这种错误很容易被人忽视。		This kind of mistake is easy to overlook.
			时间比什么都宝贵。		Time is more precious than anything else.
			今天是周六，明天是周日。		Today is Saturday and tomorrow is Sunday.
			汤姆和玛丽都戴着褐色的帽子。		Tom and Mary are both wearing brown hats.
			汤姆吹灭了蛋糕上的所有蜡烛。		Tom blew out all the candles on the cake.
			汤姆买了一双黑色皮鞋。		Tom bought a pair of black leather shoes.
			汤姆在所有人面前批评了玛丽。		Tom criticized Mary in front of everyone.
			汤姆昨天用刀切到自己了。		Tom cut himself with his knife yesterday.
			汤姆没有告诉玛丽关于那件事的任何信息。		Tom didn't tell Mary anything about that.
			汤姆不知道玛丽是高兴呢，还是不高兴。		Tom doesn't know if Mary is happy or not.
			汤姆不需要再戴眼镜了。		Tom doesn't need to wear glasses anymore.
			汤姆发现了一种宣布他新闻的新方法。		Tom found a new way to announce his news.
			汤姆不知道玛丽是个连环杀手。		Tom had no idea Mary was a serial killer.
			汤姆对电脑有很多经验。		Tom has a lot of experience in computers.
			汤姆承认他那晚是在那里。		Tom has admitted he was there that night.
			汤姆已经住院一个月了。		Tom has been in the hospital for a month.
			汤姆已经因病卧床三周了。		Tom has been sick in bed for three weeks.
			汤姆没有错过一场玛丽的音乐会。		Tom hasn't missed any of Mary's concerts.
			汤姆还没跟玛丽谈那事。		Tom hasn't talked to Mary about that yet.
			汤姆像什么也没发生一样行动。		Tom is acting as if nothing has happened.
			汤姆还在等候室里坐着。		Tom is still sitting in the waiting room.
			汤姆是一家小餐馆的经理。		Tom is the manager of a small restaurant.
			汤姆拿起罐子读标签。		Tom picked up the jar and read the label.
			汤姆又给自己倒了一杯酒。		Tom poured himself another glass of wine.
			汤姆差不多忘了开会的事儿。		Tom pretty much forgot about the meeting.
			汤姆拒绝帮玛丽做她的作业。		Tom refused to help Mary do her homework.
			汤姆从他的绘画本上撕下了一页。		Tom ripped a page out of his sketch book.
			汤姆三个月前开始和玛丽约会。		Tom started dating Mary three months ago.
			汤姆在这宾馆待了三周。		Tom stayed at this hotel for three weeks.
			汤姆掏出钥匙开了门。		Tom took out his key and opened the door.
			汤姆明白生存的代价。		Tom understands what it takes to survive.
			汤姆想要知道更多关于玛丽的过去。		Tom wants to know more about Mary's past.
			汤姆是建议我买这个的人。		Tom was the one who suggested I buy this.
			汤姆不让任何人进房间。		Tom wouldn't let anyone else in the room.
			汤姆的女朋友威胁要离开他。		Tom's girlfriend threatened to leave him.
			真正的友谊建立在彼此信任的基础上。		True friendship is based on mutual trust.
			昨天晚上六点钟我们来到了这里。		We arrived here at six yesterday evening.
			因为下雨，我们不能出去。		We can't go outside because it's raining.
			我们黎明时起床以避开交通堵塞。		We got up at dawn to avoid a traffic jam.
			你的一个朋友在我们这里。		We have one of your friends here with us.
			我们有你的尺寸，但是没有那个颜色。		We have your size, but not in that color.
			我们每天至少该睡八小时。		We must sleep at least eight hours a day.
			您空闲时间喜欢做什么？		What do you like doing in your free time?
			你空闲时间喜欢做什么？		What do you like doing in your free time?
			你一般和朋友一起做什麼？		What do you usually do with your friends?
			那位先生靠什么生活？		What does that gentleman do for a living?
			我们面前的这幢高楼是什么？		What is that big building in front of us?
			选手们的平均身高是多少？		What's the average height of the players?
			上司不在，部下就輕鬆自在。		When the cat is away, the mice will play.
			你一般和誰去看電影？		Who do you usually go to the movies with?
			你有时间跟我吃午饭吗？		Will you have time to have lunch with me?
			再来一杯咖啡怎么样？		Would you care for another cup of coffee?
			你没告诉我玛丽这么漂亮。		You didn't tell me Mary was so beautiful.
			您现在不必购买任何东西。		You don't have to buy anything right now.
			你没必要周日去上学。		You don't have to go to school on Sunday.
			你不用再为我担心了。		You don't need to worry about me anymore.
			在這麼長程的旅途後你一定很累了。		You must be tired after such a long trip.
			如果您想抽烟的话，您必须出去。		You must go outside if you want to smoke.
			“需要我为您留个口信儿吗？”“不用了，谢谢。”		"""Shall I take a message?"" ""No, thank you."""
			一个管弦乐团沿着路前进		A brass band is marching along the street.
			世界上许多人很饥饿。		A lot of people are starving in the world.
			很多人不知道怎么做。		A lot of people don't know how to do that.
			一个正确的科学家不会那样想。		A true scientist wouldn't think like that.
			门一开，他们就逃走了。		As soon as the door opened, they ran away.
			她有三个孩子，信不信由你。		Believe it or not, she has three children.
			你能在我的背上涂些防晒霜吗？		Can you put some suntan lotion on my back?
			孩子们非常喜欢在海滩上玩耍。		Children really like playing on the beach.
			跟我们的房子比，你的就是个豪宅。		Compared to our house, yours is a mansion.
			你能把我的名字加到等候批准的申请人名单上吗？		Could you put my name on the waiting list?
			无数星星在天上闪烁。		Countless stars were twinkling in the sky.
			培养政治意识要花费时间。		Developing political awareness takes time.
			你有没有听说汤姆出了什么事？		Did you hear about what's happened to Tom?
			你知道银行什么时候关门吗？		Do you have any idea when the bank closes?
			你知道怎么恢复已删除的文件吗？		Do you know how to recover a deleted file?
			你真的觉得我会帮你吗？		Do you really think I'm going to help you?
			别问汤姆他的工作的问题。		Don't ask Tom any questions about his job.
			每位会员每月需支付一万日元。		Each member has to pay 10,000 yen a month.
			欧洲的人口比亚洲少。		Europe has a smaller population than Asia.
			大家都想见到你，你太有名了！		Everyone wants to meet you. You're famous!
			农民总是抱怨天气。		Farmers always complain about the weather.
			曲棍球在中国不是很流行。		Field hockey is not very popular in China.
			请给我们两把刀和四把叉。		Give us two knives and four forks, please.
			秘书的职位已经有人了吗？		Has that secretarial position been filled?
			他能很好地读懂法语。		He has a good reading knowledge of French.
			他帮助我克服了困难。		He helped me to get over the difficulties.
			他與他的鄰居相處。		He is getting along with his neighborhood.
			他和他的邻居相处。		He is getting along with his neighborhood.
			他赚的钱比我多三倍。		He makes three times more money than I do.
			他伸长了手臂为了能拿到书。		He stretched out his arm to take the book.
			他去钓鱼了，而没去打网球。		He went fishing instead of playing tennis.
			他的爱好是画有花的图。		His hobby is painting pictures of flowers.
			他的懒惰是他未来不好的预兆。		His laziness is a bad sign for the future.
			你会写多少汉字？		How many Chinese characters can you write?
			再不快点你就要赶不上末班车了。		Hurry up, or you will miss the last train.
			我让他随我来，他同意了。		I asked him to come with me and he agreed.
			我相信他会信守诺言。		I believed that he would keep his promise.
			你餓了，我給你做飯。		I can cook you something if you're hungry.
			我自己能够证实那是真的。		I can verify that that's the truth myself.
			我甚至不能记起来汤姆长什么样。		I can't even remember what Tom looks like.
			我不能和你们一起去，因为我很忙。		I can't go with you because I'm very busy.
			我腰疼，不能打网球。		I can't play tennis because my back hurts.
			我今天无法给您一个最终的答复。		I cannot give you a definite answer today.
			在回家的路上，我看到一场阅兵式。		I caught sight of a parade on my way home.
			我认为自己的法语相当流利。		I consider myself fairly fluent in French.
			我很小的时候就游得很好了。		I could swim well even when I was a child.
			我没有拜访他，因为我感冒了。		I didn't call on him because I had a cold.
			我今天没时间冲澡。		I didn't have time to take a shower today.
			今晚我没心情出去吃饭。		I don't feel like eating out this evening.
			我不知道你是否和我有一样的感觉。		I don't know if you feel the same as I do.
			我真的不认为汤姆有必要那么做。		I don't really think Tom needs to do that.
			我不记得干了那样的事情。		I don't remember doing anything like that.
			我認識了這位行政長官。		I got acquainted with the chief executive.
			我有问题，就像其他人一样。		I have problems, just like everybody else.
			我下週必須請假。		I have to be absent from school next week.
			我听到汤姆在用法语嘀咕些什么。		I heard Tom muttering something in French.
			我希望汤姆能做我们让他做的事。		I hope Tom can do what we asked him to do.
			我希望最后一切都好。		I hope everything will be fine in the end.
			我妥善保管原版拷貝。		I keep the master copy under lock and key.
			我需要尽快完成。		I need to complete it as soon as possible.
			我在海边捡了个漂亮贝壳。		I picked up a pretty shell at the seaside.
			我把我借来的刀还了。		I returned the knife which I had borrowed.
			我全天在家讀小說。		I stayed home all day long reading novels.
			在夏季，我每天早上都会洗个澡。		I take a bath every morning in the summer.
			我认为这机器需要修理。		I think this machine is in need of repair.
			我想給你介紹一下我身旁這位朋友。		I want to introduce you to my friend here.
			我想让她干这项艰难的工作。		I want to leave this difficult job to her.
			我想给你看看我办公室里的一些东西。		I want to show you something in my office.
			我在信封上写错了地址。		I wrote the wrong address on the envelope.
			我永远不会忘记您的帮助。		I'll never forget how helpful you've been.
			我还留着那起事故的伤疤。		I'll still have a scar from that accident.
			我正存钱出国留学。		I'm saving money in order to study abroad.
			我陪家人度過聖誕夜。		I'm spending Christmas Eve with my family.
			我在这里等了三十分钟。		I've been waiting here for thirty minutes.
			我在外地生活了很久。		I've lived away from home for a long time.
			如果我知道真相，我就告诉你了。		If I'd known the truth, I'd have told you.
			如果我对你产生误解，我实在抱歉。		If I've misjudged you, I'm terribly sorry.
			如果你買給我冰淇淋，我就親你一下。		If you buy me an ice cream, I'll kiss you.
			如果你不抓紧的话，你就会赶不上火车。		If you don't hurry, you'll miss the train.
			你想說就說。		If you have something to say, just say it.
			如果你抓紧，你还能赶上火车。		If you hurry you can still make the train.
			你如果需要雨伞，那我借你一把。		If you need an umbrella I'll lend you one.
			夏天我穿短袖衬衫。		In the summer I wear short-sleeved shirts.
			这栋楼里面有中央暖气系统吗？		Is there central heating in this building?
			他肯定要去美国。		It is definite that he will go to America.
			听着好像他们不打算走。		It sounds like they're not going to leave.
			你真笨去接受他的提議。		It was foolish of you to accept his offer.
			真高兴你又跟我们在一起了。		It's a pleasure to have you with us again.
			尽早让我知道结果。		Let me know the result as soon as you can.
			我们走，尽可能多看点东西。		Let's go and see as many things as we can.
			在非洲有许多孩子死于饥饿。		Many children die of starvation in Africa.
			你不懂的词做个记号。		Mark the words that you cannot understand.
			玛丽没有化爱丽丝那样浓的妆。		Mary doesn't wear as much makeup as Alice.
			玛丽是三姐妹中的老幺。		Mary is the youngest of the three sisters.
			掌握一门外语很难。		Mastering a foreign language is difficult.
			我的录像机可以拍高清视频。		My camera can shoot high-definition video.
			我父亲六十岁就要退休了。		My father will retire at the age of sixty.
			我猜明天会是好天气。		My guess is that it will be fine tomorrow.
			我的父母教育我应该尊敬老人。		My parents taught me to respect my elders.
			我叔叔在巴黎住了十年。		My uncle has lived in Paris for ten years.
			人要为自己的行为负责。		One must be responsible for one's conduct.
			只有为数不多的几个电视节目值得关注。		Only a few TV programs are worth watching.
			我们的方案在最后的时刻失败了。		Our plans fell through at the last minute.
			睡过头不是迟到的理由。		Over-sleeping is no excuse for being late.
			下午请到我办公室来。		Please come to my office in the afternoon.
			麻烦在我离开的时候帮忙照顾我的狗。		Please take care of my dog while I'm away.
			因为健康状况不佳，他没去成旅行。		Poor health prohibited him from traveling.
			她買了六碼的布做衣服。		She bought six yards of cloth for a dress.
			昨天的派对上她并没有如约而至。		She didn't show up at the party yesterday.
			她在吃东西比赛里得了一等奖。		She got first prize in the eating contest.
			她違背了她父親的意願結了婚。		She got married against her father's will.
			她有很多美国朋友。		She has many friends in the United States.
			她坚持让我去看医生。		She insisted that I should see the doctor.
			她想方设法以一己之力完成了工作。		She managed to finish the work on her own.
			她给孩子们读了个有趣的故事。		She read an amusing story to the children.
			她在各方面都像她的母親。		She resembles her mother in every respect.
			她有时候让她的妈妈剪头发。		She sometimes has her mother cut her hair.
			她在那地方待了片刻。		She stayed in that area for a short while.
			不管问了什么，她都能回答。		She was able to answer whatever was asked.
			她将来会是一个有名的艺术家。		She will be a famous artist in the future.
			她会把她的照片给想要的人。		She'll give her photo to whoever wants it.
			我的一些朋友英语说得很好。		Some of my friends can speak English well.
			有些人喜欢运动，有些人不喜欢。		Some people like sports, and others don't.
			有人告诉我这个男孩耳聋。		Someone told me that this boy cannot hear.
			把灯打开。我什么都看不见了。		Switch on the light. I can't see anything.
			我们的车再过十分钟就没油了。		Ten minutes later, our car ran out of gas.
			谢谢你送给我儿子礼物。		Thank you for the present you gave my son.
			那事故是他的粗心导致的。		That accident was due to his carelessness.
			那是我一生中最美好的时光之一。		That was one of the best times of my life.
			那就是我告诉汤姆的。		That's exactly what I've been telling Tom.
			那是我说过的最愚蠢的话了。		That's the stupidest thing I've ever said.
			公交車晚點了十分鐘。		The bus is running about ten minutes late.
			他们差六岁。		The difference in their ages is six years.
			那女孩的头发上绑了一根黄丝带。		The girl wore a yellow ribbon in her hair.
			洗手间的灯坏掉了。		The lights in the bathroom aren't working.
			魔术师吸引了孩子们的注意。		The magician had the children's attention.
			溪流潺潺，催我入眠。		The murmur of the brook lulls me to sleep.
			昨天舉辦了開幕式。		The opening ceremony took place yesterday.
			这些产品的品质是一样的。		The quality of these products is the same.
			河在山丘的另一端。		The river's on the other side of the hill.
			大雨使河水泛滥。		The rivers were flooded by the heavy rain.
			情况一天比一天差。		The situation is getting worse by the day.
			太阳一出来，雪就会融化。		The snow will melt when the sun comes out.
			嫌疑犯目前性别不明。		The suspect's gender is currently unknown.
			富士山顶盖满了雪。		The top of Mt. Fuji was covered with snow.
			列車晚到了十分鐘。		The train arrived ten minutes behind time.
			他们的想法太过时了。		Their way of thinking is behind the times.
			这里现在有了许多新建筑。		There are a lot of new buildings here now.
			有很多的方法可以改善人的一生。		There are many ways to improve one's life.
			动物园里有很多奇怪的动物。		There are some strange animals in the zoo.
			木星的衛星上可能有生命存在。		There may be life on the moons of Jupiter.
			人口穩定地增加。		There was a steady increase in population.
			当时我什么都不能做。		There was nothing I could do at that time.
			没有什么比游泳更让我开心。		There's nothing I like more than swimming.
			没什么能阻止你出发了。		There's nothing to prevent you from going.
			今天汤姆有点奇怪。		There's something strange about Tom today.
			这些工具是用来造房子的。		These tools are used for building a house.
			他们为祖国而战斗。		They fought for the sake of their country.
			他们忙于社会改革。		They were busy working for social reforms.
			他们四十分钟之后下课。		They'll get out of class in forty minutes.
			这本书他们读起来够简单了。		This book is easy enough for them to read.
			他的这本书一点意思也没有。		This book of his isn't interesting at all.
			这块蛋糕尝起来有奶酪的味道。		This cake tastes like it has cheese in it.
			那台电脑是花三千块买的。		This computer cost three thousand dollars.
			这家工厂生产电炉。		This factory manufactures electric stoves.
			这件事至关重要。		This is a matter of the utmost importance.
			这就是发现尸体的房间。		This is the room where the body was found.
			最后一首歌是我为妻子写的一首。		This last song is one I wrote for my wife.
			这场爆炸中有三人丧生。		Three people were killed in the explosion.
			汤姆和我不是抱怨的人。		Tom and I weren't the ones who complained.
			汤姆和玛丽讨论了他们未来的计划。		Tom and Mary discussed their future plans.
			汤姆和玛丽在长凳上交换了位置。		Tom and Mary switched places on the bench.
			汤姆给我们的问题想出了个答案。		Tom came up with an answer to our problem.
			汤姆埋怨玛丽从来不帮他。		Tom complained that Mary never helped him.
			汤姆不能告诉玛丽他知道的所有事。		Tom couldn't tell Mary everything he knew.
			汤姆没有注意到监控摄像头。		Tom didn't notice the surveillance camera.
			汤姆明天能来我们的聚会。		Tom is able to come to our party tomorrow.
			今天下午汤姆和玛丽会一起出去。		Tom is going out this afternoon with Mary.
			汤姆现在应该不是特别饿吧。		Tom is probably not very hungry right now.
			汤姆正站在房间的角落。		Tom is standing in the corner of the room.
			汤姆很清楚我喜欢什么样的发型。		Tom knows exactly how I like my hair done.
			汤姆在他的院子里种了三棵苹果树。		Tom planted three apple trees in his yard.
			汤姆说他今天没有课。		Tom said he didn't have any classes today.
			汤姆说他考虑辞职。		Tom said he's considered quitting his job.
			汤姆和玛丽说他自己做得到。		Tom told Mary he could do that by himself.
			汤姆想让玛丽说爱他。		Tom wanted Mary to say that she loved him.
			汤姆拼命地忍住笑声。		Tom was trying hard not to laugh out loud.
			我们同意了第二天一早开始。		We agreed to start early the next morning.
			谁都希望世界和平。		We are all longing for peace in the world.
			我们早饭的面包刚够吃。		We have barely enough bread for breakfast.
			这个学期我们有两次考试。		We have two examinations during this term.
			我们刚好有时间吃早饭。		We just have enough time to eat breakfast.
			我们会用银行转帐付款。		We will make the payment by bank transfer.
			我们在第三章讨论这个问题。		We'll deal with this problem in Chapter 3.
			我们会在那里待上三周。		We're going to stay there for three weeks.
			我们在找一个漂亮的屋子住。		We're looking for a nice house to live in.
			你在高中的时候胖吗？		Were you fat when you were in high school?
			你昨天早上在打网球吗？		Were you playing tennis yesterday morning?
			你下个周末有什么安排？		What do you have planned for next weekend?
			你觉得对此该做什么？		What do you think should be done about it?
			你们想送汤姆什么圣诞礼物？		What do you want to get Tom for Christmas?
			教育的最终目的是什么？		What is the ultimate purpose of education?
			我们在下周的这个时候要做些什么呢。		What will we be doing this time next week?
			你打算去哪儿过夜？		Where are you planning to spend the night?
			你喜不喜欢没关系。		Whether you like it or not doesn't matter.
			你见到的是两兄弟中的哪一个？		Which one of the two brothers did you see?
			谁跟你说用左手写字的？		Who told you to write with your left hand?
			会不会只有我一个人去聚会？		Will I be the only one going to the party?
			您没必要准备一个正式的演讲。		You don't need to prepare a formal speech.
			你的方向感很好。		You have a really good sense of direction.
			你最好照着医生的建议做。		You'd better do as the doctor advised you.
			你很快就会习惯住在这里。		You'll get used to living here in no time.
			“请把盐递给我。”“拿着。”		"""Pass me the salt, please."" ""Here you are."""
			波斯猫在桌子下面睡觉。		A Persian cat was sleeping under the table.
			化妆太浓的话脸会看着很奇怪。		A face with too much make up looks strange.
			一只狐狸不会两次掉入同一个陷阱里。		A fox isn't caught twice in the same snare.
			从山上走来一只巨大的怪物。		A huge monster is coming down the mountain.
			剧场里涌出一大群人。		A stream of people came out of the theater.
			一个真正的绅士不会出卖他的朋友。		A true gentleman never betrays his friends.
			您睡觉的时候，一个女人来看过我们。		A woman visited us while you were sleeping.
			你睡觉的时候，一个女人来看过我们。		A woman visited us while you were sleeping.
			約有三十箇年輕人到了。		Approximately thirty young people attended.
			你在私立高中读书吗？		Are you a student of a private high school?
			你会去访问其他国家吗？		Are you going to visit any other countries?
			你确定你和汤姆有足够的水吗？		Are you sure you and Tom have enough water?
			汤姆一坐下就开始吃东西。		As soon as Tom sat down, he started eating.
			他一看见警察就逃走了。		As soon as he saw a policeman, he ran away.
			那一刻，时间仿佛静止了。		At that moment, time seemed to stand still.
			汤姆和他的妻子都在澳大利亚长大。		Both Tom and his wife grew up in Australia.
			我得順便給你講件事。		By the way, I've got to tell you something.
			请问你能再告诉我一遍你的名字吗？		Can you please tell me your name once more?
			中国的版图大概是日本的二十五倍。		China has about 25 times the area of Japan.
			您可以再重复一遍刚才说的话吗？		Could you please repeat what you just said?
			你相信死后永生吗？		Do you believe in eternal life after death?
			你知道谁去过澳大利亚的吗？		Do you know anyone who's been to Australia?
			你真的相信那发生了吗？		Do you really believe that's what happened?
			他走路去学校还是骑车去学校？		Does he go to school on foot or by bicycle?
			别忘了在你的信上贴张邮票。		Don't forget to put a stamp on your letter.
			进家门后，我被垫子绊倒了。		Entering the house, I tripped over the mat.
			平等是由宪法保障的。		Equality is guaranteed by the Constitution.
			即使汤姆很有钱，他也开心不起来。		Even though Tom is wealthy, he isn't happy.
			任何人都知道贝尔发明了电话。		Everyone knows Bell invented the telephone.
			所有的物件都在原處。		Everything was where it was supposed to be.
			除了一人，大家都回家了。		Except for one person, everybody went home.
			他问我，是不是知道她的电话号码。		He asked me if I knew her telephone number.
			他不会抛下落难的朋友不管。		He could not forsake his friend in trouble.
			他不仅给了我们衣服，还有一点钱。		He gave us not only clothes but some money.
			他适应了新的生活方式。		He got accustomed to the new way of living.
			他有个随地吐痰的习惯。		He has the habit of spitting on the ground.
			他拥有的书是我拥有的三倍。		He has three times as many books as I have.
			他沉迷于语言学的研究。		He is absorbed in the study of linguistics.
			他担心他父亲的身体。		He is concerned about his father's illness.
			他是日本最伟大的艺术家之一。		He is one of the greatest artists in Japan.
			他被认为是这座城市里最好的律师。		He is reputed the best lawyer in this city.
			他比镇里的其他人都有钱。		He is richer than anyone else in this town.
			他常常坐着看书一连好几个小时。		He often sits for many hours reading books.
			他把车停在大楼前。		He parked his car in front of the building.
			他为了健康，戒烟了。		He quit smoking for the sake of his health.
			他快要睡了。		He was just on the verge of going to sleep.
			他对自己的劳动成果很满意。		He was satisfied with the work he had done.
			他的牙齿被烟熏黄了。		His teeth are yellow from smoking too much.
			我怎么可能是机器人呢？机器人不会做梦。		How could I be a robot? Robots can't dream.
			这本书汤姆看了多久？		How long did it take Tom to read this book?
			你们学校有多少学生？		How many students are there in your school?
			我应该往你的咖啡里放多少糖呢？		How much sugar should I put in your coffee?
			我把车库改造成车间使用。		I adapted the garage for use as a workshop.
			想死你啦！		I can't tell you how much we've missed you.
			我不知道汤姆要被逮捕了。		I didn't know Tom was going to be arrested.
			你刚刚说的，我完全没听明白。		I didn't understand anything you just said.
			我不相信汤姆的说法。		I don't believe Tom's version of the story.
			我今年没时间去度假。		I don't have time for a vacation this year.
			我不知道他来这里的确切时间。		I don't know for certain when he will come.
			我不知道他是什么时候从法国回来的。		I don't know when he came back from France.
			我不喜欢把生意和快乐混在一起。		I don't like to mix business with pleasure.
			我不像我以前那么拖延了。		I don't procrastinate as much as I used to.
			我可不想要坏事发生在我们身上。		I don't want something bad to happen to us.
			我不想这种事发生。		I don't want something like this to happen.
			我不想被牵扯到这件事里。		I don't want to be involved in that matter.
			我不想去汤姆的聚会。		I don't want to go to Tom's birthday party.
			我有一些法语说得好的朋友。		I have a few friends who speak French well.
			我今年去了好几次外国。		I have been abroad several times this year.
			我每六小时要服一次药。		I have to take my medicine every six hours.
			我最近一直睡眠不足。		I haven't been getting enough sleep lately.
			我邀请他去派对，他接受了。		I invited him to the party and he accepted.
			昨天我只是不想去工作。		I just didn't want to go to work yesterday.
			我就想知道到底出了什麼事。		I just want to know what actually happened.
			我敲门，但是没有人回应。		I knocked on the door, but nobody answered.
			我知道汤姆在他房间里换衣服。		I know Tom is in his room changing clothes.
			我需要你的护照和三张照片。		I need your passport and three photographs.
			我注意到她戴着新眼镜。		I noticed that she was wearing new glasses.
			因为闹铃没有响，所以我继续睡下去了。		I overslept because my alarm didn't go off.
			我承认他说的是事实。		I recognize that what he says is the truth.
			我拒绝被你像奴隶一样对待。		I refuse to be treated like a slave by you.
			我看到我要等的那个人就站在那儿。		I saw the person I expected standing there.
			我昨晚应该早点睡觉的。		I should've gone to bed earlier last night.
			我上高中的时候学过法语。		I studied French when I was in high school.
			我建議你轉身回家。		I suggest you turn around and go back home.
			我觉得汤姆不太可能会当选。		I think it's unlikely Tom will get elected.
			我覺得你的法文大有改善。		I think your French has gotten much better.
			我希望所有人都来帮我打扫房子。		I want everyone to help me clean the house.
			我想知道为什么汤姆要我们那样做。		I want to know why Tom wants us to do that.
			我要知道为什么汤姆要我们那样做。		I want to know why Tom wants us to do that.
			我想知道汤姆为什么要我们那样做。		I want to know why Tom wants us to do that.
			我要知道汤姆为什么要我们那样做。		I want to know why Tom wants us to do that.
			我想给我朋友选个礼物。		I want to pick out a present for my friend.
			我等了接近半小时。		I was kept waiting for nearly half an hour.
			我去车站为我朋友送行。		I went to the station to see my friend off.
			我在想有多少加拿大人住在波士頓。		I wonder how many Canadians live in Boston.
			不知道明天天气会怎么样呢？		I wonder what the weather will be tomorrow.
			我想和你一起去音乐会。		I would like to go to the concert with you.
			我会不高兴，但我不会自杀。		I'd be unhappy, but I wouldn't kill myself.
			我要去商店給你買些酒。		I'll go to the store and buy you some wine.
			我搞明白了会告诉你。		I'll let you know when I've figured it out.
			我永远不会忘记那次跟她一起去夏威夷。		I'll never forget going to Hawaii with her.
			如果我没忘了的话，我会叫汤姆做那件事。		I'll tell Tom to do that if I don't forget.
			恐怕就这点上，我和你持不同意见。		I'm afraid I differ with you on this point.
			我恐怕不是个很好的伙伴。		I'm afraid I wouldn't be very good company.
			我只是在写一封信给我的女友。		I'm just writing a letter to my girlfriend.
			不好意思我发音不太好。		I'm sorry my pronunciation isn't very good.
			我最后一次被汤姆骗。		I've been lied to by Tom for the last time.
			如果他是清白的，那他妻子就有罪。		If he is innocent, then his wife is guilty.
			如果他努力学习，他会通过考试的。		If he studied hard, he would pass the test.
			要是不知道路的话去问警察吧。		If you don't know the way, ask a policeman.
			哪个队赢得比赛并不重要。		It doesn't matter which team wins the game.
			赠与比接受更让人觉得幸福。		It is more blessed to give than to receive.
			学会一门外语不容易。		It is not easy to learn a foreign language.
			今天没昨天冷。		It isn't as cold today as it was yesterday.
			霧太大了，我看不清楚是誰。		It was so foggy I couldn't tell who it was.
			這真的跟我所預期的不同。		It's really different from what I expected.
			你能承认你错了是很伟大的。		It's very big of you to admit you're wrong.
			在这个城市，很难打到的。		It's very hard getting a taxi in this city.
			这个城市很难打到出租车。		It's very hard getting a taxi in this city.
			日本依賴進口原料。		Japan depends on imports for raw materials.
			让我来帮你吧。你的包看起来很重。		Let me help you. Your bag looks very heavy.
			考虑一下最坏的情况下会发生什么。		Let's consider the worst that could happen.
			这钱你和我分了吧。		Let's divide this money between you and me.
			等雨停了，我们去散步吧。		Let's go for a walk after it stops raining.
			伦敦是全世界最大的城市之一。		London is among the world's largest cities.
			许多移民改了名字。		Many of the immigrants changed their names.
			许多学生喜欢在早上学习。		Many students like to study in the morning.
			有很多工人被困在煤矿里了。		Many workers were trapped in the coal mine.
			结婚是所有离婚的主要原因。		Marriage is the main cause of all divorces.
			我弟弟手里拿着一个摄像机。		My brother is holding a camera in his hand.
			我弟弟在车祸中受了伤。		My brother was injured in the car accident.
			我哥在车祸中受伤了。		My brother was injured in the car accident.
			过去，我父亲常常喝酒直到深夜。		My father used to drink till late at night.
			我祖父的照片在墙上挂着。		My grandfather's photograph is on the wall.
			妈妈起得比谁都早。		My mother gets up earlier than anyone else.
			我的鄰居把她的屋子翻新了一遍。		My neighbor renovated her house completely.
			我的姐姐经常就着牛奶喝茶。		My older sister often drinks tea with milk.
			我妹妹每周上两次钢琴课。		My sister takes piano lessons twice a week.
			大自然在我们的生活中扮演着重要的角色。		Nature plays an important role in our life.
			交通事故没有一天是不在发生的。		Not a day passes without traffic accidents.
			信一写好，他就把它寄了。		Once he had written the letter, he sent it.
			一个人帮不了许多个，但许多人能帮助一个。		One can't help many, but many can help one.
			拥有一切的人可能会失去一切。		One who has everything can lose everything.
			我们的老师非常有幽默感。		Our teacher has a wonderful sense of humor.
			人们因为洪水被疏散了。		People were evacuated because of the flood.
			过马路时请小心。		Please be careful when crossing the street.
			决定好的话请第一时间告诉我。		Please let me know as soon as it's decided.
			穿上你的鞋，我们出去吃晚饭。		Put on your shoes. Let's go out for dinner.
			她能很准确地评估投资。		She can assess investments very accurately.
			她持有与我不同的观点。		She has a view that is different from mine.
			她喜欢网球并成为了一个网球教练。		She liked tennis and became a tennis coach.
			她常常利用他的无知。		She often takes advantage of his ignorance.
			她成功地从他口中得知了真相。		She successfully got him to tell the truth.
			她总和她父母吵架。		She was always quarreling with her parents.
			她为自己孩子的行为感到羞耻。		She was ashamed of her children's behavior.
			她比其他人都漂亮。		She was more beautiful than all the others.
			她太过好奇，以至于打开了盒子。		She was so curious that she opened the box.
			她笑眯眯的对我招手。		She waved her hand to me, smiling brightly.
			她进了她的房间换裙子。		She went into her room to change her dress.
			她一心一意地工作。		She works with single-minded determination.
			足球在巴西是最受欢迎的运动。		Soccer is the most popular sport in Brazil.
			八减去三就能得到五。		Subtract three from eight and you get five.
			比我想象中的更简单。		That was easier than I thought it would be.
			这是条有趣的信息。		That's an interesting piece of information.
			这刚好是我想看到它发生的。		That's exactly what I wanted to see happen.
			地图上的蓝线代表河流。		The blue lines on the map represent rivers.
			教堂在村子的中心位置。		The church is in the middle of the village.
			很快，城市就被士兵占领了。		The city was soon occupied by the soldiers.
			地球的外形和橙子相似。		The earth is similar to an orange in shape.
			公司由于缺乏资本倒闭了。		The firm went under due to lack of capital.
			园丁后来发现就是凶手。		The gardener turned out to be the murderer.
			女孩给了我一枝红玫瑰和一枝白玫瑰。		The girl brought me a red and a white rose.
			冰厚得足以让我在上面走路。		The ice was thick enough for me to walk on.
			孩子们正在花园里摘花。		The kids are picking flowers in the garden.
			润滑系统设计得不好。		The lubrication system was poorly designed.
			我在洗澡的时候，电话响了。		The phone rang while I was taking a shower.
			检察官问了我一个引导性的问题。		The prosecutor asked me a leading question.
			解决问题最简便的方法往往是最好的办法。		The simplest solutions are always the best.
			昨天这家商店正好人满为患。		The store happened to be crowded yesterday.
			山顶被雪覆盖了。		The top of the mountain is covered in snow.
			理论得联系实际。		Theory and practice should go hand in hand.
			林子大了什么鸟都有。		There are all kinds of people in the world.
			今天的雲比昨天的多。		There are more clouds today than yesterday.
			装病是没用的。		There is no point in pretending to be sick.
			有个问题你没有想到。		There's a problem there that you don't see.
			他们就快从香港抵达了。		They are arriving here soon from Hong Kong.
			他们在仔细观看发生了什么。		They are watching what's happening closely.
			他们要求市长辞职。		They demanded that the mayor should resign.
			他们给图书馆提供了很多书。		They furnished the library with many books.
			他们说情况只是暂时的。		They said the situation was only temporary.
			他们这么热情的欢迎我，让我感觉家人一样。		They welcomed me warmly, so I felt at home.
			他们只对卖书有兴趣。		They were only interested in selling books.
			这本书对你来说读起来太难了。		This book is too difficult for you to read.
			这个椅子坐着真舒服。		This chair is really comfortable to sit on.
			这家工厂生产汽车配件。		This factory manufactures automobile parts.
			这家店在卖蔬菜。		This store is currently selling vegetables.
			汤姆建议我不要买二手车。		Tom advised me not to buy a secondhand car.
			汤姆和玛丽关系很好。		Tom and Mary have a very good relationship.
			汤姆把头撞到车顶了。		Tom bumped his head on the roof of the car.
			汤姆一个月来这里三四次。		Tom comes here three or four times a month.
			汤姆昨天没有买新车吧？		Tom didn't buy a new car yesterday, did he?
			汤姆不知道玛丽对它怎么想。		Tom didn't know what Mary thought about it.
			汤姆在他搬去波士顿后的两天死了。		Tom died two days after he moved to Boston.
			汤姆不知道贫穷的感受。		Tom doesn't know what it's like to be poor.
			汤姆不介意偶尔给予玛丽帮助。		Tom doesn't mind helping Mary occasionally.
			汤姆不记得他把钥匙放在哪里了。		Tom doesn't remember where he put his keys.
			汤姆和他的朋友们在公园喝醉了。		Tom got drunk with his friends in the park.
			汤姆远比我们班其他男孩高。		Tom is by far the tallest boy in our class.
			汤姆只是在装没兴趣。		Tom is only pretending he isn't interested.
			汤姆正给他的好友写信。		Tom is writing a letter to his best friend.
			汤姆在给他最好的朋友写信。		Tom is writing a letter to his best friend.
			汤姆环顾四周，发现自己迷路了。		Tom looked around and realized he was lost.
			汤姆看他在镜中的映像。		Tom looked at his reflection in the mirror.
			汤姆认为那是个玩笑，但是没人笑。		Tom meant it as a joke, but nobody laughed.
			汤姆要亲我，但我不让他亲。		Tom tried to kiss me, but I didn't let him.
			汤姆年轻的时候经常游泳。		Tom used to swim a lot when he was younger.
			汤姆想知道玛丽是否有男朋友？		Tom wanted to know if Mary had a boyfriend.
			汤姆人在心不在。		Tom was there physically, but not mentally.
			汤姆并不是玛丽说得那样英俊。		Tom wasn't as handsome as Mary said he was.
			汤姆会在下周一从波士顿回来。		Tom will come back from Boston next Monday.
			汤姆想知道玛丽在哪里学会了法语。		Tom wondered where Mary had learned French.
			汤姆的父母不是特别高兴。		Tom's parents weren't particularly pleased.
			我们不能高估健康的价值。		We cannot overestimate the value of health.
			我们有权搜查你的公寓。		We have a warrant to search your apartment.
			我们周三下午没课。		We have no classes on Wednesday afternoons.
			我们今天得去养老院唱歌。		We have to sing at an old folks home today.
			我们整个夏天都和他们待在一起。		We stayed with them all through the summer.
			我们还有许多别的事情要讨论。		We still have many other things to discuss.
			雨不停，我们不会出去。		We won't go out if it doesn't stop raining.
			如果明天天气好，那么我们就去野餐。		We'll go on a picnic if it's fine tomorrow.
			没有女人的话，世界会是什么样？		What would the world be like without women?
			你说的话给我留下了很深刻的印象。		What you said left a deep impression on me.
			你明天这个时候会是在做什么？		What'll you be doing at this time tomorrow?
			当我打开门的时候，我发现他睡着了。		When I opened the door, I found him asleep.
			灯灭了，汤姆点起了蜡烛。		When the lights went out, Tom lit a candle.
			有了坚定的目标，你会做得很好。		With a firm goal in mind, you will do well.
			你可以向别人撒谎，但你没法对自己撒谎。		You can lie to others, but not to yourself.
			但你很可能猜得到会发生什么。		You can probably guess what happens though.
			通过诋毁别人，你得不到什么。		You gain nothing by speaking ill of others.
			不要嫉妒其他人的成功。		You must not be jealous of others' success.
			你要告诉我你到底想让我干嘛。		You need to tell me what you want me to do.
			你本不该透露秘密的。		You ought not to have disclosed the secret.
			你应该带护照去银行。		You should bring your passport to the bank.
			你应该让个医生看看。		You should have a doctor take a look at it.
			你应该认真考虑在这里工作的事。		You should seriously consider working here.
			你告诉汤姆你可以做到，是吗？		You told Tom you could do that, didn't you?
			你很快就会习惯在大庭广众说话了。		You'll soon get used to speaking in public.
			你的计划需要一大笔钱。		Your plan requires a large amount of money.
			森林外有一个美丽的湖泊。		A beautiful lake lay just beyond the forest.
			狡兔三窟。		A fox is not caught twice in the same snare.
			一百多个人在一个火车事故中受了伤。		A hundred people were hurt in a train wreck.
			一座新的教学楼正在建设。		A new school building is under construction.
			据广播里讲，明天会下雪。		According to the radio, it'll snow tomorrow.
			我的一个叔叔给我了一些有用的建议。		An uncle of mine gave me some useful advice.
			有谁想一起去吃饭吗？		Anybody wanna grab something to eat with me?
			舞台上有著名音乐家吗？		Are there any famous musicians on the stage?
			你不能把你的东西搬去另一个房间吗？		Can't you move your stuff to the other room?
			华盛顿的樱花现在开放。		Cherry trees are now in bloom in Washington.
			圣诞节绝对是我最喜欢的节日。		Christmas is definitely my favorite holiday.
			电脑为我们节省了很多时间，解决了很多问题。		Computers save us a lot of time and trouble.
			你在电视上看足球赛了吗？		Did you watch the soccer game on television?
			你真想让我马上到那里去吗？		Do you really want me to go there right now?
			不要忘记吸烟对你的健康有害。		Don't forget smoking is bad for your health.
			我妈在的时候别讨论这件事。		Don't talk about it in my mother's presence.
			不要在意，不是你的问题。		Don't worry about it. It's not your problem.
			大家都知道她的英语说得很好。		Everybody knew she could speak English well.
			用优质材料做的家具卖得很好。		Furniture made of good materials sells well.
			如果我知道的话，我早就已经告诉你了。		Had I known about it, I would have told you.
			你跟汤姆谈过发生了什么吗？		Have you and Tom talked about what happened?
			你最近检查视力了吗？		Have you had your eyesight checked recently?
			因为住过东京，我对这个城市非常了解。		Having lived in Tokyo, I know the city well.
			他向她求婚，而她同意了。		He asked her to marry him, and she accepted.
			他认为他不需要他们的保护。		He did not think he needed their protection.
			他享有私人教学的特权。		He had the privilege of a private education.
			他履行了他的承诺，并且帮助了他的兄弟。		He kept his promise and helped his brothers.
			他失去了平衡，从梯子上摔了下来。		He lost his balance and fell off the ladder.
			他给我看了他最新剧的底稿。		He showed me the manuscript of his new play.
			他白天睡觉，晚上工作。		He sleeps during the day and works at night.
			猴子跳到他身上的时候，他受到了惊吓。		He was scared when the monkey jumped at him.
			他迈着稳健的步伐登上了山丘。		He was walking up the hill at a steady pace.
			他昨晚都在工作，彻夜未眠。		He worked last night without taking a break.
			他是国立大学的一名教授。		He's a professor at the National University.
			想吃什么就吃什么吧。		Help yourself to anything you'd like to eat.
			她的成功讓她受盡嫉妒。		Her success made her the target of jealousy.
			他的名字在这个地区人尽皆知。		His name is known to everybody in this area.
			为什么玛丽和他去野餐？		How come Mary is going on a picnic with him?
			怎么会有这么多的人同意呢？		How could so many people go along with this?
			去火车站要多久？		How long does it take to get to the station?
			我对你不负责任的态度感到惊讶。		I am alarmed by your irresponsible attitude.
			我不了解他所說的事情。		I couldn't understand anything that he said.
			我不想参加典礼。		I don't want to participate in the ceremony.
			我不想在这些条件下工作。		I don't want to work under these conditions.
			我走進了房間與他握手。		I entered the room and shook hands with him.
			我听说你在试图帮助汤姆的时候受伤了。		I heard you were injured trying to help Tom.
			我匆匆忙忙，为的是能赶上第一班火车。		I hurried in order to catch the first train.
			我知道你不想去的真实原因。		I know the real reason you don't want to go.
			我住在波士顿，但我出生在芝加哥。		I live in Boston, but I was born in Chicago.
			我三天前第一次见汤姆。		I met Tom for the first time three days ago.
			我没有一次演讲的时候是不紧张的。		I never make a speech without being nervous.
			我把书放下来然后开灯。		I put the book down and turned on the light.
			昨天我第一次骑了马。		I rode a horse for the first time yesterday.
			我把钱都花在衣服、食物和书籍上了。		I spent my money on clothes, food and books.
			我觉得你应该赶紧走。		I think you should leave as soon as you can.
			我认为你比你想象的更强。		I think you're a lot stronger than you know.
			我本以为汤姆愿意了解这件事。		I thought Tom would want to know about that.
			我曾经每周末都和朋友外出。		I used to go out with friends every weekend.
			门铃响的时候，我正准备出门。		I was about to leave when the doorbell rang.
			我不知道明天会不会下雨。		I wonder whether or not it'll rain tomorrow.
			我奇怪他们为什么在表里把我的名字落下了。		I wonder why they left my name off the list.
			我每个周末早上工作三小时。		I work for three hours every Sunday morning.
			我不想在城镇的那个地方买房		I wouldn't buy a house in that part of town.
			我想找一种提升记忆力的方法。		I'd like to find a way to improve my memory.
			我想跟你这样的人结婚。		I'd like to get married to someone like you.
			我会在这儿再待上三天。		I'll be staying here for another three days.
			我明早八点来接你。		I'll call for you at eight tomorrow morning.
			我被他英语的快速进步惊呆了。		I'm amazed at his rapid progress in English.
			我很确定汤姆住在公园街。		I'm fairly certain Tom lives on Park Street.
			我在修理回家路上捡到的收音机。		I'm fixing the radio I found on my way home.
			我期盼著下週見到你。		I'm looking forward to seeing you next week.
			我確定我能找點給你做的事。		I'm sure I can find something for you to do.
			如果明天天气好，我们就去野餐。		If it's fine tomorrow, we'll go on a picnic.
			如果你不离开，我就放狗出来咬你。		If you don't leave, I'll sic my dogs on you.
			如果你唱歌了，他们就会把你踢出酒吧。		If you sang, they'd kick you out of the bar.
			想像力影响着我们生活的各个方面。		Imagination affects every part of our lives.
			要这么做，你需要冒险。		In order to do that, you have to take risks.
			跳上一列正在开的火车是很危险的。		It is dangerous to jump onto a moving train.
			你没必要辞掉工作。		It is not necessary for you to quit the job.
			这并不像一般人觉得的那么容易。		It isn't as easy to do that as people think.
			区分善恶不容易。		It isn't easy to distinguish good from evil.
			我觉得她有点自私。		It seems to me that she is a little selfish.
			差不多该回去了。		It's getting to be time for me to head back.
			要我解释给你听是不可能的。		It's impossible for me to explain it to you.
			是在这点上我们的意见有分歧。		It's on this point that our opinions differ.
			這裡真的很暗，我什麼都看不到。		It's really dark here. I can't see anything.
			现在谈这件事还为时过早。		It's still too early to talk about this now.
			日本位於北半球。		Japan is located in the Northern Hemisphere.
			亲吻一个抽烟的人就像在舔烟灰缸。		Kissing a smoker is like licking an ashtray.
			幸运的是他有足够的钱来付账。		Luckily he had enough money to pay the bill.
			母爱比任何别的东西都伟大。		Maternal love is greater than anything else.
			我爸爸是哈佛大学毕业的。		My father graduated from Harvard University.
			我爸爸经常去美国出差。		My father often goes to America on business.
			我的业余爱好是拍野花的照片。		My hobby is taking pictures of wild flowers.
			我母親做的糕餅是這世上最好的。		My mother makes the best cakes in the world.
			我父母那一代经历过战争。		My parents' generation went through the war.
			我的儿子每次乘坐公交车都会晕车。		My son always gets sick when he rides a bus.
			我叔叔在車站附近有一家花店。		My uncle has a flower shop near the station.
			汤姆和玛丽减肥都没减下来。		Neither Tom nor Mary has been losing weight.
			没有人知道地震何时会来。		Nobody knows when the earthquake will occur.
			总体上说，日本人很保守。		On the whole, the Japanese are conservative.
			去我们学校比去火车站要远。		Our school is further away than the station.
			请让我在那栋房子前下车。		Please let me off in front of that building.
			你可能对花粉或灰尘过敏。		Probably you are allergic to pollen or dust.
			如果你想活得久一点就戒烟。		Quit smoking if you don't want to die early.
			阅读一本书可以比作一次旅行。		Reading a book can be compared to a journey.
			真正的友谊比金钱更有价值。		Real friendship is more valuable than money.
			她一直带奶奶去散步。		She always takes her grandmother for a walk.
			她发现她已经断盐了。		She discovered that she had run out of salt.
			她没像你那样有耐心。		She doesn't have as much patience as you do.
			她不喜欢不守时的人。		She doesn't like people who aren't punctual.
			她可能迟到，然后我们就要等。		She may be late, in which case we will wait.
			她为她的家人准备健康餐。		She prepares wholesome meals for her family.
			她告诉了他自己相信占星术。		She told him that she believed in astrology.
			她警告他晚上不要一个人出去。		She warned him not to go out at night alone.
			她一直和她的兄弟争吵。		She was always quarreling with her brothers.
			她手里握着一把小阳伞。		She was holding a small parasol in her hand.
			有人看見他和情人在飯店吃飯。		She was seen at a restaurant with her lover.
			她已经五天不上学了。		She's been absent from school for five days.
			我们应该对人使用基因编辑吗？		Should we use genetic engineering on people?
			国家不同，习俗各异。		Social customs vary from country to country.
			洗衣机有些不对劲。		Something is wrong with the washing machine.
			有时候盟军无法避免战争。		Sometimes the Allies could not avoid battle.
			电视在日常生活中起着重要的作用。		TV plays an important part in everyday life.
			這公司主要做進口貨物的生意。		That company deals mainly in imported goods.
			这音乐值得听许多次。		That music is worth listening to many times.
			这是我听过最荒谬的想法。		That's the most absurd idea I've ever heard.
			他有可能已經得知這消息。		The chances are he's already heard the news.
			生产日期在盖子上。		The date of manufacture is shown on the lid.
			被告会向上级法院上诉。		The defendant will appeal to a higher court.
			工程师告诉我们如何使用机器。		The engineer told us how to use the machine.
			他买的第一项东西是一个闹钟。		The first item he bought was an alarm clock.
			他昨天抓住的鱼一直还活着。		The fish he caught yesterday is still alive.
			花园被木栅栏围了起来。		The garden was surrounded by a wooden fence.
			一等奖是公主的香吻。		The grand prize is a kiss from the princess.
			你在车站遇到的男人是我爸爸。		The man you met at the station is my father.
			你在车站遇到的男人是我爸。		The man you met at the station is my father.
			橙子在我嘴里留下了一种奇怪的味道。		The orange left a strange taste in my mouth.
			警察到达了事故现场。		The police got to the scene of the accident.
			二加三加四的和是九。		The sum of two plus three plus four is nine.
			天气预报一点也不可靠。		The weather forecast is not reliable at all.
			天气又冷又湿。		The weather was not only cold, but also wet.
			等候室里有五位患者。		There are five patients in the waiting room.
			这个问题似乎没有答案。		There seemed to be no answer to the problem.
			山坡上有一个茅屋。		There was a cottage on the side of the hill.
			山坡上有一间小屋。		There was a cottage on the side of the hill.
			山坡上有一间村屋。		There was a cottage on the side of the hill.
			这些是我的书，而那些是他的书。		These are my books, and those are his books.
			他们指责我没有信守诺言。		They accused me of having broken my promise.
			他们很快就聊起来了。		They fell into the conversation immediately.
			他们说高尔夫在日本很流行。		They say that golf is very popular in Japan.
			他们出发去南极探险。		They went on an expedition to the Antarctic.
			这个产品称它能帮助你减肥。		This product claims to help you lose weight.
			汤姆是我认识的人当中游泳最快的。		Tom can swim faster than anyone else I know.
			汤姆小时候不喜欢菠菜。		Tom didn't like spinach when he was a child.
			汤姆没明白老师说了什么。		Tom didn't understand what the teacher said.
			汤姆找到了他以为已经遗失的钥匙。		Tom found the key that he thought he'd lost.
			汤姆把他想去的地方列成了一张清单。		Tom made a list of places he wants to visit.
			汤姆说玛丽看起来很失望。		Tom said that Mary looked very disappointed.
			汤姆认为玛丽可能有进食障碍。		Tom thinks Mary may have an eating disorder.
			汤姆通常早饭只吃燕麦。		Tom usually only eats oatmeal for breakfast.
			汤姆很不好意思去求帮忙。		Tom was embarrassed to have to ask for help.
			汤姆进房间时没有微笑。		Tom wasn't smiling when he entered the room.
			汤姆用棍子在沙上写了他的名字。		Tom wrote his name in the sand with a stick.
			翻译这个句子会很容易。		Translating this sentence will be very easy.
			我们都认为您的想法是行不通的。		We all consider your idea to be impractical.
			我们都认为你的想法是行不通的。		We all consider your idea to be impractical.
			我们有一节关于环境污染的讲座。		We had a lecture on environmental pollution.
			我们没机会赢那些一流选手。		We have no chance against those top players.
			我们研究了政府的经济政策。		We studied the government's economic policy.
			我们想在澳大利亚过蜜月。		We want to spend our honeymoon in Australia.
			当汤姆赢了比赛，我们都很惊讶。		We were all surprised when Tom won the race.
			你们今天下午在学校做些什么？		What are you doing at school this afternoon?
			你磨蹭什么呀，快点去吧。		What are you lingering for? Hurry up and go.
			你觉得那些日本作家怎么样？		What do you think of those Japanese writers?
			你一共花了多少钱？		What is the total amount of money you spent?
			什么是您最大的灵感来源？		What is your greatest source of inspiration?
			我乘几路车去怀基基？		What number bus do I take to get to Waikiki?
			你对美国印象如何？		What's your impression of the United States?
			哪个更好，红线呢还是白线？		Which is better, red thread or white thread?
			谁能说将来会发生什么呢。		Who can tell what will happen in the future?
			为什么今天火车站没有出租车？		Why are there no taxis at the station today?
			好天气能持续到明天吗？		Will the fine weather keep up till tomorrow?
			你能告诉我一点关于汤姆的事吗？		Would you please tell me a little about Tom?
			你能用圆珠笔写吗？		Would you please write with a ballpoint pen?
			你不懂这句句子，不是吗？		You can't understand this sentence, can you?
			你还没洗手，不是吗？		You haven't washed your hands yet, have you?
			或許你不記得我了，但是我記得你。		You may not remember me, but I remember you.
			你可能不記得我了，但我記得你。		You may not remember me, but I remember you.
			你其实没必要带伞。		You needn't have taken an umbrella with you.
			你是我想嫁的那种人。		You're the kind of person I'd like to marry.
			“上周你看电视了吗？”“没有，我没看。”		"""Did you watch TV last week?"" ""No, I didn't."""
			“他明天去游泳吗？”“没错”		"""Is he going to swim tomorrow?"" ""Yes, he is."""
			一大群人聚在一起看巡游。		A crowd of people gathered to see the parade.
			暴风雨过后，他们的房子成了废墟。		After the hurricane, their house was a wreck.
			酒的消费每年都在上升。		Alcohol consumption is increasing every year.
			你们准备参加会议吗？		Are you planning to take part in the meeting?
			众所周知，空气是多种气体的混合体。		As everyone knows, air is a mixture of gases.
			因为下雪了，我什么也没能看见。		Because of the snow, I couldn't see anything.
			在加拿大的人說法語和英語。		Both French and English are spoken in Canada.
			西藍花是最健康的蔬菜之一。		Broccoli is one of the healthiest vegetables.
			西蘭花是最健康的蔬菜之一。		Broccoli is one of the healthiest vegetables.
			看完这封信请把它烧掉。		Burn this letter after you finish reading it.
			你能帮我把这译成法语吗？		Could you help me translate this into French?
			你真的以为我会帮你吗？		Did you really think I was going to help you?
			你参加社团活动吗？		Do you take part in any community activities?
			医生发现了一些令人吃惊的事实。		Doctors have discovered some startling facts.
			英语成为了一门国际语言。		English has become an international language.
			父親給我買了最新型的摩托車。		Father bought me the latest model motorcycle.
			佛罗伦萨是意大利最美丽的城市。		Florence is the most beautiful city in Italy.
			他失信了，这让他妻子生气。		He broke his word, which made his wife angry.
			他和班上其他男生一样聪明。		He is as smart as any other boy in the class.
			他寻找一切可能的逃生途径。		He looked for every possible means of escape.
			他失去了平衡，从自行车上摔了下来。		He lost his balance and fell off his bicycle.
			今天早上他收到好多信。		He received quite a few letters this morning.
			他努力学习，为的是能够考上大学。		He studied hard in order to get into college.
			人们认为，他完全能胜任这个工作。		He was considered very qualified for the job.
			当他听到那个新闻的时候，他感动得哭了。		He was moved to tears when he heard the news.
			他在车祸中受了重伤。		He was seriously injured in the car accident.
			他写了本关于美国南北战争的书。		He wrote a book about the American Civil War.
			他是营销部的负责人。		He's the manager of the marketing department.
			她的演技堪比专业人士。		Her acting is on the level of a professional.
			纽约市的人口有多少？		How large is the population of New York City?
			你打算在这个国家待多久？		How long do you plan to stay in this country?
			走着去火车站要多久？		How long does it take to walk to the station?
			快点，不然你吃午饭就要迟到了。		Hurry up, otherwise you'll be late for lunch.
			我承認我不知道怎麼做。		I admitted that I didn't know how to do that.
			我的早餐總是咖啡和土司。		I always have coffee and toast for breakfast.
			目前我待在酒店。		I am staying at the hotel for the time being.
			在他倒下前我抓住了他的手臂。		I caught him by the arm before he could fall.
			我能听见鸟在窗外歌唱。		I could hear birds singing outside my window.
			我无法忍受她傲慢的态度。		I couldn't put up with her arrogant behavior.
			我不知道是否該同意或拒絕。		I do not know whether to accept or to refuse.
			我今天早上不想散步。		I don't feel like taking a walk this morning.
			我不知道那是不是汤姆想要的。		I don't know if that's what Tom wants or not.
			我不太喜欢他，其实我讨厌他。		I don't really like him, in fact, I hate him.
			我不记得事故的情况。		I don't remember anything about the incident.
			我觉得不会有更多学生想来了。		I don't think any more students want to come.
			我不明白您想说什么。		I don't understand what you're trying to say.
			我这个下午本来想去逛街。		I had intended to go shopping this afternoon.
			我必须在礼拜六之前把书还回去。		I have to give back the book before Saturday.
			这几天我脑袋里的事情太多了。		I have too many things on my mind these days.
			我刚跟汤姆的一些朋友吃了晚饭。		I just had dinner with some of Tom's friends.
			昨天我第一次打了网球。		I played tennis for the first time yesterday.
			我记得我把书还到图书馆了。		I remember returning the book to the library.
			除了雨天我每天都散步。		I take a walk every day except when it rains.
			我认为采用他的计划对我们比较好。		I think it's better for us to adopt his plan.
			我通常星期天要到中午才起床。		I usually don't get up until noon on Sundays.
			我想特别强调这一点。		I want to emphasize this point in particular.
			我想为你今天所做的事感谢你。		I wanted to thank you for what you did today.
			我一回到家就打电话给你。		I will give you a call as soon as I get home.
			我希望我能买下你想要的所有东西。		I wish I could buy you everything you wanted.
			我当初要是买音乐会的票就好了。		I wish I had bought a ticket for the concert.
			不知道第三次世界大战会不会爆发。		I wonder if a third world war will break out.
			我会尽快处理这问题。		I'll deal with this problem as soon as I can.
			我会尽量不打扰你复习。		I'll do my best not to disturb your studying.
			我会在回家的路上顺便去邮局。		I'll drop by the post office on the way home.
			我期待您的消息。		I'm looking forward to hearing from you soon.
			我不確定，但我覺得我知道要去哪裡。		I'm not sure, but I think I know where to go.
			每个傍晚我都会喂我的狗狗们。		I've always fed my dogs in the early evening.
			我这两天感觉难受。		I've been feeling sick for the past few days.
			我决定告诉汤姆发生了什么事情。		I've decided to tell Tom about what happened.
			我必须停止吃那么甜的冰激凌。		I've got to stop eating such sweet ice cream.
			如果明天下雨，我就待在家。		If it rains tomorrow, I'll just stay at home.
			如果你有任何问题，畅所欲言		If you have any questions, feel free to call.
			不要听风就是雨。		If you hear hoofbeats, don't look for zebras.
			如果你发现错误，那就请你纠正它。		If you see a mistake, then please correct it.
			黑海里的水事实上是黑的吗？		Is the water in the Black Sea actually black?
			我花了五十美元修好了手表。		It cost me 50 dollars to have my watch fixed.
			他跟她说这样的话真是太残忍了。		It is cruel of him to say such things to her.
			这不是一个漏洞，而是一个没有写进文档的特性。		It isn't a bug. It's an undocumented feature.
			完全忽视汤姆不会是明智的。		It wouldn't be wise to ignore Tom completely.
			汤姆到这里要花好长时间。		It'll take too much time for Tom to get here.
			你该上学去了，不是吗？		It's high time you left for school, isn't it?
			帮我看会儿孩子。		Keep an eye on the child for me for a moment.
			讓我送你到車站吧。		Let me give you a lift as far as the station.
			生活并不总是如我们所愿。		Life doesn't always go the way we want it to.
			我弟弟似乎在大学过得很愉快。		My brother seems to enjoy himself at college.
			我父親總是說話很大聲。		My father always speaks in a very loud voice.
			我的祖父通常在六點鐘吃早餐。		My grandfather usually eats breakfast at six.
			我母亲买了两瓶橙汁。		My mother bought two bottles of orange juice.
			所有的老师都无法解决这个问题。		None of the teachers could solve the problem.
			这道题目没有一位老师会做。		None of the teachers could solve the problem.
			我们的朋友完成了比赛，得了第二名。		Our friend finished the race in second place.
			这些蛋糕中我最喜欢这个。		Out of these cakes, I like this one the best.
			会为你说谎的人，就会对你说谎。		People who will lie for you, will lie to you.
			请提醒我明天把报告寄了。		Please remind me to mail the report tomorrow.
			請把這句話翻譯成日文。		Please translate this sentence into Japanese.
			难民从整个国家涌来。		Refugees poured in from all over the country.
			她问我喜不喜欢这个计划。		She asked me whether I liked the plan or not.
			她需要上英语补习班。		She has to take a remedial course in English.
			她下午会洗自行车。		She is going to wash the bike this afternoon.
			她把头枕在母亲的肩膀上。		She rested her head on her mother's shoulder.
			她把头垂在她母亲的肩上。		She rested her head on her mother's shoulder.
			先生，您把您的打火机留在桌子上了。		Sir, you have left your lighter on the table.
			一些抽象藝術是很難理解的。		Some abstract art is difficult to understand.
			一些疾病的产生原因是基因缺陷。		Some diseases are caused by a defective gene.
			他们中的一些人身体健康，但是其他人不是。		Some of them are healthy, but others are not.
			有些乘客抱怨服务态度不好。		Some passengers complained about the service.
			有人把我新车的挡风玻璃砸碎了。		Someone smashed the windshield of my new car.
			进教室时请脱下帽子。		Take off your hat when you enter a classroom.
			进教室的时候请把帽子摘了。		Take off your hat when you enter a classroom.
			这是世界上最美妙的声音。		That's the most beautiful sound in the world.
			哥伦比亚政府要了更多的钱。		The Colombian government demanded more money.
			总统拒绝回答那个问题。		The President refused to answer the question.
			猫弓起背，伸了个懒腰。		The cat arched its back and stretched itself.
			厨师每天准备不同的菜。		The cook prepares different dishes every day.
			在全体职员回家后，火事爆发了。		The fire broke out after the staff went home.
			花园里的花需要浇水。		The flowers in the garden need to be watered.
			这个男子竟然是一个私家侦探。		The man turned out to be a private detective.
			河边的老教堂很漂亮。		The old church by the lake is very beautiful.
			旧村屋有它自己一定的魅力。		The old cottage has a certain charm about it.
			老人小心翼翼地过了马路。		The old man walked across the road carefully.
			绳子不够牢固，撑不住他。		The rope wasn't strong enough to support him.
			发言人的评论极有攻击性。		The speaker's comments were highly offensive.
			暴风妨碍了我们准时到达。		The storm prevented us from arriving on time.
			他们的旅行因为下雨延期了。		Their trip was postponed because of the rain.
			我家前面有个小庭院。		There is a small garden in front of my house.
			拍照片光线不够亮。		There is insufficient light to take pictures.
			他说的话全不可信。		There isn't a grain of truth in what he says.
			他说的没有一句实话。		There isn't a grain of truth in what he says.
			有一阵从北边吹来的冷风。		There was a cold wind blowing from the north.
			在我的邻近区域有一个大超市。		There's a big supermarket in my neighborhood.
			你腳下有一支鉛筆。		There's a pencil on the floor near your feet.
			你有可能不得不那么做。		There's a possibility you'll have to do that.
			学中文的学生只有他们几个。		They are the only students who study Chinese.
			他们说他死了两年了。		They say that he has been dead for two years.
			物是人非。		Things are the same, but people have changed.
			这个地方的气氛很神秘。		This place has a mysterious atmosphere to it.
			这所学校为学生提供教科书。		This school supplies students with textbooks.
			这首歌使我想起了我年轻的时候。		This song makes me think of when I was young.
			时间是世界上最宝贵的东西。		Time is the most precious thing in the world.
			要分清是非是困難的。		To distinguish right from wrong is difficult.
			汤姆和我每天都在学校见面。		Tom and I see each other every day at school.
			汤姆闭上了眼睛开始数羊。		Tom closed his eyes and began to count sheep.
			汤姆没有足够的钱付租金。		Tom didn't have enough money to pay the rent.
			汤姆不必今天就完成那工作。		Tom didn't need to finish that work by today.
			汤姆不想的话他是没必要留下的。		Tom didn't need to stay if he didn't want to.
			汤姆不知道玛丽真实的意思。		Tom didn't understand what Mary really meant.
			汤姆把装满现金的信封递给玛丽。		Tom handed the envelope full of cash to Mary.
			汤姆学了几年法语。		Tom has been learning French for a few years.
			汤姆已经对学法语不感兴趣了。		Tom has lost his interest in studying French.
			汤姆在波士顿待得越来越久。		Tom is spending more and more time in Boston.
			汤姆并不像他自认为的那么聪明。		Tom isn't nearly as smart as he thinks he is.
			汤姆列了他想去的地方的名单。		Tom made a list of places he wanted to visit.
			汤姆甚至拒绝听我的建议。		Tom refused to even listen to my suggestions.
			别人都坐下了，汤姆还站着。		Tom remained standing as the others sat down.
			汤姆说他搞不懂玛丽要的是什么。		Tom says he can't figure out what Mary wants.
			汤姆拿了玛丽给他的音乐会票。		Tom took the concert ticket Mary offered him.
			汤姆哄玛丽做他的作业。		Tom tricked Mary into doing his work for him.
			汤姆想多把时间花在他的家庭上。		Tom wants to spend more time with his family.
			汤姆有办法自己把问题解决了。		Tom was able to solve the problem by himself.
			汤姆总是跟别的小孩不一样。		Tom was always different from other children.
			汤姆努力工作按时完成工作。		Tom worked hard to get the work done on time.
			去年有两百人因霍乱死亡。		Two hundred people died of cholera last year.
			我们促膝谈心。		We had a heart-to-heart talk with each other.
			我们必须快点定下旅游日期。		We have to fix the date for our trip quickly.
			我们不得不把游戏搁到下周日了。		We have to put off the game till next Sunday.
			我们必须学会与自然和谐共处。		We must learn to live in harmony with nature.
			我们听到所发生的事，感到很惊讶。		We were astonished to hear what had happened.
			我们睡在我舅舅家。		We're spending the night at my uncle's house.
			我注册了，现在该干什么呢？		What do I have to do now that I'm registered?
			去公园散步你觉得怎么样？		What do you say to taking a walk in the park?
			“这”和“那”有什么区别？		What is the difference between this and that?
			你最喜欢的澳大利亚的小镇是哪里呀？		What's your favorite small town in Australia?
			哪来那么大的自信啊？		Where did all that self-confidence come from?
			为什么你买了一本那么贵的词典？		Why did you buy such an expensive dictionary?
			晚饭前您想喝一杯吗？		Would you like to have a drink before dinner?
			請你看看這些文件。		Would you please have a look at these papers?
			昨天，我讀到了一篇真的很有趣的故事。		Yesterday, I read a really interesting story.
			你该结束这种愚蠢的行为了。		You must put an end to this foolish behavior.
			你说你有困难。我能帮忙吗？		You said you were in trouble. How can I help?
			你要更好地利用闲暇时间。		You should make better use of your free time.
			你走得太快我跟不上。		You walk too fast for me to keep up with you.
			你最好未雨绸缪。		You'd better keep your money for a rainy day.
			你永远猜不到汤姆带来了什么。		You'll never guess what Tom brought with him.
			我的声音让我想起了我已故的祖母。		Your voice reminds me of my late grandmother.
			“我没想到汤姆会赢。”“我也是。”		"""I never thought Tom would win."" ""Me neither."""
			“你在哪里？”“我在一个朋友家。”		"""Where were you?"" ""I was at a friend's house."""
			許多老百姓加入了軍隊。		A great number of citizens went into the army.
			巨大的柱子遮住了视线，让人看不到湖。		A large pillar obstructs the view of the lake.
			许多房屋被洪水冲走了。		A lot of houses were washed away by the flood.
			你只需要喊他还债就行。		All you have to do is ask him to pay the debt.
			任何情绪，只要它是真诚的，就说明它是发自内心的自然流露。		Any emotion, if it is sincere, is involuntary.
			亚洲的大小约四倍于欧洲。		Asia is roughly four times the size of Europe.
			汽车尾气在城镇里造成了严重的污染。		Car exhaust causes serious pollution in towns.
			圣诞老人，我想要一个女朋友当圣诞礼物。		Dear Santa, I want a girlfriend for Christmas.
			你知道为什么天看起来这么蓝吗？		Do you know the reason why the sky looks blue?
			你觉得明天会有个好天气吗？		Do you think we'll have good weather tomorrow?
			医生们拒绝做第二次手术。		Doctors refused to perform a second operation.
			不要因为吃得太多而扰乱胃的正常消化。		Don't get an upset stomach by eating too much.
			在建筑物里的所有人都感觉到了地震。		Everybody in the building felt the earthquake.
			每个人都对囚犯表示同情。		Everybody showed sympathy toward the prisoner.
			对不起，我要在下一站下。		Excuse me, I have to get off at the next stop.
			一时间我还以为他疯了。		For a moment there, I thought he had gone mad.
			在雨中走出去是不可能的。		Going out in this rain is out of the question.
			他命令我立刻离开这个房间。		He commanded me to leave the room immediately.
			他迫不及待地想试一下他的新冲浪板。		He couldn't wait to try out his new surfboard.
			他看起来年轻，但实际上他是四十多岁的人了。		He looks young, but actually he is over forty.
			他拿了面镜子细看自己的舌头。		He picked up a mirror and examined his tongue.
			他后悔在校时没用功读书。		He regrets not having worked harder at school.
			他觉得我理所应当知道答案。		He took it for granted that I knew the answer.
			他受邀做俱乐部的主席。		He was invited to be the chairman of the club.
			他好心地把我送到医院。		He was kind enough to take me to the hospital.
			他去了伦敦，并在那儿待了一周。		He went to London, where he stayed for a week.
			她的建议好像被拒绝了。		Her suggestion seems to have been turned down.
			他的缺席导致了各种谣言的产生。		His absence gave birth to all sorts of rumors.
			你写这份报告花了多长时间？		How long did it take you to write this report?
			你打算在巴西待多久？		How long do you intend to stay here in Brazil?
			快点，你就能准时搭上公交车了。		Hurry up, and you will be in time for the bus.
			我建议你永远不要入不敷出。		I advise you never to live beyond your income.
			在早晨，我总是喝一杯咖啡。		I always drink a cup of coffee in the morning.
			我以前总认为汤姆是有一些与众不同的。		I always thought that Tom was a bit different.
			我期待很快就能收到你的信。		I am looking forward to hearing from you soon.
			我能跟我最好的朋友說任何事。		I can talk about anything with my best friend.
			我不能确保这一切会发生。		I can't guarantee that that's going to happen.
			我当然不想被人看见跟汤姆在一起。		I certainly wouldn't want to be seen with Tom.
			我在汤姆告诉我我需要做时就立刻做了。		I did that as soon as Tom told me I needed to.
			我不相信孩子能独自到东京。		I don't believe the child came to Tokyo alone.
			我不期望，他们能够支持我的观点。		I don't expect that they will support my view.
			今天太热了，我没心情学习。		I don't feel like studying today in this heat.
			我不知道今天是星期二還是星期三。		I don't know if today is Tuesday or Wednesday.
			我不知道，我现在应该做什么。		I don't know what I should be doing right now.
			我认为汤姆一点教学经验都没有。		I don't think Tom has any teaching experience.
			我不想有任何误会。		I don't want there to be any misunderstanding.
			每天早晚，我给我的猫喂食。		I feed my cat every morning and every evening.
			我每天都帮我妈做家务。		I help my mother with the housework every day.
			我喜欢嗑葵花籽。		I like cracking sunflower seeds with my teeth.
			相比第二本，我更喜欢汤姆的第一本书。		I liked Tom's first book more than the second.
			今天早上我在火车上偶遇他。		I met him by chance on the train this morning.
			我错过了奥运会的开幕式。		I missed the opening ceremony of the Olympics.
			我记得我母亲教我认字。		I remember my mother teaching me the alphabet.
			我想我不该让汤姆做那件事。		I think I shouldn't have asked Tom to do that.
			我想我们应集中于另外的事情。		I think we should concentrate on other things.
			在邊境上，我被要求出示我的護照。		I was asked to show my passport at the border.
			我会尽可能多给你写信的。		I will write letters to you as often as I can.
			我想知道汤姆和玛丽年龄是否一样。		I wonder whether or not Tom is as old as Mary.
			我想撤回我之前的陈述。		I would like to retract my previous statement.
			我想在酒店的保险柜里存点东西。		I'd like to put some things in the hotel safe.
			我在考虑明年去美国学习。		I'm considering studying in America next year.
			我不是百分之百确定。		I'm not one hundred percent convinced of that.
			我不习惯喝无糖咖啡。		I'm not used to drinking coffee without sugar.
			我真的非常期待暑假。		I'm really looking forward to summer vacation.
			我被風暴困在波士頓。		I'm stuck here in Boston because of the storm.
			如果你不想的话也没问题。		If you don't want to do it, you don't have to.
			你不想跟我說就不用說。		If you don't want to talk about it, that's OK.
			在美国，校车是黄色的。		In the United States, school buses are yellow.
			汤姆想把房子漆成绿色，是真的吗？		Is it true Tom wants to paint his house green?
			这个问题对我来讲很难回答。		It is difficult for me to answer the question.
			老人保持强健很重要。		It is important for old people to stay strong.
			这好比大海捞针。		It is like looking for a needle in a haystack.
			没多久，我们又碰巧遇到了。		It was not long before we met again by chance.
			在一天之内完成它几乎是不可能的。		It's next to impossible to finish it in a day.
			你该上床了。把收音机关了。		It's time you went to bed. Turn off the radio.
			约翰甘迺迪被安葬在阿靈頓公墓。		J.F. Kennedy was buried in Arlington Cemetery.
			只要推门就好了。它自己会锁上的。		Just pull the door shut. It'll lock by itself.
			当我们明白真正的自己时，生活开始了。		Life begins when we realize who we really are.
			牛奶的沸點比水高。		Milk boils at a higher temperature than water.
			大部分人只想听到他们自己的真理。		Most people only want to hear their own truth.
			我弟弟很喜欢拍山的照片。		My brother loves taking pictures of mountains.
			我朋友问我是不是觉得还好。		My friend asked me if I was feeling all right.
			今天早上我祖母寄出了这封信。		My grandmother mailed the letter this morning.
			我妈妈眼含着泪看我。		My mother looked at me with tears in her eyes.
			不管我做什么，她都说我能做得更好。		No matter what I do, she says I can do better.
			不论我做什么，她都说我能做得更好。		No matter what I do, she says I can do better.
			直到那时，他才意识到他已经上当受骗。		Only then did he realize he had been deceived.
			我们的饭店比那家饭店好。		Our restaurant is better than that restaurant.
			我们的究极目标是树立世界和平。		Our ultimate goal is to establish world peace.
			明天早上記得去寄這封信。		Remember to mail this letter tomorrow morning.
			俄罗斯面临着严重的财政困难。		Russia is facing great financial difficulties.
			学校因大雪停课一天。		School was closed for the day due to the snow.
			她为自己的儿子成为医生而自豪。		She is proud that her son has become a doctor.
			她看起来是年轻的，但实际上她四十多岁了。		She looks young, but in reality she's over 40.
			她花很多时间练钢琴。		She spends a lot of time practicing the piano.
			他给父母写信至少一周一次。		She wrote to her parents at least once a week.
			她只对鱼和蟑螂感兴趣。		She's only interested in fish and cockroaches.
			失之毫厘，谬之千里。		Slight inattention can cause a great disaster.
			多虧了冷夏，啤酒賣的不好。		Thanks to a cold summer, beer has sold poorly.
			那边的那个男孩很可能是汤姆的兄弟。		That boy over there is probably Tom's brother.
			那不可能是玛丽，她现在在医院。		That can't be Mary. She's in the hospital now.
			那是我第一次见到汤姆如此生气。		That was the first time I'd seen Tom so angry.
			孩子在母亲的怀中熟睡。		The baby was fast asleep in her mother's arms.
			黑的电话比白的花钱多。		The black telephone costs more than the white.
			我新家的客厅很宽敞。		The living room in my new house is very large.
			会议已经被延迟到明天了。		The meeting has been postponed until tomorrow.
			登月是一項里程碑式的成就。		The moon landing was a monumental achievement.
			你看的书越多，你知道的越多。		The more books you read, the more you'll know.
			参与者大部分是女性。		The participants were for the most part women.
			土豆太热，以至于烫到了我的嘴。		The potato was so hot that it burned my mouth.
			红旗代表存在危险。		The red flag indicated the presence of danger.
			这场革命已经带来了很多改变。		The revolution has brought about many changes.
			那个赛跑运动员跃过了地面上的洞。		The runner jumped over the hole in the ground.
			形势似乎非常紧张严峻。		The situation seemed very tense and dangerous.
			这家商店可以提供所有我们需要的东西。		The store can supply us with anything we need.
			这场暴风雪已经对经济造成了很严重的影响。		The storm had a serious effect on the economy.
			汤姆和玛丽的故事真有意思！		The story of Tom and Mary is very interesting.
			年轻人伸出他的手，接着我和他握了手。		The young man put out his hand and I shook it.
			他们传统的生活方式不再存在。		Their traditional life style no longer exists.
			今年蘋果的收成不錯。		There has been a good apple harvest this year.
			他们五月初到了大阪。		They arrived in Osaka at the beginning of May.
			這車便宜得讓他能買得起。		This car was so cheap that he could afford it.
			這本字典不是最新版的。		This dictionary isn't the most recent version.
			这是我年轻时候住的房子。		This is the house I lived in when I was young.
			这是我得到过的最好的礼物。		This is the nicest present I've ever received.
			这是战斗发生的地方。		This is the place where the battle took place.
			这座山全年覆盖着雪。		This mountain is snow-covered the entire year.
			这种说法其实有点可疑。		This statement is actually kind of suspicious.
			成千上万的人想要知道答案。		Thousands of people wanted to know the answer.
			令我吃惊的是，他很容易就想出了一个方案。		To my surprise, he easily came up with a plan.
			汤姆弯下腰，捧起了一把沙子。		Tom bent down and picked up a handful of sand.
			汤姆咳嗽了一下然后接着讲。		Tom cleared his throat and continued to speak.
			汤姆没有告诉我他不会游泳。		Tom didn't tell me he didn't know how to swim.
			汤姆没有喜欢露营的朋友。		Tom doesn't have any friends who like camping.
			汤姆不想给玛丽一分钱。		Tom had no intention of giving Mary any money.
			汤姆已经被告知别再打搅玛丽了。		Tom has already been told to leave Mary alone.
			汤姆是告诉我们这个问题的人。		Tom is the one that told us about the problem.
			汤姆在会议室等你。		Tom is waiting for you in the conference room.
			汤姆说他不想把时间浪费在争论上。		Tom said he didn't want to waste time arguing.
			汤姆应该已经跟你讨论过那事了。		Tom should've already discussed that with you.
			汤姆告诉我他想当医生。		Tom told me that he'd like to become a doctor.
			汤姆的枪伤伤口导致了大出血。		Tom was bleeding heavily from a gunshot wound.
			汤姆奇怪为什么他的房子里有只狗。		Tom wondered why there was a dog in his house.
			汤姆拧干毛巾挂起来晾干。		Tom wrung out the towel and hung it up to dry.
			汤姆所言不符时局。		What Tom said doesn't apply in this situation.
			你怎么认为我做不了？		What makes you think I won't be able to do it?
			你觉得他会对什么主题感兴趣？		What subject do you think he is interested in?
			拍火车的照片什么的，有什么好玩的呀？		What's so fun about taking pictures of trains?
			当汤姆发现这件事时，他很生气。		When Tom found out about that, he was furious.
			她十三岁的时候离家出走了。		When she was thirteen, she ran away from home.
			你最后一次给花园浇水在什么时候？		When was the last time you watered the garden?
			你为什么不告诉汤姆你已经结婚了？		Why didn't you tell Tom that you were married?
			你必须在到期前完成这项工作。		You must get the job done before the deadline.
			你应该更注意你说的话。		You should pay more attention to what you say.
			应该趁年轻多读点书。		You should read many books when you are young.
			你是告诉我这里很安全的人。		You were the one who told me it was safe here.
			您最好在外衣里穿一件套衫。		You'd better wear a sweater under your jacket.
			你只会逃避生活问题。		You're just running away from life's problems.
			你太老了，做不得這種事了。		You're too old to be doing this kind of thing.
			“滚石不生苔”是一句谚语。		"""A rolling stone gathers no moss"" is a proverb."
			昨晚我领居家着火了。		A fire broke out in my neighborhood last night.
			正式工比临时工要好。		A permanent job is better than a temporary one.
			奇怪的声音从门后传来。		A strange sound was heard from behind the door.
			路中间有一辆卡车。		A truck was standing in the middle of the road.
			海啸来了，密切注意啊。		A tsunami is coming, so please be on the alert.
			所有的客人都被她的好客感动了。		All the guests were touched by her hospitality.
			你要做的只是照顾好你自己。		All you have to do is to take care of yourself.
			你确定要我什么都不说？		Are you sure you don't want me to say anything?
			据我所知，事情很顺利。		As far as I'm concerned, things are going well.
			你几岁交了第一个女朋友？		At what age did you have your first girlfriend?
			我觉得我们老板很蠢，这我就只跟你说。		Between you and me, I think our boss is stupid.
			请问您能告诉我那家餐馆在哪吗？		Can you please tell me where the restaurant is?
			六岁及以上的小孩应该上学。		Children of six and above should attend school.
			您是否知道，明天会不会下雨？		Do you know whether or not it'll rain tomorrow?
			你觉得明天天气会变好吗？		Do you think the weather will be fine tomorrow?
			即使我知道答案，我也不会告诉你。		Even if I knew the answer, I wouldn't tell you.
			就算我富有，我也不会给他钱。		Even if I were rich, I wouldn't give him money.
			每次我读圣经都会被深深地感动。		Every time I read the Bible, I am deeply moved.
			不好意思，可以帮我拿下砂糖吗？		Excuse me, would you mind passing me the sugar?
			朋友就像生命之园里的花朵。		Friends are like flowers in the garden of life.
			你还没有为我的自行车付完款吗？		Have you still not finished paying for my bike?
			我要的是茶，而他却给了我一杯咖啡。		He brought me coffee, when I had asked for tea.
			他受不了咖啡的苦味。		He couldn't stand the bitterness of the coffee.
			他去年九月进了这所学校。		He got into this school in September last year.
			他早上总是有点脾气暴躁。		He is always a little irritable in the morning.
			他对我说了谎，这就是为什么我生他的气了。		He lied to me. That is why I am angry with him.
			他提议对教育系统进行改革。		He proposed a reform in the educational system.
			他冒着生命危险救了那条狗。		He rescued the dog at the risk of his own life.
			他说他每天早上六点起床。		He said that he gets up at 6 o'clock every day.
			他应该有权利去自己做决定。		He should have the right to decide for himself.
			他不知道怎么到那里去、什么时候到。		He was unsure how he would get there, and when.
			他在医学界有很大的影响力。		He's very influential in the world of medicine.
			你说今晚改变一下，去外面吃晚饭怎么样？		How about eating out this evening for a change?
			你怎样让你的孩子们吃蔬菜？		How do you get your children to eat vegetables?
			到目前为止，你认为你阅读过多少书籍？		How many books do you think you've read so far?
			没有你我无法做到，谢谢。		I couldn't have done it without you. Thank you.
			我没发现任何我该道歉的理由。		I don't see any reason why I have to apologize.
			我认为汤姆帮不上大忙。		I don't think Tom is going to be too much help.
			我起了个大早为了赶第一班火车。		I got up early enough to catch the first train.
			我没想到这里有这么多人。		I had no idea there'd be this many people here.
			我该去买东西了，我一小时后回来。		I have to go shopping. I'll be back in an hour.
			我没时间找你想要的东西。		I haven't had time to look for what you wanted.
			我只是希望我们能离开这个可怕的地方。		I just wish we could leave this horrible place.
			我喜欢孩子。这就是为什么我成为了教师。		I like children. That's why I became a teacher.
			我喜欢游泳，但我不想在这里游。		I like swimming, but I don't like to swim here.
			我盡力追趕他。		I ran as fast as possible to catch up with him.
			我没有去工作，在家里待了一整天。		I stayed home all day instead of going to work.
			我怀疑那家酒馆的啤酒兑水了。		I suspect they water down the beer in that pub.
			我跟你说过她在的时候不要说这件事。		I told you not to mention that in her presence.
			我想坐在无烟区。		I would like to sit in the non-smoking section.
			我很高兴没有买这样的东西。		I'm glad that I didn't buy something like this.
			聽到你父親去世的消息我很難過。		I'm sorry to hear that your father passed away.
			我确定汤姆找到我们没有任何问题。		I'm sure Tom won't have any trouble finding us.
			我从来没有见过谁像你这么虚伪的。		I've never known anyone as hypocritical as you.
			要是我坐了那架飞机的话，我现在早就死了。		If I had taken that plane, I would be dead now.
			如果他知道她的电话，他会打给她。		If he knew her phone number, he could call her.
			如果明天下雨的话，我就不去野餐了。		If it rains tomorrow, I won't go to the picnic.
			如果她和你结婚了，她现在会很幸福。		If she had married you, she would be happy now.
			那么吃的话，肚子会吃坏的噢。		If you eat that much, you'll get a stomachache.
			在某种程度上你是对的，但我还是有疑问。		In a way you're right, but I still have doubts.
			有什么你想要但是没有的东西吗？		Is there anything you want that you don't have?
			这个梯子是否足够坚固以承受我的重量？		Is this ladder strong enough to bear my weight?
			跟你共事总是很愉快。		It has always been a pleasure to work with you.
			很遗憾您不能来派对。		It is a pity that you cannot come to the party.
			雨季似乎終於結束了。		It seems that the rainy season is over at last.
			那是我昨天落在房間裡的包。		It was a bag that I lost in the room yesterday.
			你借给我伞真好。		It was very kind of you to lend me an umbrella.
			从那儿很容易就能看到焰火。		It's easy to see the fireworks from over there.
			用英文写情书不容易。		It's not easy writing a love letter in English.
			倒車前先看後視鏡。		Look in the rear-view mirror before backing up.
			无论发生什么我都不会改主意的。		No matter what happens, I won't change my mind.
			请给我提提建议，我该做什么。		Please give me some advice on what I should do.
			上床睡觉之前请关灯。		Please turn off the light before you go to bed.
			政治家从来不告诉我们他们的别有用心。		Politicians never tell us their inner thoughts.
			科学家们还不知道怎么治疗癌症。		Scientists haven't found a cure for cancer yet.
			科学家们还没有找到癌症的治疗方法。		Scientists haven't found a cure for cancer yet.
			她总是找她邻居的茬。		She is always finding fault with her neighbors.
			她说她每天早上六点起床。		She said that she gets up at six every morning.
			她休假期间花了一大笔钱。		She spent a good deal of money on her vacation.
			有时候，发生的事情并不是合情合理的。		Sometimes things that happen do not make sense.
			事故发生在前天。		The accident happened the day before yesterday.
			军队占领了整片领土。		The armed forces occupied the entire territory.
			玛丽穿的衣服看起来价格不菲。		The dress that Mary is wearing looks expensive.
			很多人在随后的爆炸中死去。		The explosion that followed killed many people.
			小女孩害怕从屋顶上跳下来。		The girl was afraid to jump down from the roof.
			我買的房子離市中心比較遠。		The house I bought is pretty far from downtown.
			再过两三周，树叶就会变红吧。		The leaves will turn red in two or three weeks.
			在那儿看报纸的男人是我叔叔。		The man reading a paper over there is my uncle.
			我们越老，记忆力就越差。		The older we become, the worse our memory gets.
			警察因酒後駕駛逮捕了他。		The policeman arrested him for drunken driving.
			医学的最新进展颇为显著。		The recent advances in medicine are remarkable.
			太空跑步是历史上激动人心的时刻。		The space race was an exciting time in history.
			太阳从东边升起，西边落下。		The sun rises in the east and sets in the west.
			这座城犹太教堂不怎么多。		There aren't that many synagogues in this city.
			这座城的犹太教堂不是很多。		There aren't that many synagogues in this city.
			无可否认她非常有能力。		There is no denying that she is very efficient.
			我们之间肯定有误会。		There must be some misunderstanding between us.
			没有什么比散步更好的了。		There's nothing better than taking a nice walk.
			他们试图冲破敌军防线。		They attempted to break through the enemy line.
			他们要求马上把国王处死。		They demanded the king be put to death at once.
			這地毯在質量上比那箇好得多。		This carpet is superior to that one in quality.
			这条河比那条长三倍。		This river is three times longer than that one.
			这艘船太大，没法通过运河。		This ship is too big to pass through the canal.
			每年有成千上万的外国人访问日本。		Thousands of foreigners visit Japan every year.
			汤姆将他自己和玛丽的名字添加到了名单上。		Tom added both his and Mary's name to the list.
			汤姆每次要是不带地图的话就会迷路。		Tom always gets lost if he doesn't carry a map.
			汤姆请玛丽允许他早走。		Tom asked for Mary's permission to leave early.
			汤姆昨天来我家吃晚饭。		Tom came over to my house for dinner yesterday.
			汤姆检查电视时间表，看看在上映什么。		Tom checked the TV schedule to see what was on.
			汤姆能不依靠任何帮助解决那事。		Tom could've figured that out without any help.
			汤姆这次做得比上次好。		Tom did better this time than he did last time.
			汤姆独自喝了一整瓶酒。		Tom drank the entire bottle of wine by himself.
			在传给玛丽之前，汤姆把纸条折了起来。		Tom folded the paper before handing it to Mary.
			汤姆三年前从高中学校毕业了		Tom graduated from high school three years ago.
			汤姆没有愿意帮助他的朋友。		Tom has no friends who are willing to help him.
			汤姆还没对我们说他希望我们买什么呢。		Tom hasn't yet told us what he wants us to buy.
			汤姆现在正在想办法去做那件事。		Tom is trying to figure out how to do that now.
			汤姆说他不确定玛丽想做什么。		Tom said he wasn't sure what Mary wanted to do.
			汤姆给玛丽画了大象的素描。		Tom sketched a picture of an elephant for Mary.
			汤姆本该往左转却往右转了。		Tom turned right when he should've turned left.
			汤姆想追随他父亲的脚步。		Tom wanted to follow in his father's footsteps.
			汤姆想知道哪里能买到姜黄。		Tom wanted to know where he could buy turmeric.
			汤姆因无证驾驶而被逮捕。		Tom was arrested for driving without a license.
			汤姆小声对玛丽说了什么，玛丽笑了。		Tom whispered something to Mary and she smiled.
			汤姆将会是第一个进入那洞穴的人。		Tom will be the first person to enter the cave.
			汤姆努力工作挣了好多钱。		Tom worked very hard and earned a lot of money.
			我们在严肃地谈论你的未来。		We are having a serious talk about your future.
			我小时候的时候还没有电脑。		We didn't have computers when I was growing up.
			我们养了两只狗、三只猫和六只鸡。		We have two dogs, three cats, and six chickens.
			我们路上一帆风顺，直到遇上暴风雪。		We made good time until we ran into a blizzard.
			我们常在吃早饭时看电视。		We often watch TV while we're eating breakfast.
			到明年四月我们住在这儿就满两年了。		We'll have lived here for two years next April.
			你觉得她最想要什么纪念品？		What souvenir do you think she would like most?
			你进这幢楼的时候是几点？		What time was it when you entered the building?
			他发言完后，大家陷入了沉默。		When he finished speaking, everyone was silent.
			每次听到这首歌，都会让我回忆起自己年轻的时候。		Whenever I hear that song, I remember my youth.
			你今天下午想不想去动物园？		Would you like to go to the zoo this afternoon?
			您今天下午想不想去动物园？		Would you like to go to the zoo this afternoon?
			你们今天下午想不想去动物园？		Would you like to go to the zoo this afternoon?
			你可以问在那里玩耍的小孩。		You can ask the child who's playing over there.
			如果你们不想帮我们可以不用帮。		You don't have to help us if you don't want to.
			你们不需要害怕犯错。		You don't need to be afraid of making mistakes.
			你喜欢讨论建筑，不是吗？		You like to talk about architecture, don't you?
			你该把你的值钱物品保存在一个安全的地方。		You should keep your valuables in a safe place.
			你应该给你的孩子们树立好的榜样。		You should set a good example to your children.
			你本该拒绝一个那么不公平的提议。		You should've rejected such an unfair proposal.
			这些天你工作太多了。你不累吗？		You work too hard these days. Aren't you tired?
			小孩常常对科学很有热情。		Young children are often fascinated by science.
			烹饪课程应该作为学校的必修课。		A cooking course should be mandatory in schools.
			一名警探到达了犯罪现场。		A detective arrived upon the scene of the crime.
			所谓陌生人，只是还未相见的友人而已。		A stranger is just a friend you haven't met yet.
			事故过后，汤姆觉得停止滑冰了。		After the accident, Tom decided to stop skating.
			除了水果，他什么都没吃。		Apart from some fruit, he hasn't eaten anything.
			你和爸爸更亲还是妈妈更亲？		Are you closer to your mother or to your father?
			那个时候，我还在上法语课。		At that time, I was still taking French lessons.
			你就只告诉我一个人，你对她的意见如何？		Between you and me, what is your opinion of her?
			早饭是一天中最重要的一顿饭。		Breakfast is the most important meal of the day.
			话说，你听说玛丽辞职了吗？		By the way, did you hear that Mary quit her job?
			你能再向我解释一遍你为什么迟到了吗？		Could you please tell me again why you are late?
			你知道分辨好坏吗？		Do you know the difference between good and bad?
			除了钢琴以外，还会玩什么乐器吗？		Do you play any instrument other than the piano?
			你觉得你能少发点噪音吗？		Do you think you could make a little less noise?
			他不在这儿你不觉得这很奇怪吗？		Don't you think it's strange that he's not here?
			英語是一種全世界通用的語言。		English is a language spoken all over the world.
			尽管有金钱和名誉，他还是不幸福。		Even with all his wealth and fame, he's unhappy.
			他就算带了眼镜也看得不很清楚。		Even with his glasses, he doesn't see very well.
			除了汤姆以外任何人都知道他没必要这么做。		Everyone but Tom knew he didn't need to do that.
			鱼类例如鲤鱼和鳟鱼生活在淡水中。		Fish such as carp and trout live in fresh water.
			多行不义必自毙。		Give a thief enough rope and he'll hang himself.
			他打着见我的幌子来了我家。		He came to my house on the pretext of seeing me.
			他要求我马上付钱。		He demanded that I should pay the money at once.
			他还没来。他肯定错过公交车了。		He hasn't come yet. He must have missed the bus.
			他和他所有的同学相处融洽。		He is on goods terms with all of his classmates.
			他八岁时离开了他的父母。		He left his parents when he was eight years old.
			他给自己定下每天早上散步的规矩。		He makes it a rule to take a walk every morning.
			他说他累了，所以他想早点回家。		He said he was tired, so he would go home early.
			他强调都市生活的便利方面。		He stressed the convenient aspects of city life.
			他是那个职位最有希望的候选人。		He was the strongest candidate for the position.
			昨晚他希望他去了剧场。		He wishes he had gone to the theater last night.
			他是这里附近酒吧和酒馆的常客。		He's a regular at the bars and pubs around here.
			他的妈妈坐了一整夜，等她的儿子。		His mother sat up all night waiting for her son.
			你用了多少时间来翻译这本书？		How long did it take you to translate this book?
			游过这条河要多久？		How long would it take to swim across the river?
			我承认，我不是世界上最整洁的人。		I admit I'm not the tidiest person in the world.
			今天我太忙了，没法和你一起去。		I can't go with you today because I'm very busy.
			我禁不住想他会不会准时到。		I cannot help wondering if he will come on time.
			我能发誓这箱子里有东西。		I could swear there's something inside this box.
			尽管我并不是真的需要这样做，我还是做了。		I did that, even though I didn't really need to.
			我都没想过会在这里碰见你。		I didn't expect to see you at a place like this.
			他们说了什么，我并不注意。		I didn't pay attention to what they were saying.
			我不相信你。你总是说谎。		I don't believe you. You're always telling lies.
			我不介意你在我回到家之前先去睡觉。		I don't mind if you go to bed before I get home.
			我估计我无法及时赶到。		I don't think I'll be able to get there on time.
			我认为，要找到汤姆可不容易。		I don't think it's going to be easy to find Tom.
			我覺得在寒冷的早晨很難早起。		I find it hard to get up early on cold mornings.
			我觉得什么都不说是最好的。		I found it best to say nothing about the matter.
			我今天得把这本书还给图书馆。		I have to return this book to the library today.
			我住在海边所以经常去海滩。		I live near the sea, so I often go to the beach.
			当我无家可归的时候，我常在那张长椅上睡觉。		I often slept on that bench when I was homeless.
			因为我不是很饿，所以我决定晚点吃。		I wasn't very hungry, so I decided to eat later.
			我想知道汤姆计划去哪里上大学。		I wonder where Tom is planning to go to college.
			我很疑惑为什么天气变冷的时候我会觉得很孤单。		I wonder why I feel so lonely when it gets cold.
			我很冷。你介意把暖气打开吗？		I'm cold. Would you mind turning the heating on?
			我对人造语言不是很感兴趣。		I'm not very interested in artificial languages.
			我对昨天晚上发生的事情感到非常的抱歉。		I'm really sorry about what happened last night.
			很抱歉那个问题我不赞成你。		I'm sorry I don't agree with you on that matter.
			我找工作已经很久了。		I've been looking for a new job for a long time.
			我已经找了很久的工作。		I've been looking for a new job for a long time.
			这种药我吃了好多年了。		I've been taking this medication for many years.
			如果明天下雨，我们就坐车去那儿。		If it's raining tomorrow, we'll go there by car.
			不用说，健康是重要的。		It goes without saying that health is important.
			你必需马上去那儿。		It is necessary for you to go there immediately.
			据说这个区域埋着财宝。		It is said that treasure is buried in this area.
			您那样做的话，可就帮到我了。		It would be helpful if you could do that for me.
			日本在某些领域赶上了美国。		Japan has caught up with America in some fields.
			精通一種外語需要耐心。		Mastering a foreign language calls for patience.
			我的牙齿没有我希望的那样白。		My teeth aren't as white as I'd like them to be.
			紐約警察穿深藍色制服。		New York City policemen wear dark blue uniforms.
			我们近期内的情况应该会好转。		Our situation should improve in the near future.
			巴黎是世界上最大的城市之一。		Paris is one of the largest cities in the world.
			耐心有时候是最有效的武器。		Patience is sometimes the most effective weapon.
			从月球上看的话，地球看起来像个皮球。		Seen from the moon, the earth looks like a ball.
			她在从自行车上摔下来时伤到了脚。		She hurt her foot when she fell off her bicycle.
			她建议我取消会议。		She suggested to me that I call off the meeting.
			她试图说服他来参加会议。		She tried to persuade him to attend the meeting.
			她为自己的粗心感到羞耻。		She was ashamed of herself for her carelessness.
			请讲慢一点，让我们能听懂。		Speak more slowly so that we can understand you.
			给我说说你去过的一些地方。		Tell me about some of the places you've visited.
			多亏了你的推荐，汤姆得到了那份工作。		Thanks to your recommendation, Tom got that job.
			杰克森一家明天下午就要来看望我们。		The Jacksons are visiting us tomorrow afternoon.
			巴士会把你们带到市中心。		The bus will take you to the center of the city.
			开了半小时，车就坏了。		The car broke down after half an hour's driving.
			情况不允许我出国。		The circumstances did not allow me to go abroad.
			珊瑚礁是这个地区的主要景点。		The coral reef is the region's prime attraction.
			法庭对他的谋杀罪名作出了无罪判决。		The court acquitted him of the charge of murder.
			两国代表团在日内瓦会面。		The delegations of both countries met in Geneva.
			医生告诉她要静养。		The doctor told her that she should take a rest.
			探险家们在洞穴里发现了骸骨。		The explorers discovered a skeleton in the cave.
			国王明晚会亲自出现。		The king will appear in person tomorrow evening.
			他的大部分收入付了租金。		The majority of his income goes to pay his rent.
			你给他们的钱会用到好处。		The money you give them will be put to good use.
			这位母亲偶尔会重温她的儿子的信件。		The mother occasionally reread her son's letter.
			这名老妇艰难地爬上楼梯。		The old lady climbed the stairs with difficulty.
			火车因大雪被耽搁了。		The train was delayed because of heavy snowfall.
			气象学家说会有暴风雨。		The weatherman says there is a storm on the way.
			书架上放着很多字典。		There are a lot of dictionaries in the bookcase.
			我们班至少有三十个学生。		There are at least thirty students in our class.
			有很多美国人会说日语。		There are many Americans who can speak Japanese.
			门口有个男人想见你。		There is a man at the door who wants to see you.
			这些绿叶到秋天变成红色或黄色。		These green leaves turn red or yellow in autumn.
			这三个漂亮的女孩都是我的侄女。		These three pretty girls are all nieces of mine.
			这个水坝给我们提供水和电。		This dam supplies us with water and electricity.
			这吉他太贵了，我没法买下。		This guitar is so expensive that I can't buy it.
			这是一个你必须自己解决的问题。		This is a problem you have to solve by yourself.
			孩子在这条河里游泳太危险了。		This river is dangerous for children to swim in.
			这条毛巾蓬松又柔软，特别舒服。		This towel is so soft and fluffy. It feels good!
			汤姆和玛丽无时无刻不在辩论。		Tom and Mary argue with each other all the time.
			汤姆大约三年前开始学法语。		Tom began to learn French about three years ago.
			汤姆不喜欢妆化太浓的女人。		Tom doesn't like women who wear too much makeup.
			汤姆不知道玛丽为什么不去做。		Tom had no idea why Mary didn't want to do that.
			汤姆已经上通缉令三年了。		Tom has been on the wanted list for three years.
			汤姆不是这里唯一的好歌手。		Tom isn't the only one here who's a good singer.
			汤姆从他祖父那里学会了怎么做。		Tom learned how to do that from his grandfather.
			汤姆从来不应该尝试自己一个人做那些。		Tom never should've tried doing that by himself.
			汤姆打开百叶窗，向窗外望去。		Tom opened the blinds and looked out the window.
			汤姆说他没准备好，但玛丽说她准备好了。		Tom said he wasn't ready, but Mary said she was.
			汤姆的日语比日本人说得还要好。		Tom speaks Japanese better than the Japanese do.
			汤姆还是喝，但不像以前那么多了。		Tom still drinks, but not as much as he used to.
			汤姆建议我换我的门锁。		Tom suggested that I change the lock on my door.
			汤姆不会告诉玛丽他做那件事的真实原因。		Tom won't tell Mary the real reason he did that.
			自从他离开去法国，已经有两个月了。		Two months have passed since he left for France.
			我们曾经总在星期六傍晚去看电影。		We used to go to the movies on Saturday evening.
			我们想乘明天早上第一班公交车。		We want to be on the first bus tomorrow morning.
			我们到了就打电话跟您联系。		We'll contact you by phone as soon as we arrive.
			要是我死了，谁来照顾我的孩子们？		Were I to die, who would look after my children?
			当我还是个孩子的时候，我在这个泳池里游过泳。		When I was a child, I used to swim in that pond.
			他退休的时候，他儿子接手了他的生意。		When he retired, his son took over his business.
			你认为你会到哪儿度假？		Where do you suppose you'll spend your vacation?
			你读给我听的时候，我就可以做缝纫了。		While you are reading to me, I can do my sewing.
			为什么美国政府让人们持有枪械？		Why does the US government let people have guns?
			你不能喝海水，因为它太咸了。		You can't drink seawater because it's too salty.
			你不应该得到他们给你的薪水。		You don't deserve the salary they're paying you.
			如果你不想，那你便没有这个必要去告诉汤姆。		You don't have to tell Tom if you don't want to.
			你可以选择红茶，咖啡或牛奶。		You have a choice of black tea, coffee, or milk.
			你看上去就像是刚刚失去了自己最好的朋友似的。		You look like you've just lost your best friend.
			你的鉛筆差點戳到我的眼睛了。		You nearly poked me in the eye with your pencil.
			你看起来确信汤姆需要这样做		You seemed convinced that Tom needed to do that.
			你应该给你的孩子们树立好榜样。		You should set a good example for your children.
			你很快就会适应你的新学校。		You will soon get accustomed to your new school.
			你会很惊讶你在一周内能学到的东西。		You'd be surprised what you can learn in a week.
			若汤姆请求你的话，你是会做的，不是吗？		You'd do that if Tom asked you to, wouldn't you?
			你还没到可以拿驾驶执照的年龄。		You're not old enough to get a driver's license.
			“我明天再做。”“这话你昨天就说过了！”		"""I'll do it tomorrow."" ""You said that yesterday!"""
			一位医生告诉过我，吃鸡蛋对我的健康有害。		A doctor told me that eating eggs was bad for me.
			每年都有大量新书出版。		A great number of books are published every year.
			突然間她開始用尖銳的聲音大喊。		All at once she began to shout in a shrill voice.
			你打算参加汤姆和玛丽的婚礼吗？		Are you planning to be at Tom and Mary's wedding?
			你明天早上不来接我吗？		Aren't you coming to pick me up tomorrow morning?
			我一到伦敦就会给你留言的。		As soon as I get to London, I'll drop you a line.
			她一醒，我们就放音乐。		As soon as she wakes up, we'll turn on the music.
			金窝银窝不如自己的狗窝。		Be it ever so humble, there's no place like home.
			工作之前先收好思绪。		Collect your thoughts before you begin your work.
			你咳嗽、打喷嚏或打哈欠的时候要捂住你的嘴。		Cover your mouth when you cough, sneeze, or yawn.
			您有什么事想对我说吗？		Do you have something that you want to say to me?
			你对复合碳水化合物有什么了解吗？		Do you know anything about complex carbohydrates?
			别在意你父亲说的话。		Don't pay any attention to what your father says.
			父親缺錢，所以他必須去借點錢。		Father ran short of money and had to borrow some.
			总体上说，日本的气候温和。		Generally speaking, the climate of Japan is mild.
			他和他的姐妹们目前都住在东京。		He and his sisters are currently living in Tokyo.
			他买不起一辆汽车，更不要说一套房子了。		He cannot afford to buy a car, much less a house.
			他不知道如何用英语写信。		He doesn't know how to write a letter in English.
			他解释了句子的字面意思。		He explained the literal meaning of the sentence.
			他考试失败了，但他不太在意。		He failed the exam, but he doesn't care too much.
			他总是挑别人的毛病。		He is constantly finding fault with other people.
			他被视为村里最好的医生。		He is regarded as the best doctor in the village.
			他过去认识她，但他们现在不再是朋友了。		He once knew her, but they are no longer friends.
			他十年中第一次回家。		He returned home for the first time in ten years.
			他应该为自己对客人的粗鲁无礼而道歉。		He should apologize for being rude to the guests.
			他的急脾气迟早会惹祸上身。		His quick temper will get him in trouble one day.
			你想讓我在你的茶裡放多少蜂蜜？		How much honey do you want me to put in your tea?
			你在你的床下面藏了多少钱？		How much money do you have hidden under your bed?
			我承认这可能不是最好的方法。		I admit this may not be the best way of doing it.
			我对外籍员工没有偏见。		I don't have a prejudice against foreign workers.
			我没有一点退休的念头。		I don't have the slightest intention of retiring.
			我不认识符合条件的人。		I don't know anyone who matches that description.
			我不知道该说什么来安慰你。		I don't know what to say to make you feel better.
			我看这雨还会下一阵子。		I don't think this rain will let up anytime soon.
			我完全是在偶然的情况下发现了密室。		I found the secret compartment quite by accident.
			我需要写一封信。你有纸吗？		I have to write a letter. Do you have some paper?
			我要写一封信。你有纸吗？		I have to write a letter. Do you have some paper?
			我只是想要听听你的嗓音。		I just felt like hearing the sound of your voice.
			我想你。我需要见你。我能来吗？		I miss you. I need to see you. Could I come over?
			昨天，我收到一封用英语写的信。		I received a letter written in English yesterday.
			我昨晚跟他通电话了。		I talked to him on the telephone yesterday night.
			我告诉汤姆我愿意借给他一些钱。		I told Tom I'd be willing to loan him some money.
			我想要一艘船带我远离这里。		I want a boat that'll take me far away from here.
			我想在我父母来之前收拾干净屋子。		I want to clean the house before my parents come.
			我想让你明白为啥你必须这么做。		I want you to understand why you have to do this.
			我不确定该前进还是后退。		I was uncertain whether to advance or to retreat.
			我永远不会忘记那天我第一次与他见面。		I will never forget the day when I first met him.
			我会把所有有用的信息提供给您的。		I will provide you all the necessary information.
			我会把所有有用的信息给你的。		I will provide you all the necessary information.
			我想改善我的英语发音。		I would like to improve my English pronunciation.
			我不跟你要好了。		I'm going to stop trying to be friendly with you.
			我编译这个程序有些困难。		I'm having some problems compiling this software.
			我已经在这里工作几个小时了。		I've already been working here for several hours.
			如果可能的话，我想环游世界。		If possible, I'd like to travel around the world.
			要是你不还给他，他就会生气！		If you don't give it back to him, he'll be angry!
			在这种情况下，形容词放在名词前面。		In this case, the adjective goes before the noun.
			你真是自己造了这栋房子吗？		Is it true that you built this house by yourself?
			好像你们在这儿玩得不愉快啊。		It seems that you aren't having a good time here.
			人是唯一会使用火的动物。		Man is the only animal that can make use of fire.
			我弟弟没我两年前高。		My brother is not as tall as I was two years ago.
			我父亲经常在吃饭时读报纸。		My father often reads the newspaper during meals.
			我爸爸会在这周末回家。		My father will come home at the end of this week.
			我大学里的第一天相当没意思。		My first day in the university was rather boring.
			汤姆和玛丽都没有发现什么有价值的东西。		Neither Tom nor Mary has found anything valuable.
			海王星是太阳系第八个行星。		Neptune is the eighth planet of the solar system.
			从前有个美丽的公主。		Once upon a time, there was a beautiful princess.
			我们的数学老师在黑板上画了一个圆。		Our math teacher drew a circle on the blackboard.
			就像你们知道的那样，毅力是成功的关键。		Perseverance, as you know, is the key to success.
			请让我到火车站去接你的姐姐。		Please let me pick up your sister at the station.
			她问他他是不是这个学校的学生。		She asked him if he was a student at this school.
			她跟他到家，知道他住哪。		She followed him home to find out where he lived.
			有些人喜欢排球，其他人喜欢网球。		Some people like volleyball, others enjoy tennis.
			雪从明天开始下，一直持续一个星期。		Starting tomorrow, it's going to snow for a week.
			不要再假装一切都好了，不是这样的！		Stop pretending that everything's okay. It's not.
			离下课还有十分钟。		Ten minutes remained until the end of the lesson.
			那就是那台他用来写文章的电脑。		That's the computer he used to write the article.
			海滩是一个供孩子们玩乐的理想场所。		The beach is an ideal place for children to play.
			那家公司在广告上花了很多钱。		The company spends a lot of money on advertising.
			洪水涌到了窗户的高度。		The flood water reached the level of the windows.
			那房子因为其少有的形状被突显出来。		The house stood out because of its unusual shape.
			我昨天見到的男人根本是紳士。		The man I saw yesterday was a complete gentleman.
			这个可怜的年轻人最后成为了一个了不起的艺术家。		The poor young man finally became a great artist.
			这个穷小子最后成为了一个了不起的艺术家。		The poor young man finally became a great artist.
			公主向皇帝请求饶恕。		The princess begged forgiveness from the emperor.
			问题是我没什么要跟他说的。		The problem was that I had nothing to say to him.
			看到这笔钱使他被诱惑偷东西。		The sight of the money tempted him into stealing.
			天冷得足以让湖结冰。		The weather was so cold that the lake froze over.
			整个小区对这个消息很惊讶。		The whole neighborhood was surprised at the news.
			树上有些苹果，不是吗？		There are a few apples on the tree, aren't there?
			两者之间有显著的差别。		There are noticeable differences between the two.
			在我的部门里有七男四女。		There are seven men and four women in my section.
			他的失败看来有几个原因。		There seem to be several reasons for his failure.
			今年六月下雨天不多。		There were not many rainy days in June this year.
			他们终于在漫长的讨论之后得出了一个计划。		They came up with a plan after a long discussion.
			他们抵御入侵者，保卫了国家。		They defended their country against the invaders.
			这朵花是所有花中最漂亮的。		This flower is the most beautiful of all flowers.
			这就是那个作家自杀的房间。		This is the room where the author killed himself.
			这台琴应该好多年没调过音了。		This piano has probably not been tuned for years.
			汤姆和玛丽去了镇上最好的饭店。		Tom and Mary went to the best restaurant in town.
			汤姆鼓励玛丽学着说法语。		Tom encouraged Mary to learn how to speak French.
			汤姆最近压力特别大。		Tom has been under a great deal of strain lately.
			汤姆是等了最长时间的人。		Tom is the one that has been waiting the longest.
			汤姆经常在孩子们不在家时阅读。		Tom often reads when his children aren't at home.
			汤姆说一年中这时候波士顿很冷。		Tom said it was cold in Boston this time of year.
			汤姆说他不认为你应该那么做。		Tom said that he didn't think you should do that.
			汤姆说他不知道为什么玛莉去了波士顿。		Tom says he doesn't know why Mary went to Boston.
			汤姆说他不觉得玛丽要去做那件事。		Tom says he doesn't think Mary needed to do that.
			汤姆试图去追上玛丽，但是他没成功。		Tom tried to catch up with Mary, but he couldn't.
			汤姆希望他没有从玛丽那里借书。		Tom wished he hadn't borrowed the book from Mary.
			汤姆不到最后不会知道你做了什么。		Tom won't even know what you did until it's over.
			试着用积极的态度去面对任何事情。		Try to have a positive attitude about everything.
			友谊紧紧联系着我们。		We are bound to each other by a close friendship.
			我们在市场上买了些蔬菜和鱼。		We bought some vegetables and fish at the market.
			我们必须在周二早上之前完成所有事情。		We must finish everything before Tuesday morning.
			我们应该禁止针对儿童的广告。		We should ban advertising aimed towards children.
			听讲座时，你应该保持安静。		When listening to a lecture, you should be quiet.
			我妈年轻的时候非常漂亮。		When my mother was young, she was very beautiful.
			你到底为什么把你新建的房子卖了？		Why on earth did you sell your newly-built house?
			您对我说的话有什么要补充的吗？		Would you like to add anything to what I've said?
			你有权使用旅馆的游泳池。		You are allowed to use the hotel's swimming pool.
			你可以隨你高興的用你的錢。		You are free to do as you please with your money.
			你比你妹妹起得晚，不是么？		You don't get up as early as your sister, do you?
			你可以拿大的盒子或是小的盒子。		You may take either the big box or the small one.
			你应该告诉汤姆你可能会迟到。		You ought to tell Tom that you'll likely be late.
			你还以为我不需要那么做，不是吗？		You thought I didn't need to do that, didn't you?
			你还以为我作罢了，不是吗？		You thought I was through doing that, didn't you?
			您很容易就能看出区别。		You'll be able to see the difference very easily.
			你们很容易就能看出区别。		You'll be able to see the difference very easily.
			你要拿驾照还太年轻了。		You're still too young to get a driver's license.
			你是决定做这个工作的那个人，对吗？		You're the one who decided to do this job, right?
			“为什么你不来？”“因为我不想。”		"""Why aren't you going?"" ""Because I don't want to."""
			很多人都跟我說要我休假。		A good many people have told me to take a holiday.
			绿色的毯子和这条蓝色的帘子不配。		A green carpet will not go with this blue curtain.
			一个拄着拐杖的年轻女孩问汤姆他住在哪里。		A young girl on crutches asked Tom where he lived.
			这些年空气质量恶化了。		Air quality has deteriorated these past few years.
			雖然我很累，但是我已經做了我能做的了。		Although I was tired, I did what I was able to do.
			你所说的一切都将成为呈堂证供。		Anything you say can be used against you in court.
			当更多的纸币投入使用，价格就下跌了。		As more paper money came into use, the value fell.
			天一黑，就会开始放焰火了。		As soon as it gets dark, the fireworks will start.
			周三你可以载我到办公室吗？		Can you give me a ride to the office on Wednesday?
			你能告诉我最近的古玩店在哪里吗？		Can you tell me where the nearest antique shop is?
			离开房间时，不要留灯。		Don't leave the lights on when you leave the room.
			几十个年轻人参加了示威游行。		Dozens of young people attended the demonstration.
			每次他来这里点一样的菜。		Every time he comes here, he orders the same dish.
			给他讲解一下你的困境。		Explain to him the difficult situation you are in.
			他先清洗了伤口，再绑上绷带。		He cleansed the wound before putting on a bandage.
			他试图游过河，但是失败了。		He failed in his attempt to swim across the river.
			他忙着准备入学考试。		He is busy preparing for the entrance examination.
			他强调了教育的重要性。		He placed emphasis on the importance of education.
			他学英语，但他也学德语。		He studies English, but he's also studying German.
			他给我们讲了一个有趣的故事，我们都笑了起来。		He told us such a funny story that we all laughed.
			他的低薪水让他买不了房。		His low salary prevents him from buying the house.
			乘机场大巴去机场要多久？		How long does the airport bus take to the airport?
			我避免跟老闆討論箇人話題。		I avoid discussing personal subjects with my boss.
			我无法相信汤姆真的打算做这事儿。		I can't believe Tom is really planning to do this.
			我不明白为什么你这么批评他。		I can't understand why you are so critical of him.
			我不禁想我的儿子一直都在生。		I cannot help thinking that my son is still alive.
			汤姆的勇气给我留下了深刻印象。		I couldn't help but be impressed by Tom's courage.
			我不知道汤姆会告诉我们该怎么做。		I didn't know Tom was going to tell us what to do.
			我不信任汤姆而且汤姆也不信任我。		I didn't trust Tom and he didn't trust me, either.
			我认为我没犯任何严重的错误。		I don't think I've ever made any serious mistakes.
			我不想再听你抱怨了。		I don't want to hear any more of your complaining.
			今晚我非常享受和你的聊天。		I enjoyed talking with you this evening very much.
			我一点都不知道这会给你带来那么多问题。		I had no idea it would put you to so much trouble.
			我讨厌别人让我等很久。		I hate when other people make me wait a long time.
			我有一位朋友，他的父親是著名小說家。		I have a friend whose father is a famous novelist.
			我必须去睡觉了！我明天早上有课。		I have to get to sleep! I've got classes tomorrow.
			我有两条狗。一条是白色的，另一条是黑色的。		I have two dogs. One is white and the other black.
			我知道該走了，但我想留久一點。		I know it's time to go, but I want to stay longer.
			我碰到一个对能剧感兴趣的美国人。		I met an American who was interested in Noh plays.
			我枪杀了那匹马，因为他已呼吸困难。		I shot the horse because it had trouble breathing.
			我叫她不要松开绳子，但是她做了。		I told her not to let go of the rope, but she did.
			我理所当然地觉得，他会通过考试。		I took it for granted that he would pass the exam.
			我想延长这里的住宿多几天。		I want to extend my stay here for a few more days.
			我恐怕我給你找的工作不輕鬆。		I'm afraid the job I've got for you won't be easy.
			我不是在跟你說話，我在跟猴子說話。		I'm not talking to you. I'm talking to the monkey.
			觉得汤姆肥的人不止我一个。		I'm not the only one who thinks Tom is overweight.
			我很惊讶，你家居然有辆日本车。		I'm surprised that your family has a Japanese car.
			如果那个男人再犯一个错误，我就开除他。		If that man makes one more mistake, I'll fire him.
			这样做你能节约几个小时。		If you do it this way, you can save several hours.
			如果你真的想知道的话，为什么不问一下汤姆呢？		If you really want to know, why don't you ask Tom?
			要是你不在听广播的话，就关掉它。		If you're not listening to the radio, turn it off.
			我们可以在大楼里拍照吗？		Is it all right to take pictures in this building?
			她确实很漂亮，但她很自私。		It is true that she is pretty, but she is selfish.
			我突然想到，他可能在图书馆。		It occurred to me that he might be in the library.
			看来她已经收到了钱。		It seemed that she had already received the money.
			听起来好像他是这场灾难的罪魁祸首。		It sounds as if he were to blame for the disaster.
			我今天早上起来的时候雨下得很大。		It was raining heavily when I got up this morning.
			我和汤姆都不愿意冒这个险。		It's a risk that Tom and I aren't willing to take.
			天变暗了。我不知道是不是要下雨。		It's getting dark. I wonder if it's going to rain.
			木星是太陽系中最大的行星。		Jupiter is the largest planet in the Solar System.
			适度的运动让身心焕然一新。		Moderate exercise will refresh both mind and body.
			我的生意终于走上了正轨。		My business has at last gotten on the right track.
			我的生意終於上了軌道。		My business has at last gotten on the right track.
			我妹妹的英语有了明显的进步。		My sister has made remarkable progress in English.
			我老婆在附近的超市买蔬菜。		My wife buys vegetables from a supermarket nearby.
			在去剧院的路上，我看到了一起车祸。		On my way to the theater I saw a traffic accident.
			这次交通事故中只有一个小男孩幸存了下来。		Only one little boy survived the traffic accident.
			现在的人教育程度比以前高得多。		People are more educated now than they used to be.
			科学家们正努力终结艾滋病。		Scientists are working hard to put an end to AIDS.
			她總是讓自己的小孩做自己想做的事。		She always lets her children do what they want to.
			她几乎没有说完话，就被他打断了。		She had scarcely finished speaking when he cut in.
			她帮她爸爸干了花园里的活。		She helped her father with the work in the garden.
			她告诉我她妈妈买给她了。		She told me that her mother had bought it for her.
			她上飞机前，给我招了招手。		She waved at me before she got on board the plane.
			有些人说日本是个男性统治的社会。		Some people say Japan is a male-dominated society.
			为了不感冒，请带上这件毛衣。		Take a sweater with you so you don't catch a cold.
			这不是汤姆要做那件事的主要原因。		That wasn't the main reason Tom needed to do that.
			我用了比我预期更长的时间来完成作业。		The assignment took me longer than I had expected.
			隔壁的男孩常常晚回家。		The boy who lives next door often comes home late.
			住在隔壁的男孩常常很晚回来。		The boy who lives next door often comes home late.
			在巴黎待得越久，我就越喜欢巴黎。		The longer I stayed in Paris, the more I liked it.
			那个团体为难民们提供食品供给。		The organization furnished the refugees with food.
			流经伦敦的河是泰晤士河。		The river that flows through London is the Thames.
			这场谈论即将对污染问题展开讨论。		The talks will deal with the problem of pollution.
			火山突然喷发，造成了多人死亡。		The volcano erupted suddenly, killing many people.
			总有一些人不讲理。		There are always some people who are unreasonable.
			这家里应该没有男人才对。		There aren't supposed to be any men in this house.
			五岁以下的小孩票价全免。		There is no admission fee for children under five.
			除了汤姆和玛丽，房间里没有人。		There was no one in the room besides Tom and Mary.
			他们不是在打架，而是在排练戏剧。		They aren't quarreling, but are rehearsing a play.
			我第一次知道这个网站。		This is the first time I've heard of this website.
			这是我所见过的最大型的构造了。		This is the most massive structure I've ever seen.
			这个理论对我来说太难了，理解不了。		This theory is too difficult for me to comprehend.
			汤姆和玛丽都会没事的，对吗？		Tom and Mary are both going to be OK, aren't they?
			汤姆因为有很多作业不能外出。		Tom can't go out because he has a lot of homework.
			汤姆不认为有人会认出玛丽。		Tom didn't think that anyone would recognize Mary.
			汤姆不理解玛丽想说什么。		Tom doesn't understand what Mary is trying to say.
			汤姆预感到玛丽在见别人。		Tom had a hunch that Mary was seeing someone else.
			汤姆在公园的长椅上坐了将近三个小时。		Tom sat on that park bench for nearly three hours.
			汤姆应该用别的方式处理这状况。		Tom should have handled the situation differently.
			汤姆告诉玛丽雪可能会下一整天。		Tom told Mary that it would probably snow all day.
			汤姆说过，如果我想要的话他可以把这本书给我。		Tom told me he'd give me that book if I wanted it.
			汤姆告诉我他明天不来上学。		Tom told me that he won't come to school tomorrow.
			汤姆醉得连我都认不出来了。		Tom was so drunk that he didn't even recognize me.
			汤姆不敢再到这里露面。		Tom wouldn't dare show his face around here again.
			两个男人在检查汽车出了什么故障。		Two men are checking on what's wrong with the car.
			很抱歉，我们不能接受你的要求。		We are sorry we are unable to accept your request.
			我们应该告诉孩子怎么保护自己。		We should tell children how to protect themselves.
			我们起得很早为了看到日出。		We woke up very early in order to see the sunrise.
			我们要快点处理这问题。		We've got to do something about this problem soon.
			如果你有一万美元，你想做什么呢？		What would you do if you had ten thousand dollars?
			你记事情的能力并不比我好多少。		You are no better at remembering things than I am.
			你似乎并不像汤姆看起来那样害怕。		You don't seem to be as afraid as Tom seems to be.
			你要注意不要太自信。		You should be careful not to become overconfident.
			你想通过做那件事而得到原谅是吗？		You want to be excused from doing that, don't you?
			你最好立刻去看你的家庭醫生。		You'd better go to see your family doctor at once.
			你会发现难以满足她。		You'll find it difficult to meet her requirements.
			你工作太勤奋了。休息一会吧。		You're working too hard. Take it easy for a while.
			你去哪儿了？我去了理发店。		"""Where have you been?"" ""I've been to the barber's."""
			学术造假比你想象的普遍。		Academic fraud is more common than you might think.
			你只要说句话，我就走。		All you have to do is say the word, and I'll leave.
			你的意思是你不想去汤姆的派对？		Are you saying you don't want to go to Tom's party?
			他一坐下，就拿起了電話。		As soon as he sat down, he picked up the telephone.
			汤姆告诉你他昨天为什么不去学校了吗？		Did Tom tell you why he wasn't at school yesterday?
			汤姆昨天告诉你他为什么不去学校了吗？		Did Tom tell you why he wasn't at school yesterday?
			除非你有什么值得说的话要说，否则就别吭声。		Don't speak unless you have something worth saying.
			在光滑的路上开车会导致车祸。		Driving on a slippery road can lead to a car wreck.
			大象是如今现存的陆生动物里最大的。		Elephants are the largest land animals alive today.
			我每次去他家，他都不在家。		Every time I went to his house, he was not at home.
			他没有接电话，所以我给他发了封邮件。		He didn't answer the phone, so I sent him an email.
			他把一百万美元分给他五个儿子。		He divided one million dollars among his five sons.
			他无权干涉我们的家庭事务。		He has no right to interfere in our family affairs.
			不提英语，他还会说德语和法语。		He knows German and French, not to mention English.
			他说他没有进房间，那是骗人的。		He said he did not enter the room, which was a lie.
			你跟你的女朋友见面以来有多久了？		How long has it been since you saw your girlfriend?
			如无必要我也不会打的。		I don't use taxis unless it's absolutely necessary.
			除了雨天，我都是骑车去上班的。		I go to the office by bicycle except on rainy days.
			我想你听说今天早上发生什么了。		I guess you heard about what happened this morning.
			我很讨厌有女的说：“男人都一样”。		I hate it when women say that all men are the same.
			我喜欢橄榄球，但不像我喜欢篮球那么喜欢。		I like rugby, but not as much as I like basketball.
			我对自己发誓今后不会再那么做。		I promised myself that I would never do that again.
			我觉得一部电影比任何书都有趣。		I think a movie is more entertaining than any book.
			我认为一部电影的乐趣远胜于任何一本书。		I think a movie is more entertaining than any book.
			我说过让你离我的电脑远一点的。		I thought I told you to stay away from my computer.
			我知道你不自在，但别急。		I understand that you feel uneasy, but don't worry.
			我想问汤姆他在印度生活了多久。		I wanted to ask Tom how long he had lived in India.
			我在想你今天会不会来。		I was wondering if you were going to show up today.
			我想在买之前先试试这个新机型。		I'd like to try out this new model before I buy it.
			除非他们事先修好刹车，我才会买车子。		I'll only buy the car if they fix the brakes first.
			我现在在去车站见汤姆的路上。		I'm on my way to meet Tom at the station right now.
			我已经告诉了汤姆玛丽住院了。		I've already told Tom that Mary is in the hospital.
			如果没有太阳，那所有生物都会死。		If there was no sun, all the animals would be dead.
			如果你不能有孩子，你总能领养。		If you can't have children, you could always adopt.
			人们相信鲸有他们自己的语言。		It is believed that whales have their own language.
			不可能短时间内学会英语。		It is impossible to master English in a short time.
			花了很久才能听懂她在说什么。		It took a long time to take in what she was saying.
			要都解释的话，需要一辈子的时间。		It would take forever for me to explain everything.
			这个月一直都很热，但今天是个例外。		It's been hot this month, but today's an exception.
			学习外语里的俚语很有趣。		It's fun to learn slang words in foreign languages.
			从他的外表来看，他应该是个有钱人。		Judging from his appearance, he must be a rich man.
			放開我的手臂！我不能忍受有人碰我。		Let go of my arm! I can't stand people touching me.
			今天许多学校因为风暴停课。		Many schools are closed today because of the storm.
			玛丽性格很好，就像她姐姐一样。		Mary has as attractive a personality as her sister.
			直到会议结束之前都没人注意到她不在。		No one noticed her absence until the meeting ended.
			这个国家的主要产品之一是咖啡。		One of the main products of this country is coffee.
			请在建筑的入口处等我。		Please wait for me at the entrance of the building.
			请写信告诉我你们学校的情况。		Please write to me about conditions at your school.
			下周工厂可能会关。		Possibly the factory will be closed down next week.
			好多朋友和熟人来了。		Quite a lot of friends and acquaintances have come.
			有關癌症成因的研究耗費頗巨。		Research on the causes of cancer is very expensive.
			她几分钟前熨完了衣服。		She finished ironing the clothes a few minutes ago.
			她锻炼时扭伤了脚踝。		She twisted her ankle while she was doing exercise.
			她已经无法用语言表达她的感觉了。		She was at a loss for words to express her feeling.
			她给他写了一封长信，但是他没有看。		She wrote him a long letter, but he didn't read it.
			熬夜是皮肤的大敌。		Staying up late at night is very bad for your skin.
			不要让自己因为一些小事而烦躁了。		Stop getting yourself worked up over little things.
			不要让自己因为一些小事就方寸大乱了。		Stop getting yourself worked up over little things.
			那个孩子可能在回家的路上被绑架了。		That child may have been kidnapped on his way home.
			亚马逊河有很多支流。		The Amazon is fed by a large number of tributaries.
			冷战以苏联解体结束。		The Cold War ended when the Soviet Union collapsed.
			美国的自然资源很丰富。		The United States is abundant in natural resources.
			赤道把地球分为两个半球。		The equator divides the earth into two hemispheres.
			老人在骡子的背上放上了一个个装满了沙的袋子。		The old man loaded his mule with bags full of sand.
			平行四边形的对边平行。		The opposite sides of a parallelogram are parallel.
			医生给他的病人开了一些药。		The physician prescribed his patient some medicine.
			警察收集了很多对他不利的证据。		The police assembled a lot of evidence against him.
			今天的天空是我看過最藍的天空。		The sky today is the bluest that I've ever seen it.
			矛尖浸在一種致命的毒藥裡。		The tip of the spear was dipped in a deadly poison.
			偶尔，我觉得你是一个很有趣的人。		There are times when I find you really interesting.
			这里已经两周没下雨了。		There has been no rain here for the past two weeks.
			图片的背景是一座城堡。		There is a castle in the background of the picture.
			我家后面曾经有棵大樱桃树。		There used to be a big cherry tree behind my house.
			冰箱裡有一瓶白葡萄酒。		There's a bottle of white wine in the refrigerator.
			他们甚至没办法写自己的名字。		They didn't even know how to write their own names.
			这家公司在巴黎证券交易所上市了。		This company is listed on the Paris stock exchange.
			这本导游册子或许会对你的旅行有帮助。		This guidebook might be of use to you on your trip.
			据我所知，这个谣言不是真的。		To the best of my knowledge, the rumor is not true.
			汤姆和我的共同点比我想的要多。		Tom and I have a lot more in common than I thought.
			汤姆不能决定买丰田还是福特。		Tom can't decide whether to buy a Toyota or a Ford.
			汤姆小心翼翼地把刀子上的指纹擦掉。		Tom carefully wiped his fingerprints off the knife.
			汤姆来自澳大利亚，玛丽来自新西兰。		Tom is from Australia and Mary is from New Zealand.
			汤姆把他的太阳镜留在我的车的仪表板上了。		Tom left his sunglasses on the dashboard of my car.
			汤姆跟我说我不应该晚上一个人出门。		Tom told me that I shouldn't go out alone at night.
			汤姆很经常在午饭后小憩一小时。		Tom very often takes a nap for an hour after lunch.
			玛丽建议汤姆不要独自去。		Tom was advised by Mary not to go there by himself.
			水是液体。冻起来就成了固体。		Water is liquid. When it freezes, it becomes solid.
			我们本该考虑一下行程。		We should've taken the schedule into consideration.
			我们星期五傍晚在我们的地盘开派对。		We're throwing a party Friday evening at our place.
			当我回到家的时候，我妹妹正在弹吉他。		When I came home, my sister was playing the guitar.
			当我进入那个房间的时候，她正在弹钢琴。		When I entered the room, she was playing the piano.
			药物的作用还不确定。		Whether the medicine will work or not is uncertain.
			如果他当时再努力一点，他就成功了。		With a little more effort, he would have succeeded.
			在她的帮助下，我的法语逐渐进步了。		With her help, my French improved little by little.
			你工作得太辛苦了。放輕鬆一下。		You are working too hard. Take it easy for a while.
			那个药的话没有处方是买不到的。		You can't buy this medicine without a prescription.
			你在簽字前必須仔細看合同。		You must look over the contract before you sign it.
			你比以前更容易上課遲到了。		You've been late for school more often than before.
			喝醉的驾驶员对车祸有责任。		A drunk driver was responsible for the car accident.
			在那个时候，汤姆正坐在玛丽和约翰中间。		At that time, Tom was sitting between Mary and John.
			确保亲自填写注册表格。		Be sure to fill out the registration form in person.
			你能把你的自行车借我两天吗？		Could you lend me your bicycle for a couple of days?
			您知道这座庙宇供奉的是哪个神吗？		Do you know which deity this temple is dedicated to?
			不要逐字逐句的把英文翻譯成日文。		Don't translate English into Japanese word for word.
			外国投资者从美国收回他们的钱。		Foreign investors withdrew their money from America.
			他有一个妻子和两个孩子要养活。		He has a wife and two young children to provide for.
			他已经不是我最初见他那时的那个人了。		He is not the man that he was when I first knew him.
			他甚至没说再见就离开了家。		He left the house without so much as saying goodbye.
			他一定没有多考虑就说了。		He must have said so without giving it much thought.
			他被人发现倒在厨房的地板上，不省人事。		He was found lying unconscious on the kitchen floor.
			嗨，我可能没钱，但我一直有我的骄傲。		Hey, I may have no money, but I still have my pride.
			他儿子的犯罪行为给他带来了很大的痛苦。		His son's criminal activities caused him great pain.
			汤姆是怎么说服玛丽照顾他的小孩的呢？		How did Tom talk Mary into babysitting his children?
			由于噪音，我无法集中精力工作了。		I can't concentrate on my work because of the noise.
			我无法取代她做英语老师。		I can't take the place of her as an English teacher.
			我打算在澳大利亚过新年。		I plan to spend the New Year's holiday in Australia.
			我觉得吃完那块大牛排你就饱了。		I thought you'd be full after eating that big steak.
			童年时我会去海里游泳。		I used to go swimming in the sea when I was a child.
			我写了封信，叫他早点回。		I wrote a letter asking him to return a bit earlier.
			我想在紐約的第五大道購物。		I'd like to do shopping on Fifth Avenue in New York.
			我真的很抱歉，我好像弄丢了你的雨伞。		I'm really sorry. I seem to have lost your umbrella.
			非常感谢你所做的一切。		I'm very grateful for everything you've done for me.
			我想看那電影想好久了。		I've been wanting to see that movie for a long time.
			我为这家报社工作四年了。		I've been working for this newspaper for four years.
			若我是隱形的，就不用穿衣服了。		If I were invisible I wouldn't have to dress myself.
			万一我来晚的话，就别等我了。		If by any chance I'm late, please don't wait for me.
			如果值得一做，就值得做好。		If it is worth doing at all, it is worth doing well.
			如果你需要字典，我就把我旧的借给你。		If you need a dictionary, I can lend you my old one.
			万一有紧急情况，联系我的代理人。		In case of an emergency, get in touch with my agent.
			我有必要向他解释原因吗？		Is it necessary for me to explain the reason to him?
			要看东京的景物只花几天时间是很难的。		It is hard to see the sights of Tokyo in a few days.
			从这里坐车，要花两个小时才能到我叔叔家。		It's a two-hour drive from here to my uncle's house.
			都十一点了，你该上床睡觉了。		It's already eleven. It's high time you were in bed.
			三更半夜不睡觉，你在干嘛呢？		It's the middle of the night. Why aren't you asleep?
			日本是世界高科技产业的领头人。		Japan is a leader in the world's high-tech industry.
			闭着你的眼睛直到我告诉你睁开为止。		Keep your eyes closed until I tell you to open them.
			昨天晚上，我没刷牙就去睡觉了。		Last night, I went to bed without brushing my teeth.
			明早八点车站见。		Let's meet at the station at eight tomorrow morning.
			我爸爸已经戒烟戒酒了。		My father has already given up smoking and drinking.
			我的手抖得太厉害，没法穿针了。		My hands were shaking too much to thread the needle.
			父母教育他们的孩子说谎是不好的。		Parents teach their children that it's wrong to lie.
			人应该明白世界在变。		People should understand that the world is changing.
			很幸运地，我在机场遇到了我的老朋友。		Quite by chance, I met my old friend at the airport.
			她用铅笔在纸上画了一个圈。		She drew a circle on a piece of paper with a pencil.
			她把信从日语译成法语。		She translated the letter from Japanese into French.
			她挥着她的手，直到火车消失在视线之外。		She waved her hand until the train was out of sight.
			因为我付不了租金，我就向他请求帮助。		Since I couldn't pay the rent, I asked him for help.
			既然母亲病了，我就待在家里没去上学。		Since my mother was sick, I stayed home from school.
			互联网是一种无法估量的信息资源。		The Internet is an invaluable source of information.
			董事会一致决定任命她为执行总裁。		The board unanimously decided to appoint her as CEO.
			澳大利亚的首都是堪培拉，不是墨尔本。		The capital of Australia is Canberra, not Melbourne.
			湖上的冰太薄了，承受不了你的重量。		The ice on the lake is too thin to bear your weight.
			這艘船逆風而行緩慢前進。		The ship made slow progress against the strong wind.
			学生们在探讨语言和文化。		The students are talking about language and culture.
			小镇被暴风雨后的洪水摧毁了。		The town was destroyed by the flood after the storm.
			风刮得太猛，他们没法在公园里玩了。		The wind blew too hard for them to play in the park.
			世界上有超過八十萬的巴斯克語使用者。		There are over 800,000 Basque speakers in the world.
			世界上有超過八十萬的人說巴斯克語。		There are over 800,000 Basque speakers in the world.
			汤姆和玛丽手牵着手，一起欣赏风景。		Tom and Mary admired the scenery as they held hands.
			汤姆和朋友们打了整个下午篮球。		Tom and his friends played basketball all afternoon.
			汤姆本可以用更好的方式处理问题。		Tom could've dealt with the problem in a better way.
			汤姆捐一半他的薪水给他最喜欢的慈善机构。		Tom donates half his salary to his favorite charity.
			汤姆正要为我们铲掉屋顶上的雪。		Tom is going to shovel the snow off the roof for us.
			汤姆说他还没把事情完全搞明白。		Tom said that he didn't have it all figured out yet.
			汤姆每天都花八个小时看电脑。		Tom sits in front of his computer eight hours a day.
			不幸的是，我必须每天早起。		Unfortunately, I have to get up early every morning.
			我们必须考虑到他很年轻。		We must take into account the fact that he is young.
			你觉得我明天约会穿什么好呢？		What do you think I should wear on my date tomorrow?
			他小时候，星期天会去钓鱼。		When he was a child, he would go fishing on Sundays.
			为什么大家突然对我这么好？		Why is everyone being so nice to me all of a sudden?
			早知如此，就不应该借钱给他。		You should have known better than to lend him money.
			缓期执行在最后关头决定了下来。		A stay of execution was ordered at the eleventh hour.
			看了信之後，她把它撕成碎片。		After she had read the letter, she tore it to pieces.
			美式厨房比日式的大。		American kitchens are much bigger than Japanese ones.
			人造皮革是比不上真皮的。		Artificial leather can't compare with the real thing.
			只要好人袖手旁观，恶人就会得胜。		As long as good people do nothing, evil will triumph.
			澳大利亚是世界第五大煤炭产地。		Australia is the world's fifth-largest coal producer.
			因为堵车，我开会迟到了。		Because there was traffic, I was late to the meeting.
			均分蛋糕有些難度。		Cutting a cake into equal pieces is rather difficult.
			您觉得您无法与他人交流吗？		Do you feel like you can't connect with other people?
			你知道春卷为什么叫春卷吗？		Do you know why spring rolls are called spring rolls?
			这本杂志不要扔。我还没看呢。		Don't throw out this magazine. I haven't read it yet.
			我们每天早上到公园里遛狗。		Every morning we take the dog for a walk in the park.
			觉得渴了就喝点。		Feel free to get yourself a drink if you are thirsty.
			新鮮水果和蔬菜有益健康。		Fresh fruits and vegetables are good for your health.
			因为曾遇见过那个女孩，我马上就认出来了。		Having met the girl before, I recognized her at once.
			他从早到晚只是在抱怨。		He does nothing but complain from morning till night.
			他不是那么出色的作家我想他知道这一点。		He's not such a great writer and I think he knows it.
			我感觉你想告诉我什么事。		I get the feeling you're trying to tell me something.
			我听说你通过了入学考试。恭喜你了！		I hear you passed the entrance exam. Congratulations!
			我在回答之前必须考虑周全。		I must think over the matter before giving my answer.
			我需要你承诺你会照我说的话去做。		I need you to promise you'll do what I ask you to do.
			我不该把一整包薯片都吃完的。		I shouldn't have eaten the whole bag of potato chips.
			我是倒数第二个得知这个坏消息的。		I was the second to last person to hear the bad news.
			暑假期间，我在邮局工作。		I worked in a post office during the summer vacation.
			我想试试这件。请问哪里是试衣间？		I'd like to try this on. Where are the fitting rooms?
			我会安排一下，叫个人去你家接你。		I'll arrange for someone to pick you up at your home.
			如果有问题，请举起你的右手。		If you have a question, please raise your right hand.
			如果你需要我的建议，我很愿意告诉你。		If you need my advice, I'd be glad to give it to you.
			有没有可能汤姆不会去那儿？		Is there any chance that Tom isn't going to be there?
			据说他爸爸在外国去世了。		It is said that his father died in a foreign country.
			他来不来对我来说没区别。		It makes no difference to me whether he comes or not.
			精通一门外语需要很长时间。		It takes us a long time to master a foreign language.
			让我像这样继续下去是绝对不可能的。		It's absolutely impossible for me to go on like this.
			好久没有休一个真正的假期了。		It's been a long time since I've had a real vacation.
			报纸看完后借我看下。		Let me read the paper when you have finished with it.
			玛丽不穷，相反，她相当富裕。		Mary is not poor. On the contrary, she is quite rich.
			自从手术后，我父亲一直处于良好的状态。		My father has been in good shape since his operation.
			我爸爸坚持要我去那地方看看。		My father insisted that I should go to see the place.
			我父亲常在吃饭时看报纸。		My father will often read the newspaper during meals.
			舅舅的公司上个月推出了一款新产品。		My uncle's company launched a new product last month.
			谁也不工作。大家在看世界杯。		No one is working. Everyone's watching the World Cup.
			人们通常不喜欢他们不理解的事物。		People usually don't like what they don't understand.
			豬與人類的一些特性相同。		Pigs share certain characteristics with human beings.
			她迷路了，紧接着天开始下雨了。		She lost her way and on top of that it began to rain.
			她跑得很快是为了赶上其他成员。		She ran very fast to catch up with the other members.
			她的英語說得比班上任何人都好。		She speaks English better than any of her classmates.
			她練習英語以找更好的工作。		She's practicing English so she can get a better job.
			自从他不知道该说什么的时候，便一直沉默着。		Since he didn't know what to say, he remained silent.
			他老了，所以这任务对他来说一定很难。		Since he is old, this task must be difficult for him.
			汤姆的鞋底粘了口香糖。		Some chewing gum was stuck to the sole of Tom's shoe.
			女孩在教室的角落啜泣。		The girl was sobbing in the corner of the schoolroom.
			最后一个听我说我的主意的人认为我疯了。		The last person I told my idea to thought I was nuts.
			这位老师用试验论证了这个想法。		The teacher demonstrated the idea with an experiment.
			老师按照身高给孩子们排队。		The teacher lined the children up in order of height.
			這裡是我餘生想待的地方		This is where I want to live for the rest of my life.
			这场暴风雨并不危险。你不用担心。		This storm is not dangerous. You don't need to worry.
			汤姆和玛丽甚至经常穿同样颜色的衣服。		Tom and Mary even always wear the same color clothes.
			汤姆今天来得比往常要早一些。		Tom came a little earlier today than he usually does.
			汤姆不知道他的所作所为违反了规则。		Tom didn't know what he'd done was against the rules.
			汤姆希望玛丽不会跟约翰谈恋爱。		Tom didn't like the idea of Mary going out with John.
			汤姆不认为这是玛丽做的，是不是？		Tom doesn't really think that Mary did that, does he?
			汤姆已经在这里了，但玛丽还没到。		Tom is already here, but Mary hasn't gotten here yet.
			汤姆用尽了火柴，不能点火了。		Tom ran out of matches so he couldn't light the fire.
			汤姆说他觉得那可能永远不会发生了。		Tom said he thought that would probably never happen.
			汤姆说他打扫屋子打扫了一天。		Tom said that he had been cleaning the house all day.
			我们很期待见到您和您的家人。		We are looking forward to seeing you and your family.
			虽然有三间空屋，但哪间都用不了。		We have three spare rooms, none of which can be used.
			我们必须调查医生的失踪案。		We have to look into the disappearance of the doctor.
			我们看了窗外，但什么都没看见。		We looked out the window, but we didn't see anything.
			我们得到了在这个海湾内捕鱼的特权。		We were granted the privilege of fishing in this bay.
			我要说的只能是你知我知。		What I'm about to say is strictly between you and me.
			我要告訴你的只能你我知道。		What I'm about to say is strictly between you and me.
			你今年做的最刺激的事是什么？		What's the most exciting thing you've done this year?
			他来还是不来，结果是一样的。		Whether he comes or not, the result will be the same.
			不管你选哪条路，你都能按时到那里。		Whichever route you take, you will get there in time.
			你想出去喝几杯或吃个饭吗？		Would you like to go for a drink or something to eat?
			不想說的話不用說。		You don't have to say anything you don't want to say.
			你希望汤姆能够做那件事，不是吗？		You hope that Tom will be able to do that, don't you?
			不正确的命题听起来可能符合逻辑。		An argument may be logically sound without being true.
			显然，今天什么事都有可能发生。		Apparently, there is nothing that cannot happen today.
			我之前跟你说过，那个你必须自己做。		As I told you before, you have to do that by yourself.
			当我们走到转角处，湖就映入了眼帘。		As we went around the corner, the lake came into view.
			我就只告诉你，我不喜欢我们的新队长。		Between you and me, I don't like our new team captain.
			一口气吹灭生日蛋糕上所有的蜡烛。		Blow out all the candles on the birthday cake at once.
			你可不可以帮忙除草浇花？		Could you please pull the weeds and water the flowers?
			你能提出解决问题的方法吗？		Could you possibly suggest a way to solve the problem?
			英语是当今世界上一种非常重要的语言。		English is a very important language in today's world.
			事实是倔强的，但统计是柔顺的。		Facts are stubborn things, but statistics are pliable.
			他让妹妹帮他涂他房间的墙。		He had his sister help him paint the wall of his room.
			他利用这个机会提高英语水平。		He made use of the opportunity to improve his English.
			他很快就适应了新环境。		He quickly accustomed himself to his new surroundings.
			他很快便与小区里新来的男孩交上了朋友。		He quickly made friends with the new boy on the block.
			在他父亲死后，他接管了公司。		He took care of the business after his father's death.
			从这里步行到你家要多长时间？		How long does it take from here to your house on foot?
			人平均一分钟眨几次眼睛？		How many times a minute does the average person blink?
			我深信事情会往更好的方向转变。		I am convinced that things will change for the better.
			我不理解为什么汤姆不想和我们一起走。		I can't understand why Tom doesn't want to go with us.
			我只想向自己证明我可以做到。		I just wanted to prove to myself that I could do this.
			我建议，为了礼貌起见，我们尽可能少喝。		I suggest we drink as little as possible to be polite.
			我认为我现在有足够的钱买我想要的那辆车。		I think I now have enough money to buy the car I want.
			我把他带到校区里最贵的餐馆去了。		I took him to the most expensive restaurant on campus.
			如果这歌成名，我不会太惊讶。		I wouldn't be too surprised if this song became a hit.
			我一把这本书读完了就借给你。		I'll lend you the book as soon as I'm done reading it.
			我要去购物。你要跟着来吗？		I'm going to run a couple of errands. Wanna tag along?
			我确信汤姆是唯一不会那么做的人。		I'm pretty sure Tom is the only one who can't do that.
			我肯定你会喜欢我们今晚的菜肴。		I'm sure you'll love what we have on the menu tonight.
			要是我告诉你我所知的一切，你会被惊呆的。		If I were to tell you all I know, you would be amazed.
			万一来不了，我会先给你打电话。		In case I can't come, I'll give you a call beforehand.
			这几年，科学取得了显著的进步。		In recent years, science has made remarkable progress.
			我刚才说的内容，你想补充么？		Is there anything you want to add to what I just said?
			不言自明，金钱买不到幸福。		It goes without saying that money can't buy happiness.
			两三年就想掌握法语是很困难的。		It's quite difficult to master French in 2 or 3 years.
			出去之前确认一下所有的灯都关了。		Make sure to turn off all the lights before going out.
			玛丽说她爱我，但是我并不相信她所说的话。		Mary said that she loved me, but I didn't believe her.
			现代科学技术让我们的生活更加舒适。		Modern technology has made our lives more comfortable.
			我丈夫一边吃早餐一边读报纸。		My husband reads the newspaper while eating breakfast.
			有时候，我们应该后退一步想一想。		Once in a while, we should take a step back and think.
			哲学不是我们用六个月就能学的东西。		Philosophy is not a thing one can learn in six months.
			请在被叫到名字之前坐在椅子上等候。		Please have a seat and wait until your name is called.
			请把打印机里面的空的墨粉鼓换掉。		Please replace the empty ink cartridge in the printer.
			从天上看下来，这条河像一条巨蛇。		Seen from the sky, the river looked like a huge snake.
			她用手捂住了电话的话筒。		She covered the mouthpiece of the phone with her hand.
			那是人类第一次在月球上行走。		That was the first time that a man walked on the moon.
			这部电影至少值得看两三遍。		The movie is worth seeing at least two or three times.
			警察告诉我巴士的末班车在十点出发。		The policeman told me that the last bus leaves at ten.
			那个教授讲得太快了，没有一个人听得懂。		The professor spoke too fast for anyone to understand.
			该名青年将少女从流氓团伙中救了出来。		The young man saved the girl from a bunch of hoodlums.
			他们的合同在这个月底到期。		Their contract is to run out at the end of this month.
			这两张图片之间有细致的差异。		There are subtle differences between the two pictures.
			百货商店前有个书店。		There is a bookstore in front of the department store.
			以前我家前面有棵大松树。		There used to be a big pine tree in front of my house.
			他们给士兵提供了充足的食物和水。		They supplied the soldiers with enough food and water.
			这被认为是一件大事。		This is considered to be a matter of great importance.
			这个实验室配备了最新的计算机。		This laboratory is equipped with the latest computers.
			汤姆无论到哪里都带着照相机。		Tom always carries a camera with him wherever he goes.
			汤姆和我决定下个夏天去澳大利亚。		Tom and I have decided to go to Australia next summer.
			汤姆昨晚三点多才睡着。		Tom couldn't get to sleep till after three last night.
			汤姆去不了音乐会，因为他得工作。		Tom couldn't go to the concert because he had to work.
			汤姆似乎不想告诉我为什么他要那样做。		Tom didn't seem to want to tell me why he'd done that.
			汤姆不知道伊拉克和伊朗有什么区别。		Tom doesn't know the difference between Iraq and Iran.
			汤姆讨厌在禁烟区吸烟的人。		Tom doesn't like people who smoke in no smoking areas.
			汤姆从床上爬起来，穿上了衣服。		Tom dragged himself out of bed and put on his clothes.
			汤姆太专注于他的工作，以至于忘了吃饭。		Tom got so absorbed in his work that he forgot to eat.
			汤姆在表达自己的意见的时候总是很慌张。		Tom never felt comfortable expressing his own opinion.
			汤姆给自己浇凉水以清醒过来。		Tom poured cold water over himself to wake himself up.
			汤姆悄悄地打开了门，蹑手蹑脚地走进了房间。		Tom quietly opened the door and tiptoed into the room.
			汤姆说玛丽可能还在学法语。		Tom said that Mary was probably still studying French.
			汤姆告诉玛丽他不能做她要他做的事。		Tom told Mary he couldn't do what she asked him to do.
			你是不是有能力做到你想要完成的所有事情呢？		Were you able to do everything you wanted to get done?
			当我第一次回波士顿时，我真是孤独。		When I first came back to Boston, I was really lonely.
			在主任不在的时候，办公室由谁来负责？		Who is in charge of the office while the boss is away?
			为什么你不在这里等到我做完为止？		Why don't you wait here while I finish what I'm doing?
			在沙特阿拉伯妇女不允许开车。		Women are not permitted to drive cars in Saudi Arabia.
			你每次都继续犯同样的错误。		You continue making the same mistakes time after time.
			你必须把你的照片贴在申请书上。		You need to attach your photo to the application form.
			你本应该早点做的。现在已经没有任何办法了。		You should've done it earlier. It can't be helped now.
			“你怎么知道我的电话号码的？”“汤姆告诉我的。”		"""How did you get my phone number?"" ""Tom gave it to me."""
			根据电视新闻，一架飞机在印度坠毁了。		According to TV news, there was a plane crash in India.
			所有的马都是动物，但并非所有的动物都是马。		All horses are animals, but not all animals are horses.
			请问波士顿和悉尼之间有直飞航班吗？		Are there any direct flights between Boston and Sydney?
			别忘了一到伦敦就给我们留言啊。		Be sure to drop us a line as soon as you get to London.
			你记得自己该买蜡烛吗？		Did you remember that you were supposed to buy candles?
			你想我们先结婚还是先生孩子？		Do you want to get married first or have a child first?
			埃博拉是人类已知的最致命的病毒之一。		Ebola is one of the most virulent viruses known to man.
			在明天前完成报告几乎是不可能的。		Finishing the report by tomorrow is next to impossible.
			蔬果对平衡饮食必不可少。		Fruits and vegetables are essential to a balanced diet.
			他一点都不知道美国的民主。		He doesn't have any knowledge about American democracy.
			他好坏不分。		He doesn't know the difference between right and wrong.
			他刷新了百米短跑的世界紀錄。		His record is a new world record in the 100-meter dash.
			我经常在早饭前看一眼报纸。		I always have a look at the newspaper before breakfast.
			没法相信，汤姆没人帮助自己一个人就做到了这些。		I can't believe Tom was able to do this all by himself.
			我夏天没有空调会死。		I can't survive without air conditioning in the summer.
			我不想去那儿，他也不想。		I don't want to go there. He doesn't want to go either.
			我感觉困得几乎不能睁开我的眼睛了。		I felt so sleepy that I could hardly keep my eyes open.
			前几天我发现了一个买水果的好地方。		I found a good place to buy fruit a couple of days ago.
			我必须努力学习，才能追上其他学生。		I had to study hard to keep up with the other students.
			我知道有人认识我的可能性微乎其微。		I know that it is highly unlikely that anyone knows me.
			我期待听到你在这件事上的想法。		I look forward to hearing your thoughts on this matter.
			我从不回复陌生人发来的电子邮件。		I never answer email messages from people I don't know.
			我跟英语母语者学了四年英语。		I studied English for four years with a native speaker.
			我认为我们刚开始了解这个问题。		I think we're just beginning to understand the problem.
			我很渴，想喝点冷饮。		I was quite thirsty and wanted to drink something cool.
			我担心可能帮不了你，你需要找其他人帮忙。		I'm afraid I can't help you. You must ask someone else.
			我很惊讶，你竟然不知道他们结婚了。		I'm surprised that you don't know about their marriage.
			我决定去美国，而不是欧洲。		Instead of going to Europe, I decided to go to America.
			先熨烫领子的里面，然后是外面。		Iron the inside of collars first, and then the outside.
			电视的确有一些缺点。		It is true that television also has some disadvantages.
			这可能听起来牵强，但却是个真实的问题。		It might sound far-fetched, but this is a real problem.
			海王星繞行太陽一周要花一百六十五年。		It takes 165 years for Neptune to orbit around the sun.
			那是在我到家以后，我才不见了我的钱包。		It was not until I reached home that I missed my purse.
			你能在我们的婚礼上唱歌就太好了。		It would be wonderful if you could sing at our wedding.
			五十岁以后学一门新的语言不是那么容易。		It's not that easy to learn a new language after fifty.
			该由你来决定我们去不去那儿。		It's up to you to decide whether we'll go there or not.
			世界上许多人在挨饿。		Many people are suffering from hunger around the world.
			下午六点半到帝国酒店的大堂找我。		Meet me at the lobby of the Imperial Hotel at 6:30 p.m.
			多数人每天至少刷两次牙。		Most people brush their teeth at least two times a day.
			我弟弟非常重要。至少他认为他是。		My brother is very important. At least he thinks he is.
			着火的时候我妈妈恰好在那。		My mother happened to be there when the fire broke out.
			我太太兼職的工作賺進了一些額外的錢。		My wife's part-time job brings in a little extra money.
			因为不知道做什么，所以我向老师寻求建议。		Not knowing what to do, I asked the teacher for advice.
			仅三分之一的成员出席了会议。		Only one third of the members turned up at the meeting.
			我们老师不仅说英语，还说法语。		Our teacher doesn't just speak English, but French too.
			父母承担教育子女的责任。		Parents are responsible for their children's education.
			威廉王子是英国王位第二顺位继承人		Prince William is second in line to the English throne.
			好几间小屋被洪水孤立起来了。		Several cottages have been isolated by the flood water.
			数千人受此疾病所害。		Several thousand people became victims of this disease.
			她需要一些钱来买点东西喂她的狗。		She needed some money to buy something to feed her dog.
			能不能麻烦你告诉我去邻村怎么走？		Sorry, but can you show me the way to the next village?
			日本军队看来强大得不可阻挡。		The Japanese military forces seemed too strong to stop.
			尽管天气很冷，孩子却没有大衣穿。		The child had no overcoat on although it was very cold.
			那个我认为会通过考试的朋友失败了。		The friend who I thought would pass the exam failed it.
			政府应该加大对农业的投资。		The government should invest more money in agriculture.
			我一把孩子抱在手里，他就开始哭了。		The moment I held the baby in my arms, it began to cry.
			妈妈想念她在读大学的女儿。		The mother missed her daughter who was away at college.
			出国的人数一直在增加。		The number of people who go abroad has been increasing.
			奥运会已经开幕了。		The opening ceremony of the Olympics has already begun.
			前几天我发现了一本我父亲写的书。		The other day I discovered a book written by my father.
			警察调查事故的原因。		The police are investigating the cause of the accident.
			日本的人口比英国多。		The population of Japan is larger than that of Britain.
			收音机太响了。你不能把音量调低一点吗？		The radio is too loud. Can't you turn it down a little?
			近来咖啡的短缺造成了许多问题。		The recent coffee shortage brought about many problems.
			最近的咖啡短缺带来了许多问题。		The recent coffee shortage brought about many problems.
			演出真的很有意思，你该去看看的。		The show was very interesting. You should have seen it.
			今晚的夜空星光非常明亮。		The stars are shining very brightly in the sky tonight.
			天气预报说会下三英寸雪。		The weather report says we'll get three inches of snow.
			他說的話有一定的道理。		There is a certain amount of truth in what he's saying.
			油价上涨的可能性很高。		There is a good chance that gasoline prices will go up.
			必须有外交解决的途径。		There must be a way to arrive at a diplomatic solution.
			他们好不容易才回答了他们老师的问题。		They answered their teacher's question with difficulty.
			这是我吃过的最好的餐馆之一。		This is one of the best restaurants I've ever eaten in.
			在做喜欢的事情的时候时间过去得很快。		Time passes quickly when we're doing something we like.
			汤姆如果想通过这门课，就需要加劲学习。		Tom needs to study more if he hopes to pass this class.
			汤姆告诉我，到我生日那天我才能打开信封。		Tom told me not to open the envelope until my birthday.
			我们在探险的时候遇到了很多困难。		We encountered a lot of difficulties on the expedition.
			当她发现他们还没有学校，她就办了一个。		When she saw that they had no schools, she started one.
			我们小时候，所有的一切对我们来说都显得那么大。。。		When we're children, everything around us looks so big.
			你成功与否取决于你自身的努力。		Whether you succeed or not depends on your own efforts.
			你能帮我给这些人分发节目单吗？		Will you help me give out the programs to those people?
			你最好在年轻的时候多读点书。		You had better read a lot of books while you are young.
			在你上床睡覺之前，你必須把鬧鐘設定好。		You've got to set the alarm clock before you go to bed.
			我的一个女性朋友喜欢跟我一起去同志酒吧。		A female friend of mine loves to go to gay bars with me.
			一杯冷水在暑热的天气里十分提神。		A glass of cold water is very refreshing in hot weather.
			有时候口误对政治家来说是致命的。		A slip of the tongue is sometimes fatal to a politician.
			美国是一个自称没有社会阶层的国家。		"America likes to claim that it is a ""classless"" society."
			汤姆回家时我们已经在吃晚饭了。		By the time Tom got home, we were already eating dinner.
			哥伦布提出，向西航行可以到达印度。		Columbus argued that he could reach India by going west.
			你还和你的高中同学保持联系吗？		Do you keep in contact with your high school classmates?
			你知道从火车站到市政府有多远？		Do you know how far it is from the station to city hall?
			由于天气变差，出发延迟了。		Due to the worsening weather, the departure was delayed.
			他刚发表一系列有趣的文章。		He has just published an interesting series of articles.
			为了不错过火车，他匆匆赶往了车站。		He hurried to the station so he wouldn't miss the train.
			翻译那本书要多少钱？		How much money will it cost to get that book translated?
			你估计做那件事需要花费你多少时间呢？		How much time do you estimate it'll take you to do that?
			我不敢相信你是你们班里面最聪明的孩子。		I can't believe you were the smartest kid in your class.
			他像极了他父亲，这让我震惊。		I was surprised at his strong resemblance to his father.
			我总是想有兄弟姐妹会怎么样。		I've always wondered what it'd be like to have siblings.
			如果想了解一个国家，就必须学习这个国家的历史。		If you are to know a nation, you must learn its history.
			我们今天所认识的工业在那个时代不存在。		Industry as we know it today didn't exist in those days.
			我不能想象他会做这种事。		It is inconceivable to me that he would do such a thing.
			他们在黎明前控制住了火势。		It was before dawn that they got the fire under control.
			年轻的时候多看点好书是件好事。		It's a good thing to read good books when you are young.
			很难说明天的天气将会怎样。		It's hard to say what the weather will be like tomorrow.
			把你的失败归咎于你的父母是不对的。		It's not fair to attribute your failure to your parents.
			大房子不一定适合住。		Large houses are not necessarily comfortable to live in.
			让我来告诉你我不赞成你的理由。		Let me tell you the reasons that I don't agree with you.
			如果你不计较太多，生活会更容易些。		Life would be so much better if you didn't care so much.
			学好一门外语需要坚韧不拔的毅力。		Mastering a foreign language involves a lot of patience.
			大多数人认为计算机永远不会有思考的能力。		Most people think computers will never be able to think.
			我哥哥經常熬夜看小說。		My brother would often stay up all night reading novels.
			我爸爸现在非常专注于股市。		My father is very much involved in the stock market now.
			我母亲有驾照，但是她不开车。		My mother has a driver's license, but she doesn't drive.
			我父母去机场送我叔叔了。		My parents have gone to the airport to see my uncle off.
			无论老幼，人们都出来迎接贵客。		People, old and young, all came out to greet the guests.
			把蓝莓酱藏在享子看不到的地方。		Please hide the blueberry jam where Takako can't see it.
			收到此邮件后请尽快给我答复。		Please send me a reply as soon as you receive this mail.
			她穿著跟昨天相同的衣服。		She is wearing the same dress that she had on yesterday.
			有些人不喜欢把钱存银行。		Some people do not like to deposit their money in banks.
			有时我吸烟只是因为要给我手头点事做。		Sometimes I smoke just to give my hands something to do.
			非常感謝您昨晚美妙的晚餐。		Thank you very much for the wonderful dinner last night.
			大部分观众是年幼的儿童。		The audience was largely made up of very young children.
			船长要为乘客安全负责。		The captain is responsible for the safety of passengers.
			美国国旗的颜色是红白蓝。		The colors of the American flag are red, white and blue.
			医生坚持病人获得充分的休息。		The doctor insisted that the patient get plenty of rest.
			唯一能听到的声音是钟的滴答声。		The only sound to be heard was the ticking of the clock.
			上海的人口数量和东京相当。		The population of Shanghai is as large as that of Tokyo.
			这里人太多了。咱们换个地方吧。		There are too many people here. Let's go somewhere else.
			没时间告诉你一切你需要知道的事情。		There's no time to tell you everything you need to know.
			有件事我一直想跟你商量。		There's something I've been meaning to discuss with you.
			這些紙板盒是百分之百可回收的。		These cardboard boxes are a hundred per cent recyclable.
			這是我收過最好的禮物了。		This is the most wonderful present I have ever received.
			这首曲子对我来说太难演奏了。		This piece of music is way too difficult for me to play.
			和你说句实话，我觉得我做不到。		To be very honest with you, I don't think I can do that.
			汤姆胸痛，所以去了医院。		Tom had a pain in his chest, so he went to the hospital.
			汤姆还是在玛丽工作的那家餐馆继续工作。		Tom still works at the same restaurant where Mary works.
			明天天气晴转阵雨。		Tomorrow's weather should be sunny with occasional rain.
			我们所有人凑份子给老师买生日礼物。		We all chipped in to buy our teacher a birthday present.
			如果你愿意的话，我们可以在波士顿多待几天。		We could stay in Boston for a few more days if you like.
			我们没有足够的时间来完成手头的工作。		We didn't have enough time to finish what we were doing.
			这个月底前，我们必须交报告。		We have to turn in our reports by the end of this month.
			我们都期待看到你和你的家人。		We're all looking forward to seeing you and your family.
			我们觉得很难决定买哪一个。		We're finding it difficult deciding on which one to buy.
			如果他再努力一点，就可能已经成功了。		With just a little more effort, he would have succeeded.
			将你需要的药物写在这张纸上。		Write down the medicine you need on this piece of paper.
			以防下雨你最好带把伞。		You'd better take an umbrella with you in case it rains.
			“你什么时候回来？”“这都要看天气。”		"""When will you be back?"" ""It all depends on the weather."""
			“你什么时候回来呀？”“看一下天气怎么样再说啦。”		"""When will you be back?"" ""It all depends on the weather."""
			一个入室盗窃者趁我去旅游的时候闯入了我家。		A burglar broke into my house while I was away on a trip.
			他完成工作几分钟后，就去睡觉了。		A few minutes after he finished his work, he went to bed.
			有个女生用一个橙子跟我换了一块蛋糕。		A girl gave me an orange in exchange for a piece of cake.
			所有的医药费我大概要付多少？		About how much will I have to pay for all the treatments?
			行胜于言，但并不是所有情况都是这样。		Action speaks louder than words, but not nearly as often.
			你要做的就是按这个按钮拍照。		All you have to do is push this button to take a picture.
			我们村里所有的村民几乎彼此都是亲戚。		Almost everyone in our village is related to one another.
			银行对风险客户收取较高的贷款利息。		Banks charge higher interest on loans to risky customers.
			儿童应该远离河流。有危险。		Children should keep away from the river. It's dangerous.
			哥伦布航行至遥远的西方，去寻找一个新大陆。		Columbus sailed farther west to look for a new continent.
			你不觉得你应该给他们写一封感谢信吗？		Don't you think you ought to write them a thank-you note?
			說英語的人比說任何其他語言的人多。		English is spoken by more people than any other language.
			他对自己在美国读过书这件事感到很骄傲。		He is proud of having been educated in the United States.
			我不知道别人如何，但就我而论，我支持。		I don't know about the others, but as for me, I'm for it.
			我告诉汤姆我认为他的房子要刷漆。		I told Tom that I thought his house needed to be painted.
			我理所当然地认为她会参加我们的结婚典礼。		I took it for granted that she would come to our wedding.
			我想尽快从这个不透气的屋子里出去。		I want to move out of this cramped room as soon as I can.
			我想看看您的邮票收藏。		I would like to have a look at your collection of stamps.
			我决不会忘记去年与总统握手的情景。		I'll never forget shaking the President's hand last year.
			假如你没有这个程序，你现在就可以去下载。		If you do not have this program, you can download it now.
			万一发生火灾，打碎玻璃并按下红色按钮。		In case of fire, break the glass and push the red button.
			结果，我们在那破破烂烂的餐馆里吃了饭。		In the end, we ended up eating at that shabby restaurant.
			跟上最近潮流时尚是件非常花钱的事儿。		It is very expensive to keep up with the latest fashions.
			让卫星环绕地球的是重力。		It's gravity that makes satellites move around the Earth.
			我的父亲总是干涉我的私生活。		My father is always poking his nose into my private life.
			原谅我早上这么早给你打电话。		Please excuse me for calling you so early in the morning.
			她在伦敦的时候，曾经常去剧院。		She would often go to the theater when she was in London.
			谢谢那天晚上请我吃了饭。		Thanks very much for having me to dinner the other night.
			节日和考试碰巧在同一天。		The date of the festival coincides with that of the exam.
			门太窄了，这辆车通不过。		The gate is so narrow that the car can't pass through it.
			他们被迫杀掉他们的几匹马来吃。		They were forced to kill and eat several of their horses.
			这是我最后一次让你为我做点事了。		This is the last time I'll ask you to do anything for me.
			说实话，这对我来说有点太辣了。		To tell you the truth, this is a little too spicy for me.
			我们要你告诉我们你为什么整个上周都缺勤。		We need you to tell us why you were absent all last week.
			我们经常听说日本人工作勤奋。		We often hear it said that the Japanese are good workers.
			你在澳大利亚期间想做什么呢？		What would you like to do while you're here in Australia?
			我们有必要为上这门课买本教材吗？		Will it be necessary for us to buy a book for this class?
			为了救许多人牺牲一个人是否道德？		Would it be ethical to sacrifice one person to save many?
			你变了那么多，以至于我几乎认不出你了。		You have changed so much that I can hardly recognize you.
			今天你们俩很让人印象深刻。我为你们感到骄傲。		You've both been very impressive today. I'm proud of you.
			“您想买什么？”“我想买条狗。”		"""What would you like to buy?"" ""I would like to buy a dog."""
			真正的科学家不会这样去思考。		A true scientist would not approach the question this way.
			攀登富士山後，我得到了一首詩的靈感。		After climbing Mt. Fuji, I got the inspiration for a poem.
			你只要在这里写下你的姓名和地址就行了。		All you have to do is to write your name and address here.
			虽然我享受打保龄球，但是我最近没有去打保龄球。		Although I enjoy bowling, I haven't gone bowling recently.
			小心不要在单行道逆向行驶。		Be careful not to drive the wrong way on a one-way street.
			我只跟你说，我很快就要辞掉我现在的工作了。		Between you and me, I'm going to quit my present job soon.
			汤姆很小的时候父母就都去世了。		Both of Tom's parents passed away when he was quite young.
			电脑可以做极为复杂的工作。		Computers are capable of doing extremely complicated work.
			你真的需要提问题来知道答案吗？		Do you really need to ask the question to know the answer?
			眼下我不得不和我朋友同住这间房间。		For the time being, I must share this room with my friend.
			他这个人话不多，但总是遵守诺言。		He is a man of few words, but he always keeps his promise.
			他是世界上最伟大的科学家之一。		He is numbered among the greatest scientists in the world.
			他的成功要归结于他的辛勤工作和好运气。		He owes his success both to working hard and to good luck.
			无论我多么努力尝试，我都无法做到比她更好。		However hard I try, I can't do it any better than she can.
			我不喜欢做那个总是挤牛奶的人。		I don't like being the one who always has to milk the cow.
			我凭韧性克服了困难。		I got over the difficulty with my characteristic tenacity.
			我曾经希望我妈妈能活到我结婚的时候。		I had hoped that my mother would live until I got married.
			在医院的时候，我不得不戒烟。		I had to abstain from smoking while I was in the hospital.
			我下定决心要在三年之内达成目标。		I have made up my mind to achieve my goals in three years.
			我有那么多衣服，以至于我不知道明天穿什么了。		I have so many clothes I don't know what to wear tomorrow.
			我觉得一般滑板比轮滑鞋便宜。		I think skateboards are usually cheaper than rollerblades.
			我想喝著你最好的白酒吃這肉。		I'd like to have this meat dish with your best white wine.
			我很抱歉今天您来的时候没能见您。		I'm sorry I wasn't able to see you when you came by today.
			我一直想成为一名职业篮球运动员。		I've always wanted to be a professional basketball player.
			我从没去过纽约，我妹妹也没有。		I've never been to New York, and my sister hasn't, either.
			澳大利亚土著已经吃了上千年袋鼠。		Indigenous Australians have eaten kangaroos for millennia.
			我们去不去那儿由你来决定。		It is up to you to decide whether we will go there or not.
			圣经里有一句话，叫做“人不能只靠面包生活”。		"It says in the Bible, ""Man shall not live on bread alone."""
			他很难掩饰对自己成功的骄傲。		It was difficult for him to hide his pride in his success.
			一两天是没办法逛完东京的。		It's impossible to do the sights of Tokyo in a day or two.
			这太秘密了，连我都不知道它是关于什么的。		It's so secret that even I don't know what it's all about.
			本世纪初以来，产生了很多进步。		Many improvements have been made since this century began.
			我祖父一个人的时候，有时会自言自语。		My grandfather sometimes talks to himself when he's alone.
			令我非常伤心的是她考砸了。		She failed the examination and I was greatly disappointed.
			下车，把手放在背后。		Step out of the car and place your hands behind your back.
			那件大衣可能需要很多錢，但它值得。		That coat may have cost a lot of money, but it's worth it.
			这是我和汤姆最困惑的部分。		That was the part that Tom and I were most confused about.
			埃菲尔铁塔和卢浮宫在同一座城市。		The Eiffel Tower is in the same city as the Louvre Museum.
			奥斯卡颁奖典礼，是好莱坞最盛大的活动。		The Oscar ceremonies are Hollywood's biggest extravaganza.
			这场减价活动会持续三天，从今天开始。		The bargain sale will run for three days, beginning today.
			合同已经到手了，那就出去庆祝一下吧。		The contract is in the bag, so let's go out and celebrate.
			为抢救病人医生已尽力了。		The doctor tried every possible means to save his patient.
			火车大概会在中午前到站。		The train will probably arrive at the station before noon.
			这里曾是黑斯廷斯战役的战场。		This is the place where the battle of Hastings took place.
			要完成实验，三个月太短了。		Three months is too short a time to finish the experiment.
			汤姆不知道玛丽说的是真话还是假话。		Tom doesn't know whether Mary is telling the truth or not.
			汤姆在那间小房子里住了十多年。		Tom lived in that small house for a little over ten years.
			这个公司二分之三的雇员是工程师。		Two thirds of the employees of this company are engineers.
			建造这堵墙是为了把人隔在外面还是把他们留在里面？		Was this wall built to keep people out or to keep them in?
			去年夏天，我们在桥上看焰火看得很过瘾。		We enjoyed watching the fireworks on a bridge last summer.
			我们很遗憾地听说，汤姆没能拿到签证。		We were disappointed to hear that Tom couldn't get a visa.
			你认为日本第二高峰是哪座山？		What mountain do you think is the second highest in Japan?
			你不介意我关窗吧？我有点着凉了。		Would you mind if I shut the window? I have a slight cold.
			昨晚，烟花厂发生了爆炸。		Yesterday, an explosion occurred at the fireworks factory.
			你活着，但是却不知道为什么活着。		You will exist but you will never know what it is to live.
			所有訂購必須在今年年底前支付款項。		All subscriptions must be paid before the end of this year.
			你能大声点讲吗？我听不太清。		Could you please talk a bit louder? I can't hear very well.
			这几年对作业疗法的需求在迅速增长。		Demand for occupational therapy has surged in recent years.
			他在上个景气时期炒股攒下了一笔钱。		He amassed a fortune in stock trading during the last boom.
			他说如果他知道她的地址，他会写信给她。		He said that if he knew her address, he would write to her.
			你一天照几次镜子？		How many times a day do you look at yourself in the mirror?
			如何克服日元升高是个大问题。		How to overcome the high value of the yen is a big problem.
			我不敢相信你父母让你自己过来。		I can't believe your parents let you come here by yourself.
			说了所有我要说的话后，我感觉很轻松。		I felt quite relieved after I had said all I wanted to say.
			我在午休时间睡了一会儿，因为我太累了。		I slept a little during lunch break because I was so tired.
			我怀疑汤姆是不是真的想和玛丽一起去澳大利亚。		I wonder if Tom really wanted to go to Australia with Mary.
			我无法判断他的话是真是假。		I've no way of telling whether or not what he says is true.
			在我看来，这个问题很难解决。		In my opinion, it would be difficult to solve this problem.
			冬天有很多老人在冰上滑倒。		In the winter, many older people slip on ice and fall down.
			由医生来决定某人何时该死是对的吗？		Is it right for a doctor to decide when someone should die?
			这简直是太可惜了，他们没有买火险。		It's a crying shame that they weren't insured against fire.
			被闹钟唤醒没有被鸟唤醒的好。		It's much better to be woken by the birds than by an alarm.
			半途而废是你所能做的最糟糕的事情。		Leaving something unfinished is the worst thing you can do.
			我父亲经营外贸多年。		My father has been engaged in foreign trade for many years.
			无论怎么去想我都搞不清楚。		No matter how much I think about it, I can't understand it.
			我的一个兄弟是老师，其他都是律师。		One of my brothers is a teacher and the others are lawyers.
			记者没有犹豫地去干涉了人们的私生活。		Reporters do not hesitate to intrude into people's privacy.
			她把毛巾折叠好再放入柜子里。		She folded up the towels and put them away in the cupboard.
			带孩子团体去图书馆一点问题都没有。		Taking the group of children to the library was no problem.
			救护车把伤者送往了最近的医院。		The ambulances carried the injured to the nearest hospital.
			汤姆的主要问题是他一点幽默感都没有		The main problem with Tom is that he has no sense of humor.
			只有能提出新问题的回答才是有用的回答。		The only useful answers are those that raise new questions.
			前几天人生第一次去钓鱼了。		The other day I went fishing for the first time in my life.
			日本的人口比新西兰多。		The population of Japan is larger than that of New Zealand.
			由于下雨，我们没能上外头打网球。		The rain stopped us from being able to play tennis outside.
			这场秀棒极了，但是门票太贵了。		The show was wonderful, but the tickets were too expensive.
			不存在没有阴影的光明，也不存在没有光明的阴影。		There's no light without shade, and no shade without light.
			车子若是掉落悬崖他们早就没命了。		They'd have been killed if the car had gone over the cliff.
			汤姆在去购物的时候，几乎每次都会用信用卡。		Tom almost always uses a credit card when he goes shopping.
			汤姆确定那里会有很多人。		Tom didn't doubt that there would be a lot of people there.
			汤姆不想玛丽知道他不知道怎么做。		Tom didn't want Mary to know he didn't know how to do that.
			汤姆死在了他和玛丽结婚的那天傍晚。		Tom died in the evening of the day he and Mary got married.
			汤姆不知道拿他车库的那些废物怎么办。		Tom has no idea what to do with all the junk in his garage.
			汤姆说他做不成我们要他做的事。		Tom said he wouldn't be able to do what we asked him to do.
			汤姆记不得他在早餐吃了什么。		Tom was unable to remember what he had eaten for breakfast.
			汤姆给玛丽写了封长信，可是没有寄给她。		Tom wrote Mary a long letter, but he didn't send it to her.
			用字典查出下面词组的意思。		Use a dictionary to find the meanings of the phrases below.
			演讲者精彩的演说给我们留下了深刻的印象。		We were deeply impressed by the lecturer's eloquent speech.
			茶点过后我们接着开会。		We will continue the meeting after some light refreshments.
			汤姆醒来的时候看到玛丽在书桌前看一本书。		When Tom woke up, he found Mary reading a book at the desk.
			您能为我解释这句句子的意思吗？		Will you please explain the meaning of this sentence to me?
			汤川博士在科学研究上起了很重要的作用。		Dr. Yukawa played an important part in the scientific study.
			房间里的所有人都同时看了看自己的手表。		Everyone in the room checked their watches at the same time.
			父亲常常在空闲时间读侦探小说。		Father would often read detective stories in his spare time.
			他和许多其他人一样问了我同样的问题。		He asked me questions similar to those asked by many others.
			他撞车是因为有人在刹车上做了手脚。		He crashed his car because someone tampered with the brakes.
			他在一周前离开去往欧洲，就是说，是在五月十号。		He left for Europe a week ago, that is, on the tenth of May.
			他的包就在这儿，所以他不可能已经去了学校。		His bag is right here, so he cannot have gone to school yet.
			有空的时候，我总喜欢听古典音乐。		I always enjoy listening to classical music in my free time.
			我常常能分辨出来一个人是不是瞒着我什么事情。		I can usually tell when someone is hiding something from me.
			说服他中止旅行真是件苦差事。		I had a hard time trying to persuade him to cancel the trip.
			在我去荷兰之前，我从没见过风车。		I had never seen a windmill until I visited the Netherlands.
			我有三只狗，其中一只是公的，另外两只是母的。		I have three dogs. One is male and the other two are female.
			我规定自己在九点之后不看电视。		I make it a rule not to watch television after nine o'clock.
			我觉得我和你一起住影响了你生活的方式。		I think that our living together has influenced your habits.
			我正要离开家的时候电话响了。		I was just about to leave the house when the telephone rang.
			我想和你一起去，但是我没有时间。		I would have liked to come with you, but I didn't have time.
			在这种暑天里我宁愿呆在家也不出去。		I would rather stay at home than go out in this hot weather.
			要不是当初有内战，他们现在应该挺富裕了。		If it had not been for civil war, they would be wealthy now.
			看来我是这里唯一有能力做这件事的人。		It seems as if I'm the only person here capable of doing it.
			他对一个生病的男人说这种事真是没良心。		It was heartless of him to say such a thing to the sick man.
			道路结冰导致了很多起事故。		Many accidents resulted from the icy conditions of the road.
			比萨是种适合现在的生活方式的食物。		Pizza is the kind of food that fits into today's life style.
			有些宝宝甚至在一岁之前就学习游泳了。		Some babies learn to swim even before they are one year old.
			你应该考虑的第一件事是时间。		The first thing you have to take into consideration is time.
			交通事故的数量似乎在增长。		The number of traffic accidents seems to be on the increase.
			他们分房睡，即使他们已经结婚了。		They sleep in separate bedrooms even though they're married.
			这本书上写，大象能活过一百岁。		This book says that elephants live to be over 100 years old.
			本周公园樱花盛开。		This week the cherry blossoms in the park are in full bloom.
			汤姆把玛丽放到他的摩托车背上送到医院。		Tom took Mary to the hospital on the back of his motorcycle.
			汤姆为他的老板把一封信从法语翻译成了英语。		Tom translated a letter from French to English for his boss.
			我们没指望过他在那么短的时间里完成工作。		We did not expect him to finish the task in so short a time.
			我们认为他的生意理所当然会获得成功。		We take it for granted that he will succeed in his business.
			画这幅画的时候你脑海中浮现出了什么图像？		What image did you have in mind as you painted this picture?
			当我是个孩子的时候，我会把大部分时间都用于室内阅读。		When I was a child, I spent most of my time indoors reading.
			你可以向别人撒谎，但你不会向自己撒谎。		You can lie to everyone else, but you can't lie to yourself.
			你们该养成使用字典的习惯。		You should try to form the habit of using your dictionaries.
			“等他回来，我要让他给你打电话吗？”“是的，谢谢。”		"""Shall I have him call you when he gets back?"" ""Yes, please."""
			“洞里发生了什么？我很好奇。”“我一点也不知道。”		"""What's going on in the cave? I'm curious."" ""I have no idea."""
			为了参加划船比赛，一支新的队伍组成了。		A new team was formed in order to take part in the boat race.
			一辈子只会出现一次像这样的机会。		An opportunity like this only comes along once in a lifetime.
			贝多芬走向钢琴，坐下来并开始弹。		Beethoven went over to the piano, sat down and began to play.
			癌症如果在第一阶段被发现的话是很容易治愈的。		Cancer can be cured easily if it is found in its first phase.
			每个国家，无论贫富，都有其长，都有其短。		Every nation, rich or poor, has its strengths and weaknesses.
			他匿名向红十字捐了大笔钱。		He anonymously donated a large sum of money to the Red Cross.
			他买土地目的是要造房子。		He bought the land for the purpose of building a house on it.
			他買土地的目的是要造房子。		He bought the land for the purpose of building a house on it.
			我不喜欢茶，所以我早餐大致上都喝咖啡。		I do not like tea, so I generally drink coffee for breakfast.
			我才想起来我之前该买个面包。		I just remembered that I was supposed to buy a loaf of bread.
			今天早上在去学校的路上，我看到了一群外国人。		I saw a group of foreigners on my way to school this morning.
			我有时早上不想下床。		I sometimes just don't want to get out of bed in the morning.
			但愿我能找到在我的博客上屏蔽评论的办法。		I wish I could figure out how to disable comments on my blog.
			汤姆不管给我付多少钱，我都不会再为他工作一次。		I wouldn't work for Tom again, no matter how much he paid me.
			我已经头疼三天了，还没摆脱它。		I've had a headache for three days and I can't get rid of it.
			如果我早知道你在这儿的话，我马上就来了。		If I had known that you were here, I would have come at once.
			如果他们由于什么原因早到的话，请转达他们再等一会儿。		If for some reason they come early, please tell them to wait.
			如果他听了他医生的建议，他可能还活着。		If he had taken his doctor's advice, he might still be alive.
			合理地喂狗可以延长宠物寿命。		If you feed your dog properly, you can increase his lifespan.
			墨汁用作染料时会产生有趣的图案。		India ink produces an interesting pattern when used as a dye.
			这附近有没有可以给手机充电的地方？		Is there a place where I can charge my cellphone around here?
			天很黑，我看不清楚車牌號碼。		It was dark and I couldn't make out the license plate number.
			好久不见。听说你又换工作了？		Long time, no see. I hear that you've changed your job again.
			我的手指冻僵了，以至于无法弹钢琴了。		My fingers are so numb with cold that I can't play the piano.
			我的爷爷喜欢大清早的散步。		My grandfather is fond of taking a walk early in the morning.
			塑料代替了许多传统的原料。		Plastics have taken the place of many conventional materials.
			她真的有本事让别人做她想做的事。		She has a real knack for getting people to do what she wants.
			她朝我丢葡萄，我试着用嘴接住它们。		She tossed me grapes and I tried to catch them with my mouth.
			她每天都去探視在醫院裡的老人，除了星期天。		She visited the old man in the hospital every day but Sunday.
			由於我以前見過他一次，所以我馬上就認出他了。		Since I had met him once before, I recognized him right away.
			中小企业要勒紧裤带才能存活。		Small businesses will have to tighten their belts to survive.
			会议将在后天于东京举行。		The conference is to be held in Tokyo the day after tomorrow.
			消防车到达之前，房子就全烧了。		The house burned to the ground before the fire truck arrived.
			当汽车爆炸时，车上只有三名乘客。		There were only three passengers on the bus when it exploded.
			這把剪刀左右撇子都適用。		These scissors are suitable for left and right-handed people.
			在新加坡的街道上扔垃圾会被罚款。		They fine you in Singapore if you throw trash in the streets.
			這本小說比我上週看的那本有意思。		This novel is more interesting than the one I read last week.
			汤姆认为和经常批评他的玛丽很难相处。		Tom found Mary's constant criticism of him hard to cope with.
			汤姆还不清楚要不要上大学。		Tom is still uncertain about whether to go to college or not.
			汤姆告诉我他觉得玛丽以前住在波士顿。		Tom told me that he thought that Mary used to live in Boston.
			玛丽没料到会在约翰的聚会上见到汤姆。		Tom was the last person Mary expected to see at John's party.
			汤姆进了厨房，给自己倒了杯咖啡。		Tom went into the kitchen and poured himself a cup of coffee.
			声音大声一点，以便让坐在后边的学生能听到。		Turn the volume up so that the students at the back can hear.
			如果地球停止自传，你认为会发生什么？		What do you think would happen if the earth stopped spinning?
			在我们讨论问题的过程中，我想到了一个好主意。		While we were discussing the problem, I hit upon a good idea.
			“你对市长选举怎么看？”“我不知道。”		"""What do you think of the election for mayor?"" ""I don't know."""
			一些航班由於地震被延誤了。		A couple of flights were delayed on account of the earthquake.
			去美国旅行一次相当于她两年的工资。		A trip to America was equivalent to a two-year salary for her.
			他们争吵后，一周都没有再说话。		After they argued, they didn't speak to each other for a week.
			老龄化的人口需要更多医疗保健支出。		An aging population will require more spending on health care.
			在我六岁的时候，我第一次被带去看马戏。		At the age of six, I was taken to a circus for the first time.
			汤姆的主意我不太感兴趣，这个我们之间说说就好。		Between you and me, Tom's idea doesn't appeal to me very much.
			小孩的体温一般比大人的要高。		Children generally have a higher body temperature than adults.
			你知道伦敦交响乐团的演奏会行程吗？		Do you know the concert schedule of London Symphony Orchestra?
			事情没能如他所愿让他感到失望。		He was disappointed that things didn't turn out as he'd hoped.
			我不知道以前怎样，但现在我们有传真和电子邮件。		I don't know about the past, but now we have faxes and emails.
			我对汤姆要持之以恒地学习法语口语这件事很怀疑。		I doubt that Tom will ever learn how to speak French properly.
			我们的钱不够，所以我只好把订单取消了。		I had to cancel the order because we didn't have enough money.
			我聽到車站外的人群中有人在叫我的名字。		I heard someone in the crowd outside the station call my name.
			我本该在买下这个电动剃须刀之前试一下的。		I should have tried out this electric shaver before buying it.
			我认为辨别清楚意见和事实很重要。		I think to clearly distinguish opinion from fact is important.
			我觉得你应该多花点时间在作业上。		I think you need to spend a little more time on your homework.
			我去炸一點紅薯，然後在上面撒上糖。		I'll sauté a few sweet potatoes and sprinkle them with sugar.
			如果有人激怒你，你最好不要立刻做出反应。		If someone irritates you, it is best not to react immediately.
			要是他们没有发现，就没问题了。		If they hadn't noticed, there wouldn't have been any problems.
			知道如何使用电脑对我们来说变得很重要。		It is becoming important for us to know how to use a computer.
			相比二十年前的日本，现在的日本有了翻天覆地的变化。		Japan is now very different from what it was twenty years ago.
			现在的日本与二十年前大不相同。		Japan is now very different from what it was twenty years ago.
			语言是人们与他人交流的手段。		Language is the means by which people communicate with others.
			我爸爸参加了料理竞赛并得了第一名。		My father participated in a cooking contest and came in first.
			飲酒者不准禁入。		People who drink alcoholic beverages are not allowed to enter.
			她没有任何亲戚朋友照顾她。		She doesn't have any friends or relatives to take care of her.
			一些世界上最藍的水在火山湖。		Some of the bluest water in the world is found in Crater Lake.
			医生告诉玛丽她不能再要更多孩子了。		The doctor told Mary that she couldn't have any more children.
			全体销售人员通宵达旦地工作了一周。		The entire sales staff has worked around the clock for a week.
			绑匪告诉我我如果不独自出现他就会把汤姆杀了。		The kidnapper told me he'd kill Tom if I didn't show up alone.
			犯罪现场有三名穿制服的警察。		There were three uniformed police officers at the crime scene.
			他们互帮互助，把校庆搞得很成功。		They helped one another to make the school festival a success.
			汤姆问了玛丽一些问题，但是她拒绝回答。		Tom asked Mary some questions, but she refused to answer them.
			汤姆不喜欢人们在他孩子面前讲坏话。		Tom doesn't like it when people cuss in front of his children.
			汤姆今天早上走得很早，所以现在应该已经到波士顿了。		Tom left early this morning, so he should be in Boston by now.
			要是汤姆系上安全带的话，他就不会死的。		Tom would still be alive if he had been wearing his seat belt.
			我们有不到五分钟来疏散整栋楼的人。		We have less than five minutes to evacuate the whole building.
			我们应该不够时间在今天之内完成它。		We probably don't have enough time to finish doing that today.
			我最讨厌背诵课文了。		What I hate most of all is having to recite texts from memory.
			如果你不按照安全手续来的话，你可能会受伤的。		You may injure yourself if you don't follow safety procedures.
			孩子们在旁边的时候，你不应该说那种事。		You shouldn't say that kind of thing when children are around.
			她一聽到鈴響，就接了電話。		As soon as she heard the bell ring, she answered the telephone.
			随着时间的推移，比赛增加了规则以使之更安全。		As time went on, rules were added to the game to make it safer.
			英語是一種世界性的語言，用於世界各地。		English is a universal language and is used all over the world.
			沿着这条路直走，到第三个红绿灯的地方右转。		Go straight down this street and turn right at the third light.
			他很小心地溜出房间，以免惊醒她。		He crept out of the room very carefully to avoid waking her up.
			他还记得他妈妈发现他正在抽烟的那天。		He still remembers the day his mother found out he was smoking.
			他跟我说我很苍白，并问我怎么了。		He told me that I looked pale and asked me what the matter was.
			我不推荐在那家餐馆吃饭。食物糟糕透了。		I don't recommend eating in that restaurant. The food is awful.
			如果必要的话，我不反对付特别费用。		I have no objection to paying a special fee if it is necessary.
			如果汤姆没有做他应当做的事，请让我知道。		If Tom doesn't do what he's supposed to do, please let me know.
			如果他年轻一点，他将很适合这个职位。		If he were a little younger, he would be eligible for the post.
			化学工厂一着火就爆炸了。		Immediately after it caught fire, the chemical factory blew up.
			每个月还清信用卡负债很重要。		It makes sense to pay off your credit card balance every month.
			法语说得快，我就难以理解。		It's hard for me to understand French when it's spoken quickly.
			坏习惯一旦被养成，便不能简单地改正。		Once you've formed a bad habit, you can't get rid of it easily.
			六个人投了这份工作，但他们中没有一个被录用。		Six people applied for the job, but none of them were employed.
			这个岛的经济依靠的是渔业。		The economy of the island is dependent on the fishing industry.
			议员受到了议会道德委员会的谴责。		The senator was censured by the congressional ethics committee.
			今年的时尚潮流完全不同于去年。		This year's fashions are completely different from last year's.
			自我怀疑是聪明的第一标志。		To have doubts about oneself is the first sign of intelligence.
			汤姆每天早上至少喝三杯咖啡。		Tom always drinks at least three cups of coffee in the morning.
			汤姆不知道玛丽到底让他做什么。		Tom didn't know exactly what it was that Mary wanted him to do.
			我们联系上他们已经为时已晚。		We were unable to make contact with them until it was too late.
			如果你女朋友发现真相的话，你会有麻烦的。		You'll get into trouble if your girlfriend finds out the truth.
			“你去日本干嘛？”“去东京参加一个会议。”		"""Why are you going to Japan?"" ""To attend a conference in Tokyo."""
			“你想再来点咖啡吗？”“不，谢谢。我够了。”		"""Will you have some more coffee?"" ""No, thanks. I've had enough."""
			孩子们的衣食住行靠的是他们的父母。		Children depend on their parents for food, clothing and shelter.
			你知道显微镜和望远镜的差别吗？		Do you know the difference between a microscope and a telescope?
			每一个人都应该知法懂法，但是真正能做到的人却很少。		Everybody is supposed to know the law, but few people really do.
			他是箇非常浪漫的男朋友，每晚都給我送花。		He's a very romantic boyfriend who brings me flowers each night.
			当他老板发现真相的时候，谎言给他带来了麻烦。		His lie got him into trouble when his boss discovered the truth.
			我还记得我和你一起去野餐的时候。		I can still remember the time when we went on a picnic together.
			处理玛丽的健康问题对汤姆来说不容易。		It hasn't been easy for Tom to deal with Mary's health problems.
			我十四岁的时候，父亲死于蛛网膜下出血。		My father died of a subarachnoid hemorrhage when I was fourteen.
			没有人明白为什么大象突然攻击了它的主人。		Nobody understood why the elephant suddenly turned on its owner.
			下次去邮局的时候，请把这封信寄出去。		Please mail this letter the next time you go to the post office.
			她不愿松开我，直到我同意和她去电影院。		She wouldn't let up until I agreed to go to the movies with her.
			事故似乎和厚厚的积雪有关。		The accident seemed to have something to do with the heavy snow.
			在这个城市，白人和黑人间的争端愈演愈烈。		The conflict between blacks and whites in the city became worse.
			遭受心脏病困扰的人数增加了。		The number of people suffering from heart disease has increased.
			钱币的价值取决于所使用的金属的重量。		The value of the coins depended on the weight of the metal used.
			这显然是今年出版的最好的小说。		This is by far the best novel that has been published this year.
			数以千计的蜡烛点亮了仪式中的教堂。		Thousands of candles illuminated the church during the ceremony.
			汤姆打算暑假每天打网球。		Tom intends to play tennis every day during his summer vacation.
			汤姆说他以为需要做那件事的就只有他一个。		Tom said he thought he might be the only one who had to do that.
			汤姆说他不确定是否能做到，但是他说会尝试。		Tom says he isn't sure if he can do that, but he says he'll try.
			汤姆告诉玛丽她应该停止假装醉酒。		Tom told Mary that she should quit pretending to be intoxicated.
			汤姆告诉我今天上午他和玛丽要搬到波士顿。		Tom told us this morning that he and Mary were moving to Boston.
			那场事故让我们陷入了不寻常的局势。		We were faced with an unusual situation because of the accident.
			我们今晚会吃很多，所以我希望你没有在节食。		We're going to eat a lot tonight so I hope you're not on a diet.
			当爸爸发现你做了什么的时候，他会发疯的。		When Dad finds out what you've done, he's going to hit the roof.
			在那种地方碰到你的老师，你应该很惊讶吧。		You must've been surprised to meet your teacher in such a place.
			趁你还年轻的时候，你应该尽可能经常地这样做。		You should do that as often as you can while you're still young.
			“你明天会来我的聚会吗？”“我尽量来。”		"""Will you be at my party tomorrow night?"" ""I'll try to be there."""
			要想成功只需要无知和自信。		All you need is ignorance and confidence and the success is sure.
			澳大利亚在欧洲是最大的电能生产国之一。		Austria is one of the largest producers of electricity in Europe.
			我都快要说出他的名字了，可就是记不起来。		His name was on the tip of my tongue, but I couldn't remember it.
			我去澳大利亚旅游的时候第一次穿越了赤道。		I crossed the equator for the first time on my trip to Australia.
			好久不见了。记得上次我什么时候看见你的吗？		I haven't seen you for ages. Do you remember when I saw you last?
			希望下次我在纽约还可以有机会见到你。		I hope I will have a chance to see you next time I'm in New York.
			我当时正忙着打包，因为我两天后要去法国。		I was busy packing, because I was leaving for France in two days.
			再过两周你就可以出院了。		In another two weeks you will be able to get out of the hospital.
			万一船运迟了，我们有特别的迟到保险。		In case the shipment is delayed, we have special delay insurance.
			在学校时我学了中文是个优势。		It was an advantage having learned Chinese while I was in school.
			我的办公室在那幢灰色的六层楼的四楼。		My office is on the fourth floor of that gray six-story building.
			我花园里的一部分玫瑰是白色的，其他的是红色的。		Some of the roses in my garden are white, and the others are red.
			通常学生们喜欢理解他们问题的老师。		Students generally like a teacher who understands their problems.
			花园里树上的叶子已经完全变红了。		The leaves of the trees in the garden have turned completely red.
			这将是我环绕美国旅行中一个很好的纪念品。		This will be a good souvenir of my trip around the United States.
			请给我两张到伦敦的成人票，三张儿童票。		Two adult tickets and three children's tickets to London, please.
			汤姆真正想要的是有足够的钱给玛丽买一些花。		What Tom really wanted was enough money to buy Mary some flowers.
			让我们别来，我们就更想来了。		When we are told not to come, we become all the more eager to go.
			因为台风的关系，我的父母提早一天结束了旅行回到家。		Because of the typhoon, my parents ended their trip one day early.
			他似乎不知道我父亲和我之间的纠葛。		He seems not to be aware of the conflict between my father and me.
			因为酷暑一直持续着，请务必注意食物中毒。		Hot weather will continue, so please watch out for food poisoning.
			因为酷暑一直持续着，请谨防食物中毒。		Hot weather will continue, so please watch out for food poisoning.
			我现在要去汤姆家告诉他发生了什么。		I'm going over to Tom's house now to tell him about what happened.
			狮子是兽类之王的话，鹰就是鸟类之王。		If the lion is the king of beasts, the eagle is the king of birds.
			如果你没好话说，那就什么都别说。		If you don't have anything nice to say, don't say anything at all.
			如果你早点出门的话，你就能赶上了。		If you had left home a little earlier you would have been in time.
			尽管雨下得很大，但他还是去医院看望他的朋友了。		In spite of the heavy rain, he visited his friend in the hospital.
			看来他只有在睡觉时不吃东西。		It seems that the only time he isn't eating is when he's sleeping.
			做计划是一码事，付诸实践是另一码事。		It's one thing to make plans, but quite another to carry them out.
			知易行难。		It's one thing to make plans, but quite another to carry them out.
			我的车今天早上坏了，星期五才能修好。		My car broke down this morning and won't be repaired until Friday.
			我父親總是說天助自助者。		My father always said that heaven helps those who help themselves.
			我在国外旅行的时候，我老婆老给我打电话。		My wife often telephones me when I'm traveling in another country.
			不管我跟她说了多少次，她还是继续犯同样的错误。		No matter how often I tell her, she keeps making the same mistake.
			海豚和驯养员交流得比我们所期望的好得多。		The dolphin and trainer communicated much better than we expected.
			喜馬拉雅山脈的山峰比安地斯山脈的山峰更高。		The mountains in the Himalayas are higher than those in the Andes.
			汤姆把那个大野餐篮子放在他旁边的乘客座位上。		Tom put the large picnic basket on the passenger seat next to him.
			汤姆想要玛丽的电话号码但是被拒绝了。		Tom wanted Mary's phone number, but she refused to give it to him.
			暴风雪使得我们难以返回营地。		We found it very hard going back to our base camp in the blizzard.
			“好人不长命”是句或真或假的老话。		"""The good die young"" is an old saying which may or may not be true."
			一年过去了，但仿佛我们昨天还见过面似的。		A year has passed, but it's as if we saw each other only yesterday.
			大家都渴望知道前冠军得主发生了什么。		Everyone is anxious to know what has become of the former champion.
			叉子放在盤子的左邊，刀子放在右邊。		Forks go to the left side of the plate, and knives go to the right.
			他在城市里一直受到噪音或者其他的干扰。		He was always annoyed in the city by noises of one sort or another.
			我不是小孩子，但有时你跟我说话就好像我是小孩子一样。		I'm not a child, but sometimes you talk to me as if I were a child.
			如果你听到她讲的英语，你会以为她是美国人呢。		If you heard her speak English, you would take her for an American.
			这种天气下最好待在家里不要外出。		In this kind of weather, it's best to stay home and not go outside.
			她开始对生态学感兴趣，是受到他的影响。		It was through his influence that she became interested in ecology.
			如果我们照了汤姆的话去做这一切都是没必要的。		None of this would've been necessary if we'd followed Tom's advice.
			请不要忘记寄信前要在上面贴邮票。		Please don't forget to put a stamp on the letter before mailing it.
			她一劳永逸地告诉我，她不想再见我了。		She told me once and for all that she did not want to see me again.
			瑞士位于法国、意大利、奥地利和德国之间。		Switzerland is situated between France, Italy, Austria and Germany.
			教师用手指指着我，要我跟她走。		The teacher pointed her finger at me and asked me to come with her.
			发现了远处的灯光的旅行者欢喜不已。		The traveler was delighted at the sight of a light in the distance.
			这幅画被估价数百万元。		The value of the painting was estimated at several million dollars.
			有一分钟的沉默，然后每个人都开始尖叫。		There was a minute of silence and then everybody started screaming.
			这只是你和我之间的秘密，所以不要让它流出去。		This is a secret just between you and me, so don't let it slip out.
			这个问题让小学生解决太难了。		This problem is too difficult for primary school children to solve.
			要是你老打游戏的话，你的视力会下降的。		You're going to wreck your eyesight if you play games all the time.
			你知不知道全世界每年有多少人饿死呀？		Do you know how many people in the world starve to death every year?
			我记不起昨天查的那个词的意思了。		I can't remember the meaning of the word that I looked up yesterday.
			你明天来的时候，我就看完这本小说了。		I'll have finished reading this novel by the time you come tomorrow.
			如果两个人总是意见相同，那么他们其中一个就没必要了。		If two men always have the same opinion, one of them is unnecessary.
			根据你所说的话，我认为我们应该重新审视我们的计划。		In the light of what you told us, I think we should revise our plan.
			我今早起床时，我爸已经吃过早饭了。		My father had already finished breakfast when I got up this morning.
			我父亲有个习惯，早餐之前读报纸。		My father is in the habit of reading the newspaper before breakfast.
			我们的任务到目前为止很轻松，但从现在开始将会变得很难。		Our task has been easy so far, but it will be difficult from now on.
			死刑在美国的很多州都被废除了。		The death penalty had been done away with in many states in the USA.
			因为闪光灯坏了，他不能在黑暗中拍照。		The flash wasn't working, so he couldn't take a picture in the dark.
			汤姆让我告诉你他没有计划和你一起去波士顿。		Tom asked me to tell you he didn't plan on going to Boston with you.
			汤姆考试时没时间答完所有题。		Tom didn't have enough time to answer all the questions on the test.
			汤姆说他以为他今天能够帮玛丽的花园除草		Tom said he thought he'd be able to help Mary weed the garden today.
			汤姆最初是看门人，但现在他是公司的总裁了。		Tom started as a janitor, but he's now the president of the company.
			汤姆对玛丽说，不要浪费时间去说服约翰来帮忙。		Tom told Mary not to waste her time trying to convince John to help.
			汤姆想学拳击，但他妈妈觉得这太危险了。		Tom wants to learn boxing, but his mother thinks it's too dangerous.
			即使太阳从西边出来，我也不会改变主意。		Even if the sun were to rise in the west, I would not change my mind.
			我感情上支持，但是理性上反对。		I agree on an emotional level, but on the pragmatic level I disagree.
			我看不出有其他方法能让他接受我们的提议。		I can't think of any other way of getting him to accept our proposal.
			我想挣点钱，所以我一周打三天小时工。		I wanted to earn some money, so I worked part time three days a week.
			如果不是因为有你的帮助，我不可能完成了这个工作。		If it had not been for your help, I couldn't have completed the work.
			我们将于几分钟内降落在新东京国际机场。		In a few minutes we'll be landing at New Tokyo International Airport.
			授之以鱼，不如授之以渔。		It's better to teach someone how to fish than to give someone a fish.
			真难相信汤姆不知道玛丽爱他。		It's hard to believe Tom wasn't aware that Mary was in love with him.
			大多数美国人似乎不反对我直呼其名。		Most Americans do not object to my calling them by their first names.
			没有人会为这个旧建筑物的拆除而落泪。		Nobody's going to shed any tears if that old building gets torn down.
			她充分利用她住在伦敦的优势，提高英语。		She took full advantage of her stay in London to improve her English.
			援救人员为了找到孩子，仔细搜索了那个区域。		The rescuers searched the surroundings in hopes of finding the child.
			树高遭雷击。		The taller the tree, the more likely it is to be struck by lightning.
			没有什么比做事缺乏热情更糟。		There is nothing worse than doing something in a half-hearted manner.
			我和汤姆在公园的长椅上坐着，一边聊天一边喂着鸽子。		Tom and I sat on a bench in the park and talked while we fed pigeons.
			汤姆及时赶到了车站搭上了他想搭的那列车。		Tom got to the station in time to catch the train he wanted to catch.
			你能告诉我红茶和绿茶的区别吗？		Can you describe to me the difference between black tea and green tea?
			要是他知道会发生什么，他就会改变计划。		Had he known what was about to happen, he would have changed his plan.
			由于错过了火车，我不得不等下一班等一小时。		Having missed the train, I had to wait about an hour for the next one.
			他认为只有训练有素的演员才能够获得成功。		He thinks that only very well trained actors can be really successful.
			听说最近失业者人数正在增加		I hear that the number of the unemployed has been increasing recently.
			我认为我听懂了汤姆说的所有话，但我不确定。		I think I understood everything Tom said, but I'm not absolutely sure.
			我想你迟早会知道在桌面建立一个快捷方式是有多方便。		I think you will find it convenient to put a short-cut on the desktop.
			告訴你箇好玩的事，能驚你一下。		I've something interesting to tell you that you might find surprising.
			要是我知道会发生这种事，那我死活不同意。		If I'd known that it would come to this, I would have never consented.
			我们走的时候下着雨，到的时候有太阳。		It was raining when we left, but by the time we arrived, it was sunny.
			只凭长相的话很难区分英国人和美国人。		It's hard to tell Englishmen from Americans just by the way they look.
			激光打印机一般比喷墨打印机用起来更省钱。		Laser printers are generally cheaper to maintain than inkjet printers.
			预防措施比真正的治疗更有效。		Preventive measures are much more effective than the actual treatment.
			她认出那枚胸针是她几个月前丢失的。		She recognized the brooch as the one she had lost a few months before.
			博物馆的参观者中有少数是外国人。		There was a sprinkling of foreigners among the visitors in the museum.
			波士頓不是第一次在聖誕節下雪了。		This isn't the first time that it's snowed in Boston on Christmas Day.
			汤姆说玛丽觉得约翰下周末可能被允许那么做。		Tom said Mary thought John might be permitted to do that next weekend.
			汤姆想待在家休息而不是和他的孩子们出去远足。		Tom wanted to stay home and relax instead of hiking with his children.
			这是什么歌？我以前听过，但是我想不起歌名了。		What's this song? I've heard it before, but I can't remember the name.
			数据表明年轻人抽烟的现象没有减少。		As is evident from the data, smoking is not decreasing among the young.
			有没有一个国家比美国更提倡爱国主义？		Does any other country fan the flames of patriotism as much as America?
			她每天早上都帮母亲在厨房准备早餐。		Every morning she helps her mother to prepare breakfast in the kitchen.
			我九岁的时候问我妈妈圣诞老人是否真的存在。		I was nine years old when I asked my mom if Santa Claus really existed.
			直到我自己有了孩子我才明白了什么是母爱。		It was not until I had a baby myself that I knew what mother's love is.
			善良是聾子能聽盲人能看的語言。		Kindness is the language which the deaf can hear and the blind can see.
			玛丽哭着从学校跑回了家里，因为她的朋友捉弄了她。		Mary came home from school in tears because her friends had teased her.
			我爸爸对我的爱和照顾不比我妈妈少。		My father was no less affectionate and tender to me than my mother was.
			现在是你决定是不是真要结婚的时候。		Now's the time to decide whether you really want to get married or not.
			警察大概从一个月前就开始找被偷物品了。		The police have been searching for the stolen goods for almost a month.
			汤姆开始唱“祝你生日快乐”，然后整个餐厅的人都加入了进来。		"Tom began to sing ""Happy Birthday"" and the entire restaurant joined in."
			因为家里钱不够所以汤姆没能念大学。		Tom couldn't go to college because his family didn't have enough money.
			在学习古典音乐多年后，汤姆开始演奏爵士了。		Tom started playing jazz after studying classical music for many years.
			汤姆觉得他有机会在股市赚一大笔钱。		Tom thought he had a chance to make a lot of money on the stock market.
			他的食物供给不足的的时候，他不得不去找新的地方居住。		When his food supply ran short, he had to look for a new place to live.
			我昨晚在床上看书的时候点着灯就睡了。		While I was reading in bed last night, I fell asleep with the light on.
			“你去哪儿了？”“我去了火车站送我的一个朋友。”		"""Where have you been?"" ""I have been to the station to see a friend off."""
			在我结婚之后，我的日语水平提高了，能理解更多日语了。		After I got married, my Japanese got better and I could understand more.
			对了，前些时间你说伞不见了，现在找到了吗？		By the way, did you find the umbrella you said you'd lost the other day?
			他用哥哥送給他的刀子切開了。		He cut it with the knife that he received as a present from his brother.
			我不用曲膝就能把我的手掌放到地上。		I can place the palms of my hands on the floor without bending my knees.
			我本来预备今天去海滩的，但接着天就开始下雨了。		I was planning on going to the beach today, but then it started to rain.
			我想知道咱们是否有足够的钱给汤姆买他想要的这幅画。		I wonder whether we have enough money to buy Tom the painting he wanted.
			如果我们知道我们在做什么，那么这不能称之为研究，是吗？		If we knew what we were doing, it wouldn't be called research, would it?
			要是我们早十分钟到的话，我们就能赶上飞机了。		If we'd arrived ten minutes earlier, we would've made it onto the plane.
			如果你想去，就去好了。如果你不想去，那也没什么大不了的。		If you want to go, then go. If you don't want to, then it's no big deal.
			得不到的东西就最想得到。		It is the things that we do not possess which seem to us most desirable.
			比起少抽菸，你何不直接把菸戒了？		Rather than cutting down on cigarettes, why don't you just give them up?
			反社会者极少为他们的罪行显露懊悔或有罪恶的感觉。		Sociopaths rarely display remorse or feelings of guilt for their crimes.
			汤姆不能说明玛丽遇害那天自己在哪里。		Tom can't account for his whereabouts on the day that Mary was murdered.
			我们那时在谈论事情，但我不记得是什么了。		We were talking about something at that time, but I don't remember what.
			你不应该在社交网络上分享过多私人信息。		You shouldn't share too much private information on the social networks.
			一名伟大的战士威力显著，无需抵死奋战。		A great warrior radiates strength. He doesn't have to fight to the death.
			因为啤酒会根据麦芽含量去征税，所以发泡酒会比较便宜。		Beer is taxed according to its malt content, so low-malt beer is cheaper.
			我想您要拿到驾照根本不难。		I think you'll have very little difficulty in getting a driver's license.
			我想你要拿到驾照根本不难。		I think you'll have very little difficulty in getting a driver's license.
			我以为我们发现了绝妙的藏身之处，但警察找到了我们。		I thought we had found the perfect hiding place, but the police found us.
			我很确定，汤姆是唯一能告诉我们我们需要知道的事情的人。		I'm pretty sure Tom is the only one who can tell us what we need to know.
			她定期去看牙医，所以她很少牙痛。		She visits the dentist on a regular basis, so she seldom gets toothaches.
			让事情更糟糕的是，他没有注意到他打扰到了邻居。		To make matters worse, he isn't even conscious of annoying his neighbors.
			根据天气预报，雨季下周会开始。		According to the weather forecast, the rainy season will set in next week.
			起初他以为英语很难，如今他觉得很简单。		At first, he thought English very difficult, but now he thinks it is easy.
			所有人都屏住呼吸关注着谁会赢得总统竞选。		Everyone held their breath to see who would win the presidential election.
			我和汤姆说过那样做很危险，但他还是想那样做。		I told Tom it would be dangerous to do that, but he still wanted to do it.
			请在两点半参加在二楼会议室的会议。		Please attend the meeting in the second floor conference room at 2:30 p.m.
			汤姆在夏休回乡看望父母。		Tom returned to his hometown to visit his parents during the summer break.
			筹划旅行的时候，我们必须考虑到全家人的意愿。		We must take into account the wishes of all the family in planning a trip.
			如果你不会说英语，你就很难得到一个好的职位。		You're much less likely to get a good position if you don't speak English.
			英语现已成为世界上许多国家的通用语言了。		English has now become the common language of several nations in the world.
			假如能一个月之内还上的话，我可以把钱借给你。		I don't mind lending you the money provided you pay it back within a month.
			如果他当时再小心一点点，事故就不会发生了。		If he had been a little more careful, the accident would have been avoided.
			这电子辞典的好处就是便于携带。		The good thing about this electronic dictionary is that it's easy to carry.
			汤姆给了玛丽一盒巧克力，然后自己把全部巧克力都吃掉了。		Tom gave Mary a box of chocolates, and then ate all the chocolates himself.
			我们对这次的延迟表示抱歉，并对可能造成的不便表示遗憾。		We apologize for the delay and regret any inconvenience it may have caused.
			如果那天下雨，比赛会顺延至下一个晴天。		If it rains on that day, the game will be postponed until the next fine day.
			给你解释这为什么行不通要花很多时间。		It would take me too much time to explain to you why it's not going to work.
			该国严禁进口稀有野生动物。		The importation of rare wild animals to this country is strictly prohibited.
			忠犬八公的雕像伫立在涩谷站前。		The statue of Hachiko, the faithful dog, stands in front of Shibuya Station.
			你说玛丽很美丽，但我没有想到她是这么美丽。		You said Mary was beautiful, but I didn't think she would be this beautiful.
			尽管政府拒绝承认，它的经济政策还是失败了。		Although the government refuses to admit it, its economic policy is in ruins.
			玛丽把围裙系在她的腰上，然后把火鸡从烤箱里拿出来了。		Mary tied an apron around her waist and then took the turkey out of the oven.
			奥运会最重要的不是获胜，而是参与。		The most important thing in the Olympic Games is not winning but taking part.
			他们认为，去反驳一个不认识的人有些不礼貌。		They consider it impolite to disagree with someone they don't know very well.
			汤姆得出无论他做什么，玛丽都不会喜欢的结论。		Tom came to the conclusion that no matter what he did, Mary wouldn't like it.
			我是那种面对人群很紧张的人，所以我的演讲能力很差。		I'm the type who gets nervous in front of people, so I'm bad at speech making.
			早上起来，嗓子变得很沙哑，我想是不是感冒了。		I've had a scratchy throat since this morning. I wonder if I've caught a cold.
			世界就像是一本书，走一步等于翻了一页。		The world is just like a book, and every step you take is like turning a page.
			汤姆第一次上电视后就广受青少年的欢迎。		Tom became popular among teenagers as soon as he made his debut on the screen.
			汤姆尽了全力，但他还是不能获得比玛丽更高的等级。		Tom did the best he could, but he wasn't able to get a higher grade than Mary.
			当列车停止时，所有的乘客都想知道发生了什么。		As the train came to a halt, all of the passengers wondered what was happening.
			他的分数总比我高，尽管他学习得少一点。		His scores are always better than mine, even though he doesn't study very much.
			其实我工作并不多，但足以让我这周在办公室里忙着了。		I don't have a lot of work, but it's enough to keep me in the office this week.
			我还了从图书馆借的书，又借了些新的。		I returned the books I borrowed from the library, and I borrowed some new ones.
			我父亲的母语是法语，我母亲的是英语。		My father is a native French speaker and my mother is a native English speaker.
			文章的发表被预定在教授生日那天。		Publication of the article was timed to coincide with the professor's birthday.
			电话运营商提示来电人等候接通。		The telephone operator asked the caller to hold on until a connection was made.
			人们常说不要乱相信谣言，但说起来容易做起来难。		They say you shouldn't take rumors seriously, but that's easier said than done.
			用叉子和筷子的人经常觉得不用叉子和筷子的人不文明。		Those who use forks or chopsticks often think people who don't are uncivilized.
			那些说钱不能买来幸福的人，只是不知道上哪里去买而已。		Whoever said money can't buy happiness simply didn't know where to go shopping.
			交通事故是美国青少年死亡的主要原因。		Car accidents are the leading cause of death for teenagers in the United States.
			汤姆总是说话声音太小，我几乎听不懂他在说什么。		Tom always speaks in such a low voice that I can barely understand what he says.
			我不知道这个城市，而且我一点都不懂那里的语言。		I didn't know the city, and what's more, I couldn't speak a word of the language.
			两个孩子的年龄加起来和他们的父亲相当。		The ages of the two children put together was equivalent to that of their father.
			这把菜刀不够锋利，所以我用了我的折叠刀来切肉。		The kitchen knife wasn't sharp enough to cut the meat, so I used my pocket knife.
			对工具箱里只有一把榔头的人来说，所有的问题都像钉子。		To the man who only has a hammer in the toolkit, every problem looks like a nail.
			汤姆去河里游泳，但当他出来时，他的衣服被偷了。		Tom went swimming in the river, but when he got out, his clothes had been stolen.
			科学上，血型和性格的关联性没有被证明。		A connection between personality and blood type has not been scientifically proven.
			他衣着像个绅士，言行举止却像个小丑。		His dress is that of a gentleman, but his speech and behavior are those of a clown.
			我刚跟你的法语老师谈过话，他说你在课堂上表现得很好。		I've just spoken to your French teacher and he says you're doing well in his class.
			即使我在学校学习了三年，我仍然不擅长说法语。		Even though I studied French for three years in school, I'm not good at speaking it.
			我知道你已经等很久了，但你能再等一小会吗？		I know you've been waiting a long time, but could you wait just a little bit longer?
			如果你想做对一件事，有时候你得亲力亲为。		If you want something to be done right, sometimes you've just got to do it yourself.
			如果想與客服代表通話，請按三。		If you would like to speak to a customer service representative, please press three.
			如果系统工程师继续离开，公司的竞争优势将会被削弱。		The company's competitive edge will be eroded if system engineers continue to leave.
			访客通常在进入一户日本人家之前会被要求脱鞋。		Visitors are usually asked to remove their shoes before they enter a Japanese house.
			一个成长中的孩子如果没有充足的能量，可能需要药物治疗。		A growing child who doesn't seem to have much energy perhaps needs medical attention.
			我们的员工正在争分夺秒地修理冰暴带来的损坏。		Our employees are working around the clock to fix the damage caused by the ice storm.
			除了那些我们尝试过的政府形态，民主是最差的那种了。		Democracy is the worst form of government, except all the others that have been tried.
			一个国家纸的产量和它的文明程度密切相关。		The amount of paper produced by a country is closely related to its cultural standards.
			汤姆名义上市公司的领导。他儿子做所有重大决策。		Tom is the head of the company in name only. His son makes all the important decisions.
			我不认为汤姆会把事情的真相告诉我们。		I don't think that it's very likely that Tom will tell us the truth about what happened.
			我必须要换衣服，因为我现在穿的衣服不适合这个环境。		I had to change clothes because what I was wearing wasn't appropriate for the situation.
			汤姆告诉玛丽他想要自杀，但他没有那么做的勇气。		Tom told Mary that he was going to kill himself, but he didn't have the courage to do it.
			你觉得这本书的哪个译本比较好？法语的还是英语的？		Which translation of this book do you think is better, the French one or the English one?
			理论上说，理论和实践没有区别。但实践上说，是有的。		In theory, there is no difference between theory and practice. But, in practice, there is.
			那家馆子物美价廉，美中不足的是他们糟糕的位置。		That place's food is delicious and their prices are low. However, their location isn't good.
			这五年痛苦的癌症治疗他终于坚持下来了。		Throughout the five years of painful cancer treatments, he managed to keep a stiff upper lip.
			真的不敢相信你在吃医生叮嘱不要食用的东西。		I can't believe you are eating something the doctor has told you repeatedly you shouldn't eat.
			我觉得当汤姆发现他买来的画是赝品的时候，他会很生气。		I think Tom is going to be pretty mad when he finds out that the painting he bought is a fake.
			为了不被洪水冲走，有的人紧紧地抱着树干长达数个钟头。		Some people clung to tree branches for several hours to avoid being washed away by the floodwaters.
			我父母通常用法语对话，即使我母亲的母语是英语。		My parents usually speak to each other in French, even though my mother is a native English speaker.
			你还记得我们还在小学时你和我一起去动物园那次吗？		Do you remember the time you and I went to the zoo together when you and I were in elementary school?
			你不想涂防晒霜是你的问题，但是晒伤了不要来抱怨。		If you don't want to put on sunscreen, that's your problem. Just don't come complaining to me when you get a sunburn.
